DisNo.,Historic,Classification Key,Disaster Group,Disaster Subgroup,Disaster Type,Disaster Subtype,External IDs,Event Name,ISO,Country,Subregion,Region,Location,Origin,Associated Types,OFDA/BHA Response,Appeal,Declaration,AID Contribution ('000 US$),Magnitude,Magnitude Scale,Latitude,Longitude,River Basin,Start Year,Start Month,Start Day,End Year,End Month,End Day,Total Deaths,No. Injured,No. Affected,No. Homeless,Total Affected,Reconstruction Costs ('000 US$),"Reconstruction Costs, Adjusted ('000 US$)",Insured Damage ('000 US$),"Insured Damage, Adjusted ('000 US$)",Total Damage ('000 US$),"Total Damage, Adjusted ('000 US$)",CPI,Admin Units,GADM Admin Units,Entry Date,Last Update
2026-0253-GNB,No,nat-cli-wil-wil,Natural,Climatological,Wildfire,Wildfire (General),GLIDE:FR-2026-000055,'Tucunde' Fire,GNB,Guinea-Bissau,Sub-Saharan Africa,Africa,Bolama/Bijago,,,No,No,No,,,Km2,,,,2026,3,24,2026,3,24,,,2051,,2051,,,,,,,,,,2026-04-14,2026-07-24
2025-1054-CHL,No,nat-cli-wil-for,Natural,Climatological,Wildfire,Forest fire,GLIDE:WF-2026-000003,,CHL,Chile,Latin America and the Caribbean,Americas,"Valparaíso, Santiago Metropolitan, O’Higgins, Maule; Ránquil, San Nicolás, Coelemu, San Fabián, Quillón, and El Carmen (Ñuble); Concepción, Penco, Tomé, Santa Juana, Coronel, Florida, and Laja (Biobío), Los Lagos, Los Rios, Magallanes, Araucanía, Aysén regions",High temperatures and strong winds,,No,No,Yes,,,Km2,,,,2025,12,14,2026,1,28,23,333,21700,,22033,,,,,400000,400000,100,,,2025-12-18,2026-07-30
2026-0018-AUS,No,nat-cli-wil-wil,Natural,Climatological,Wildfire,Wildfire (General),,,AUS,Australia,Australia and New Zealand,Oceania,Victoria (New South Wales),Warm temperatures and powerful winds,Heat wave,No,No,Yes,,,Km2,,,,2026,1,6,2026,1,28,1,,780,,780,,,600000,,1000000,,,,,2026-01-09,2026-07-30
2026-0467-FRA,No,nat-cli-wil-wil,Natural,Climatological,Wildfire,Wildfire (General),,,FRA,France,Western Europe,Europe,"Le Porge, Le Temple, Saumos, Lège Cap Ferret, Marcheprime, Cestas, Saint-Jean-d’Illac, and Martignas (Gironde)","Heatwaves, strong winds, and drought-stressed vegetation",,No,No,No,,,Km2,,,,2026,7,22,2026,7,30,,126,2040,720,2886,,,,,,,,,,2026-07-23,2026-07-31
2023-0534-USA,No,nat-cli-wil-wil,Natural,Climatological,Wildfire,Wildfire (General),,Gray fire and the Oregon fire,USA,United States of America,Northern America,Americas,Spokane County (eastern Washington State),,,No,No,No,,,Km2,,,,2023,8,,2023,8,22,2,1,720,81,802,,,,,1090000,1151677,94.64462201,,,2023-08-23,2026-08-07
2026-0427-DZA,No,nat-cli-wil-wil,Natural,Climatological,Wildfire,Wildfire (General),GLIDE:WF-2026-000138,,DZA,Algeria,Northern Africa,Africa,"Annaba, Souk Ahras, Skikda, Guelma, Bouira, Médéa, Mila, Mascara, El Tarf, Jijel, Sétif, Béjaïa, Tlemcen, Saïda, Tissemsilt, Biskra and Chlef.",,,No,No,No,,,Km2,,,,2026,7,8,2026,7,22,6,,10000,,10000,,,,,,,,,,2026-07-16,2026-08-05
2025-0652-FRA,No,nat-cli-wil-wil,Natural,Climatological,Wildfire,Wildfire (General),,,FRA,France,Western Europe,Europe,"Ribaute (Aude department,)","Winds gusting to 60-70 km/h (37-43 mph), temperatures above 32 ° C and relative humidity below 25%.",,No,No,No,,,Km2,,,,2025,8,5,2025,8,9,1,25,,108,133,,,,,,,100,,,2025-08-06,2026-08-26
2025-0459-ESP,No,nat-cli-wil-for,Natural,Climatological,Wildfire,Forest fire,,,ESP,Spain,Southern Europe,Europe,"Torrefeta i Florejacs, Vilanova de l'Aguda, Calabona, Olliola and Agramunt municipalities (Lleida province)",,Heat wave,No,No,No,,,Km2,,,,2025,7,1,2025,7,2,2,1,14000,,14001,,,,,,,100,,,2025-07-03,2026-08-26
2025-0477-USA,No,nat-cli-wil-wil,Natural,Climatological,Wildfire,Wildfire (General),,'Rowena' fire,USA,United States of America,Northern America,Americas,Wasco County (Oregon),,,No,No,No,,,Km2,,,,2025,6,11,2025,6,20,,2,,168,170,,,,,10000,10000,100,,"[{""gid_2"":""USA.38.33_1"",""name_2"":""Wasco""}]",2025-07-07,2026-08-28
2025-0508-ESP,No,nat-cli-wil-wil,Natural,Climatological,Wildfire,Wildfire (General),,,ESP,Spain,Southern Europe,Europe,"Paüls municipality (Baix Ebre comarca, Tarragona province, Catalonia)",,,No,No,No,,,Km2,,,,2025,7,7,2025,7,9,1,4,18000,,18004,,,,,,,100,,,2025-07-10,2026-08-26
2025-0676-ESP,No,nat-cli-wil-wil,Natural,Climatological,Wildfire,Wildfire (General),,,ESP,Spain,Southern Europe,Europe,"Las Médulas (Castille-et-León), Zamora, Galicia region, Tarifa municipality (Cádiz province), Andalusia, Tres Cantos municipality, Community of Madrid, Extremadura and Asturias regions",Strong winds,Heat wave,No,No,Yes,,,Km2,,,,2025,8,9,2025,8,31,4,44,,,44,,,,,,,100,,,2025-08-12,2026-08-28
2001-0699-AUS,No,nat-cli-wil-lan,Natural,Climatological,Wildfire,"Land fire (Brush, Bush, Pasture)",,'Warragamba' bushfires,AUS,Australia,Australia and New Zealand,Oceania,"Sydney (Ashfield (A), Auburn (C), Bankstown (C), Botany Bay (C), Burwood (A), Canada Bay (A), Canterbury (C), Holroyd (C), Hunters Hill (A), Hurstville (C), Kogarah (C), Ku-ring-gai (A), Lane Cove (A), Leichhardt (A), Manly (A), Marrickville (A), Mosman (A), North Sydney (A), Parramatta (C), Pittwater (A), Randwick (C), Rockdale (C), Ryde (C), Strathfield (A), Sutherland Shire (A), Sydney (C), Warringah (A), Waverley (A), Willoughby (C), Woollahra (A) districts, New South Wales province), Canberra (Unincorporated ACT district, Australian Capital Territory province)",,,Yes,No,Yes,,5500,Km2,,,,2001,12,25,2002,1,13,,,4400,,4400,,,35000,63637,90000,163638,54.99938527,"[{""adm2_code"":4940,""adm2_name"":""Unincorporated ACT""},{""adm2_code"":4944,""adm2_name"":""Ashfield (A)""},{""adm2_code"":4945,""adm2_name"":""Auburn (C)""},{""adm2_code"":4948,""adm2_name"":""Bankstown (C)""},{""adm2_code"":4963,""adm2_name"":""Botany Bay (C)""},{""adm2_code"":4967,""adm2_name"":""Burwood (A)""},{""adm2_code"":4972,""adm2_name"":""Canterbury (C)""},{""adm2_code"":5020,""adm2_name"":""Holroyd (C)""},{""adm2_code"":5023,""adm2_name"":""Hunters Hill (A)""},{""adm2_code"":5024,""adm2_name"":""Hurstville (C)""},{""adm2_code"":5030,""adm2_name"":""Kogarah (C)""},{""adm2_code"":5031,""adm2_name"":""Ku-ring-gai (A)""},{""adm2_code"":5035,""adm2_name"":""Lane Cove (A)""},{""adm2_code"":5044,""adm2_name"":""Manly (A)""},{""adm2_code"":5045,""adm2_name"":""Marrickville (A)""},{""adm2_code"":5048,""adm2_name"":""Mosman (A)""},{""adm2_code"":5060,""adm2_name"":""North Sydney (A)""},{""adm2_code"":5066,""adm2_name"":""Parramatta (C)""},{""adm2_code"":5069,""adm2_name"":""Pittwater (A)""},{""adm2_code"":5073,""adm2_name"":""Randwick (C)""},{""adm2_code"":5075,""adm2_name"":""Rockdale (C)""},{""adm2_code"":5076,""adm2_name"":""Ryde (C)""},{""adm2_code"":5085,""adm2_name"":""Strathfield (A)""},{""adm2_code"":5086,""adm2_name"":""Sutherland Shire (A)""},{""adm2_code"":5104,""adm2_name"":""Warringah (A)""},{""adm2_code"":5105,""adm2_name"":""Waverley (A)""},{""adm2_code"":5109,""adm2_name"":""Willoughby (C)""},{""adm2_code"":5114,""adm2_name"":""Woollahra (A)""},{""adm2_code"":143252,""adm2_name"":""Canada Bay (A)""},{""adm2_code"":154629,""adm2_name"":""Leichhardt (A)""},{""adm2_code"":154637,""adm2_name"":""Sydney (C)""}]","[{""gid_2"":""AUS.2.1_1"",""migration_date"":""2025-12-20"",""migration_method"":""jaccard2"",""name_2"":""Unincorporated Australian Capita""},{""gid_2"":""AUS.5.101_1"",""migration_date"":""2025-12-20"",""migration_method"":""jaccard2"",""name_2"":""North Sydney""},{""gid_2"":""AUS.5.106_1"",""migration_date"":""2025-12-20"",""migration_method"":""jaccard2"",""name_2"":""Parramatta""},{""gid_2"":""AUS.5.108_1"",""migration_date"":""2025-12-20"",""migration_method"":""jaccard2"",""name_2"":""Pittwater""},{""gid_2"":""AUS.5.112_1"",""migration_date"":""2025-12-20"",""migration_method"":""jaccard2"",""name_2"":""Randwick""},{""gid_2"":""AUS.5.114_1"",""migration_date"":""2025-12-20"",""migration_method"":""jaccard2"",""name_2"":""Rockdale""},{""gid_2"":""AUS.5.115_1"",""migration_date"":""2025-12-20"",""migration_method"":""jaccard2"",""name_2"":""Ryde""},{""gid_2"":""AUS.5.120_1"",""migration_date"":""2025-12-20"",""migration_method"":""jaccard2"",""name_2"":""Strathfield""},{""gid_2"":""AUS.5.121_1"",""migration_date"":""2025-12-20"",""migration_method"":""jaccard2"",""name_2"":""Sutherland""},{""gid_2"":""AUS.5.122_1"",""migration_date"":""2025-12-20"",""migration_method"":""jaccard2"",""name_2"":""Sydney""},{""gid_2"":""AUS.5.140_1"",""migration_date"":""2025-12-20"",""migration_method"":""jaccard2"",""name_2"":""Warringah""},{""gid_2"":""AUS.5.142_1"",""migration_date"":""2025-12-20"",""migration_method"":""jaccard2"",""name_2"":""Waverley""},{""gid_2"":""AUS.5.146_1"",""migration_date"":""2025-12-20"",""migration_method"":""jaccard2"",""name_2"":""Willoughby""},{""gid_2"":""AUS.5.150_1"",""migration_date"":""2025-12-20"",""migration_method"":""jaccard2"",""name_2"":""Woollahra""},{""gid_2"":""AUS.5.19_1"",""migration_date"":""2025-12-20"",""migration_method"":""jaccard2"",""name_2"":""Botany Bay""},{""gid_2"":""AUS.5.23_1"",""migration_date"":""2025-12-20"",""migration_method"":""jaccard2"",""name_2"":""Burwood""},{""gid_2"":""AUS.5.28_1"",""migration_date"":""2025-12-20"",""migration_method"":""jaccard2"",""name_2"":""Canada Bay""},{""gid_2"":""AUS.5.29_1"",""migration_date"":""2025-12-20"",""migration_method"":""jaccard2"",""name_2"":""Canterbury""},{""gid_2"":""AUS.5.3_1"",""migration_date"":""2025-12-20"",""migration_method"":""jaccard2"",""name_2"":""Ashfield""},{""gid_2"":""AUS.5.4_1"",""migration_date"":""2025-12-20"",""migration_method"":""jaccard2"",""name_2"":""Auburn""},{""gid_2"":""AUS.5.65_1"",""migration_date"":""2025-12-20"",""migration_method"":""jaccard2"",""name_2"":""Holroyd""},{""gid_2"":""AUS.5.67_1"",""migration_date"":""2025-12-20"",""migration_method"":""jaccard2"",""name_2"":""Hunters Hill""},{""gid_2"":""AUS.5.68_1"",""migration_date"":""2025-12-20"",""migration_method"":""jaccard2"",""name_2"":""Hurstville""},{""gid_2"":""AUS.5.74_1"",""migration_date"":""2025-12-20"",""migration_method"":""jaccard2"",""name_2"":""Kogarah""},{""gid_2"":""AUS.5.75_1"",""migration_date"":""2025-12-20"",""migration_method"":""jaccard2"",""name_2"":""Ku-ring-gai""},{""gid_2"":""AUS.5.79_1"",""migration_date"":""2025-12-20"",""migration_method"":""jaccard2"",""name_2"":""Lane Cove""},{""gid_2"":""AUS.5.7_1"",""migration_date"":""2025-12-20"",""migration_method"":""jaccard2"",""name_2"":""Bankstown""},{""gid_2"":""AUS.5.81_1"",""migration_date"":""2025-12-20"",""migration_method"":""jaccard2"",""name_2"":""Leichhardt""},{""gid_2"":""AUS.5.88_1"",""migration_date"":""2025-12-20"",""migration_method"":""jaccard2"",""name_2"":""Manly""},{""gid_2"":""AUS.5.89_1"",""migration_date"":""2025-12-20"",""migration_method"":""jaccard2"",""name_2"":""Marrickville""},{""gid_2"":""AUS.5.92_1"",""migration_date"":""2025-12-20"",""migration_method"":""jaccard2"",""name_2"":""Mosman""}]",2005-12-01,2026-08-26
2025-0497-FRA,No,nat-cli-wil-wil,Natural,Climatological,Wildfire,Wildfire (General),,,FRA,France,Western Europe,Europe,"Pennes-Mirabeau municipality (Marseille, Bouches-du-Rhône)",Drought and strong winds (Mistral),,No,No,No,,,Km2,,,,2025,7,8,2025,7,9,,110,210,30,350,,,,,10000,10000,100,,,2025-07-09,2026-08-26
2025-0429-GRC,No,nat-cli-wil-for,Natural,Climatological,Wildfire,Forest fire,,,GRC,Greece,Southern Europe,Europe,"Agios Markos Vrontados, Agios Panteleimon, Kastromina, Paryfes, Gialourika, Panagia, and Voitheia (Chios Isl.)",,,No,No,Yes,,,Km2,,,,2025,6,22,2025,6,25,,,,60,60,,,,,,,100,,,2025-07-01,2026-08-26
2024-0403-USA,No,nat-cli-wil-for,Natural,Climatological,Wildfire,Forest fire,,' South Fork' and 'Salt' fires,USA,United States of America,Northern America,Americas,"Otero and Lincoln Counties (New Mexico); California, Washington states",,,No,No,Yes,,,Km2,,,,2024,6,17,2024,7,15,2,2,1500,,1502,,,800000,821050,1200000,1231575,97.43617562,"[{""adm1_code"":3218,""adm1_name"":""California""},{""adm1_code"":3261,""adm1_name"":""Washington""},{""adm2_code"":30486,""adm2_name"":""Lincoln""},{""adm2_code"":30491,""adm2_name"":""Otero""}]","[{""gid_1"":""USA.48_1"",""migration_date"":""2025-12-20"",""migration_method"":""jaccard1"",""name_1"":""Washington""},{""gid_1"":""USA.5_1"",""migration_date"":""2025-12-20"",""migration_method"":""jaccard1"",""name_1"":""California""},{""gid_2"":""USA.32.15_1"",""migration_date"":""2025-12-20"",""migration_method"":""jaccard2"",""name_2"":""Lincoln""},{""gid_2"":""USA.32.20_1"",""migration_date"":""2025-12-20"",""migration_method"":""jaccard2"",""name_2"":""Otero""}]",2024-06-21,2026-09-01
2002-0351-USA,No,nat-cli-wil-for,Natural,Climatological,Wildfire,Forest fire,,'Hayman' fire,USA,United States of America,Northern America,Americas,"Douglas, Jefferson, Park, and Teller counties (Colorado state)",,,No,No,No,,770,Km2,,,,2002,6,8,2002,7,18,6,,1500,72,1572,,,,,20000,35796,55.87169607,,,2003-07-01,2026-09-01
2026-0554-USA,No,nat-cli-wil-wil,Natural,Climatological,Wildfire,Wildfire (General),,Fire 'Hawk',USA,United States of America,Northern America,Americas,Washoe county (Nevada),,,No,No,Yes,,,Km2,,,,2026,8,23,2026,8,23,,7,,141,148,,,,,,,,,,2026-08-24,2026-09-10
2026-0504-GRC,No,nat-cli-wil-for,Natural,Climatological,Wildfire,Forest fire,,,GRC,Greece,Southern Europe,Europe,Porto Germeno (near Athène),,,No,No,No,,,Km2,,,,2026,7,31,2026,8,,2,,300,,300,,,,,,,,,,2026-08-05,2026-09-10
2026-0564-DZA,No,nat-cli-wil-wil,Natural,Climatological,Wildfire,Wildfire (General),,,DZA,Algeria,Northern Africa,Africa,"Béjaïa, Jijel et Tizi-Ouzou",Heat wave and strong winds,,No,No,No,,,Km2,,,,2026,8,26,2026,8,27,12,54,,,54,,,,,,,,,,2026-08-28,2026-09-08
2003-0518-USA,No,nat-cli-wil-for,Natural,Climatological,Wildfire,Forest fire,,'Cedar' fire,USA,United States of America,Northern America,Americas,"Fontana, Rancho Cucamonga areas (San Bernardino district, California province)",,,No,No,Yes,,1133,Km2,,,,2003,10,25,2003,11,4,15,113,,6696,6809,,,,,1331000,2329365,57.14003527,"[{""adm2_code"":28900,""adm2_name"":""San Bernardino""}]","[{""gid_2"":""USA.5.36_1"",""migration_date"":""2025-12-20"",""migration_method"":""jaccard2"",""name_2"":""San Bernardino""}]",2004-03-10,2026-09-11
2003-0518-MEX,No,nat-cli-wil-for,Natural,Climatological,Wildfire,Forest fire,,'Cedar' fire,MEX,Mexico,Latin America and the Caribbean,Americas,"Baja California, Chihuahua, Sonora provinces",,,No,No,No,,,Km2,,,,2003,10,25,2003,11,4,2,,,,,,,,,,,57.14003527,"[{""adm1_code"":2029,""adm1_name"":""Baja California""},{""adm1_code"":2033,""adm1_name"":""Chihuahua""},{""adm1_code"":2053,""adm1_name"":""Sonora""}]","[{""gid_1"":""MEX.26_1"",""migration_date"":""2025-12-20"",""migration_method"":""jaccard1"",""name_1"":""Sonora""},{""gid_1"":""MEX.3_1"",""migration_date"":""2025-12-20"",""migration_method"":""jaccard1"",""name_1"":""Baja California""},{""gid_1"":""MEX.6_1"",""migration_date"":""2025-12-20"",""migration_method"":""jaccard1"",""name_1"":""Chihuahua""}]",2014-06-23,2026-09-11
2026-0525-HRV,No,nat-cli-wil-for,Natural,Climatological,Wildfire,Forest fire,,,HRV,Croatia,Southern Europe,Europe,"Lokva Rogoznica (Split-Dalmatia County), Omis region",,,No,No,No,,,Km2,,,,2026,8,13,2026,8,14,1,40,180,,220,,,,,127570,,,,,2026-08-17,2026-09-14
2003-0030-AUS,No,nat-cli-wil-lan,Natural,Climatological,Wildfire,"Land fire (Brush, Bush, Pasture)",,,AUS,Australia,Australia and New Zealand,Oceania,"Canberra region (Unincorporated ACT district, Australian Capital Territory province); Alpine National Park and Mount Buffalo National Park in north-eastern Victoria,","High temperature, high winds, lightning strikes",,Yes,No,No,,30000,Km2,,,,2003,1,8,2003,1,21,4,150,2500,,2650,,,264000,462023,300000,525026,57.14003527,,,2004-08-12,2026-09-14
2026-0013-ARG,No,nat-cli-wil-wil,Natural,Climatological,Wildfire,Wildfire (General),,,ARG,Argentina,Latin America and the Caribbean,Americas,Chubut province (Patagonia region); Buenos Aires province,,,No,No,No,,,Km2,,,,2026,1,5,2026,1,24,,1,3000,,3001,,,,,,,,,,2026-01-08,2026-02-16
2000-0465-USA,No,nat-cli-wil-for,Natural,Climatological,Wildfire,Forest fire,,,USA,United States of America,Northern America,Americas,"Arizona, California, Colorado, Idaho, Montana, Nevada, New Mexico, Oregon, South Dakota, Texas, Utah, Washington, Wyoming, Florida, North Dakota provinces",,,No,No,No,,680000,Km2,,,,2000,7,,2000,8,,14,,1000,,1000,,,,,1000000,1869587,53.48773668,"[{""adm1_code"":3216,""adm1_name"":""Arizona""},{""adm1_code"":3218,""adm1_name"":""California""},{""adm1_code"":3219,""adm1_name"":""Colorado""},{""adm1_code"":3223,""adm1_name"":""Florida""},{""adm1_code"":3226,""adm1_name"":""Idaho""},{""adm1_code"":3240,""adm1_name"":""Montana""},{""adm1_code"":3242,""adm1_name"":""Nevada""},{""adm1_code"":3245,""adm1_name"":""New Mexico""},{""adm1_code"":3248,""adm1_name"":""North Dakota""},{""adm1_code"":3251,""adm1_name"":""Oregon""},{""adm1_code"":3255,""adm1_name"":""South Dakota""},{""adm1_code"":3257,""adm1_name"":""Texas""},{""adm1_code"":3258,""adm1_name"":""Utah""},{""adm1_code"":3261,""adm1_name"":""Washington""},{""adm1_code"":3264,""adm1_name"":""Wyoming""}]","[{""gid_1"":""USA.10_1"",""migration_date"":""2025-12-20"",""migration_method"":""jaccard1"",""name_1"":""Florida""},{""gid_1"":""USA.13_1"",""migration_date"":""2025-12-20"",""migration_method"":""jaccard1"",""name_1"":""Idaho""},{""gid_1"":""USA.27_1"",""migration_date"":""2025-12-20"",""migration_method"":""jaccard1"",""name_1"":""Montana""},{""gid_1"":""USA.29_1"",""migration_date"":""2025-12-20"",""migration_method"":""jaccard1"",""name_1"":""Nevada""},{""gid_1"":""USA.32_1"",""migration_date"":""2025-12-20"",""migration_method"":""jaccard1"",""name_1"":""New Mexico""},{""gid_1"":""USA.35_1"",""migration_date"":""2025-12-20"",""migration_method"":""jaccard1"",""name_1"":""North Dakota""},{""gid_1"":""USA.38_1"",""migration_date"":""2025-12-20"",""migration_method"":""jaccard1"",""name_1"":""Oregon""},{""gid_1"":""USA.3_1"",""migration_date"":""2025-12-20"",""migration_method"":""jaccard1"",""name_1"":""Arizona""},{""gid_1"":""USA.42_1"",""migration_date"":""2025-12-20"",""migration_method"":""jaccard1"",""name_1"":""South Dakota""},{""gid_1"":""USA.44_1"",""migration_date"":""2025-12-20"",""migration_method"":""jaccard1"",""name_1"":""Texas""},{""gid_1"":""USA.45_1"",""migration_date"":""2025-12-20"",""migration_method"":""jaccard1"",""name_1"":""Utah""},{""gid_1"":""USA.48_1"",""migration_date"":""2025-12-20"",""migration_method"":""jaccard1"",""name_1"":""Washington""},{""gid_1"":""USA.51_1"",""migration_date"":""2025-12-20"",""migration_method"":""jaccard1"",""name_1"":""Wyoming""},{""gid_1"":""USA.5_1"",""migration_date"":""2025-12-20"",""migration_method"":""jaccard1"",""name_1"":""California""},{""gid_1"":""USA.6_1"",""migration_date"":""2025-12-20"",""migration_method"":""jaccard1"",""name_1"":""Colorado""}]",2007-08-27,2025-12-20
2026-0151-CAF,No,nat-cli-wil-wil,Natural,Climatological,Wildfire,Wildfire (General),,,CAF,Central African Republic,Sub-Saharan Africa,Africa,Bezanga and Ndoubamoudou villages; Sido (Ouham Fafa prefecture),,,No,No,No,,,Km2,,,,2026,2,27,2026,2,28,,2,,1350,1352,,,,,,,,,,2026-03-06,2026-03-09
2026-0094-CMR,No,nat-cli-wil-wil,Natural,Climatological,Wildfire,Wildfire (General),,,CMR,Cameroon,Sub-Saharan Africa,Africa,"Ndaba Bergérie, Camp Lélédé, Kordo Bergérie, and later Camp Lélédé Tribune (Kolofata, Mayo‑Sava, Far North)",,,No,No,No,,,Km2,,,,2026,2,7,2026,2,7,1,15,23184,,23199,,,,,,,,,,2026-02-11,2026-03-23
2019-0640-CHL,No,nat-cli-wil-lan,Natural,Climatological,Wildfire,"Land fire (Brush, Bush, Pasture)",,,CHL,Chile,Latin America and the Caribbean,Americas,"Rocuant, San Roque (Valparaiso)",,,No,No,Yes,,,Km2,,,,2019,12,24,2019,12,26,,12,,735,747,,,,,,,79.4107846,"[{""adm2_code"":149634,""adm2_name"":""Valparaiso""}]",,2020-01-03,2023-09-25
2019-0513-USA,No,nat-cli-wil-for,Natural,Climatological,Wildfire,Forest fire,,Saddleridge fire & Sandalwood fire,USA,United States of America,Northern America,Americas,Los Angeles and Riverside counties (California),,,No,No,No,,,Km2,,,,2019,10,10,2019,10,17,3,12,312,279,603,,,,,325000,409264,79.4107846,"[{""adm2_code"":28883,""adm2_name"":""Los Angeles""},{""adm2_code"":28897,""adm2_name"":""Riverside""}]","[{""gid_2"":""USA.5.19_1"",""migration_date"":""2025-12-20"",""migration_method"":""jaccard2"",""name_2"":""Los Angeles""},{""gid_2"":""USA.5.33_1"",""migration_date"":""2025-12-20"",""migration_method"":""jaccard2"",""name_2"":""Riverside""}]",2019-10-28,2025-12-20
2020-0428-NZL,No,nat-cli-wil-for,Natural,Climatological,Wildfire,Forest fire,,,NZL,New Zealand,Australia and New Zealand,Oceania,Lake Ohau (Canterbury),High winds,,No,No,No,,,Km2,,,,2020,10,4,2020,10,5,,,195,,195,,,,,10000,12439,80.39038301,"[{""adm1_code"":2173,""adm1_name"":""Canterbury""}]","[{""gid_1"":""NZL.3_1"",""migration_date"":""2025-12-20"",""migration_method"":""jaccard1"",""name_1"":""Canterbury""}]",2020-10-15,2025-12-20
2020-0447-LBN,No,nat-cli-wil-wil,Natural,Climatological,Wildfire,Wildfire (General),GLIDE:FR-2020-000208,,LBN,Lebanon,Western Asia,Asia,"Chouf, Akkar regions","Heat wave, winds",,No,No,No,,,Km2,,,,2020,10,8,2020,10,10,,,,,,,,,,,,80.39038301,"[{""adm2_code"":18797,""adm2_name"":""Akkar""},{""adm2_code"":18809,""adm2_name"":""Chouf""}]","[{""gid_2"":""LBN.1.1_1"",""migration_date"":""2025-12-20"",""migration_method"":""jaccard2"",""name_2"":""Akkar""},{""gid_2"":""LBN.5.4_1"",""migration_date"":""2025-12-20"",""migration_method"":""jaccard2"",""name_2"":""Chouf""}]",2020-10-16,2025-12-20
2019-0428-PER,No,nat-cli-wil-for,Natural,Climatological,Wildfire,Forest fire,,,PER,Peru,Latin America and the Caribbean,Americas,,,,No,No,No,,,Km2,,,,2019,1,,2019,8,,,,,,,,,,,,,79.4107846,,,2019-10-01,2023-09-25
2019-0149-KOR,No,nat-cli-wil-for,Natural,Climatological,Wildfire,Forest fire,,,KOR,Republic of Korea,Eastern Asia,Asia,Gangwon province,,,No,No,Yes,,,Km2,,,,2019,4,4,2019,4,5,1,35,3000,,3035,,,,,,,79.4107846,"[{""adm1_code"":2437,""adm1_name"":""Kang-won-do""}]","[{""gid_1"":""KOR.6_1"",""migration_date"":""2025-12-20"",""migration_method"":""jaccard1"",""name_1"":""Gangwon-do""}]",2019-04-11,2025-12-20
2021-0357-USA,No,nat-cli-wil-wil,Natural,Climatological,Wildfire,Wildfire (General),,Telegraph and Mescal Fires,USA,United States of America,Northern America,Americas,"Pinas and Gila counties (Arizona); Montana, Utah",,,No,No,No,,,Km2,,,,2021,6,6,2021,7,4,,25,30,123,178,,,,,10000,11881,84.16698296,"[{""adm1_code"":3240,""adm1_name"":""Montana""},{""adm1_code"":3258,""adm1_name"":""Utah""},{""adm2_code"":28778,""adm2_name"":""Gila""},{""adm2_code"":28786,""adm2_name"":""Pinal""}]","[{""gid_1"":""USA.27_1"",""migration_date"":""2025-12-20"",""migration_method"":""jaccard1"",""name_1"":""Montana""},{""gid_1"":""USA.45_1"",""migration_date"":""2025-12-20"",""migration_method"":""jaccard1"",""name_1"":""Utah""},{""gid_2"":""USA.3.12_1"",""migration_date"":""2025-12-20"",""migration_method"":""jaccard2"",""name_2"":""Pinal""},{""gid_2"":""USA.3.4_1"",""migration_date"":""2025-12-20"",""migration_method"":""jaccard2"",""name_2"":""Gila""}]",2021-06-28,2025-12-20
2021-0434-ITA,No,nat-cli-wil-wil,Natural,Climatological,Wildfire,Wildfire (General),GLIDE:WF-2021-000103,,ITA,Italy,Southern Europe,Europe,"Oristano, Nuoro Provinces (Sardinia)",,,No,No,Yes,,,Km2,,,,2021,7,23,2021,7,25,,,11600,,11600,,,,,59000,70099,84.16698296,"[{""adm2_code"":18387,""adm2_name"":""Nuoro""},{""adm2_code"":18388,""adm2_name"":""Oristano""}]","[{""gid_2"":""ITA.14.4_1"",""migration_date"":""2025-12-20"",""migration_method"":""puzzle2_2"",""name_2"":""Nuoro""},{""gid_2"":""ITA.14.5_1"",""migration_date"":""2025-12-20"",""migration_method"":""puzzle2_2"",""name_2"":""Ogliastra""},{""gid_2"":""ITA.14.7_1"",""migration_date"":""2025-12-20"",""migration_method"":""jaccard2"",""name_2"":""Oristano""}]",2021-07-26,2025-12-20
2021-0504-TUN,No,nat-cli-wil-for,Natural,Climatological,Wildfire,Forest fire,GLIDE:WF-2021-000106,,TUN,Tunisia,Northern Africa,Africa,"Ain Mazer, Sakiet Sidi Youssef district, Kef governorate; Ghar Dimaa delegation, Jendouba Governorate; Kasserine",,,No,No,No,,,Km2,,,,2021,7,24,2021,8,10,,,1000,,1000,,,,,,,84.16698296,"[{""adm1_code"":3001,""adm1_name"":""Kasserine""},{""adm2_code"":39303,""adm2_name"":""Ghardimaou""},{""adm2_code"":39346,""adm2_name"":""Sakiet Sidi Youssef""}]","[{""gid_1"":""TUN.9_1"",""migration_date"":""2025-12-20"",""migration_method"":""jaccard1"",""name_1"":""Kassérine""},{""gid_2"":""TUN.11.10_1"",""migration_date"":""2025-12-20"",""migration_method"":""jaccard2"",""name_2"":""Sakiet Sidi Youssef""},{""gid_2"":""TUN.7.5_1"",""migration_date"":""2025-12-20"",""migration_method"":""jaccard2"",""name_2"":""Ghardimaou""}]",2021-08-12,2025-12-20
2018-0299-CAN,No,nat-cli-wil-for,Natural,Climatological,Wildfire,Forest fire,,,CAN,Canada,Northern America,Americas,Colombie-Britannique,,Pollution,No,No,Yes,,,Km2,,,,2018,7,,2018,8,,,,3000,,3000,,,,,,,77.99726519,"[{""adm1_code"":826,""adm1_name"":""British Columbia / Colombie-Britannique""}]","[{""gid_1"":""CAN.2_1"",""migration_date"":""2025-12-20"",""migration_method"":""jaccard1"",""name_1"":""British Columbia""}]",2018-08-16,2025-12-20
2018-0224-SWE,No,nat-cli-wil-for,Natural,Climatological,Wildfire,Forest fire,,,SWE,Sweden,Northern Europe,Europe,"Gävleborg, Jämtland, Dalarna regions",,Heat wave,No,No,No,,,Km2,,,,2018,7,8,2018,7,25,,,,,,,,,,102000,130774,77.99726519,"[{""adm1_code"":2787,""adm1_name"":""Dalarnas Laen""},{""adm1_code"":2788,""adm1_name"":""Gaevleborgs Laen""},{""adm1_code"":2791,""adm1_name"":""Jaemtlands Laen""}]","[{""gid_1"":""SWE.2_1"",""migration_date"":""2025-12-20"",""migration_method"":""jaccard1"",""name_1"":""Dalarna""},{""gid_1"":""SWE.3_1"",""migration_date"":""2025-12-20"",""migration_method"":""jaccard1"",""name_1"":""Gävleborg""},{""gid_1"":""SWE.6_1"",""migration_date"":""2025-12-20"",""migration_method"":""jaccard1"",""name_1"":""Jämtland""}]",2018-07-24,2025-12-20
2018-0224-LVA,No,nat-cli-wil-for,Natural,Climatological,Wildfire,Forest fire,,,LVA,Latvia,Northern Europe,Europe,Kurzeme,,Heat wave,No,No,No,,,Km2,,,,2018,7,18,2018,7,22,,,,,,,,,,,,77.99726519,"[{""adm1_code"":1782,""adm1_name"":""Kuldigas""},{""adm1_code"":1783,""adm1_name"":""Liepajas""},{""adm1_code"":1791,""adm1_name"":""Saldus""},{""adm1_code"":1792,""adm1_name"":""Talsu""},{""adm1_code"":1796,""adm1_name"":""Ventspils""}]","[{""gid_2"":""LVA.1.1_1"",""migration_date"":""2025-12-20"",""migration_method"":""puzzle1_2"",""name_2"":""Kuldiga""},{""gid_2"":""LVA.1.2_1"",""migration_date"":""2025-12-20"",""migration_method"":""puzzle1_2"",""name_2"":""Liepaja""},{""gid_2"":""LVA.1.3_1"",""migration_date"":""2025-12-20"",""migration_method"":""puzzle1_2"",""name_2"":""Saldus""},{""gid_2"":""LVA.1.4_1"",""migration_date"":""2025-12-20"",""migration_method"":""puzzle1_2"",""name_2"":""Talsi""},{""gid_2"":""LVA.1.5_1"",""migration_date"":""2025-12-20"",""migration_method"":""puzzle1_2"",""name_2"":""Ventspils""}]",2018-07-24,2025-12-20
2018-0119-IND,No,nat-cli-wil-for,Natural,Climatological,Wildfire,Forest fire,,,IND,India,Southern Asia,Asia,Tamil nadu,,,No,No,No,,,Km2,,,,2018,3,10,2018,3,10,17,,,,,,,,,,,77.99726519,"[{""adm1_code"":1508,""adm1_name"":""Tamil Nadu""}]","[{""gid_1"":""IND.31_1"",""migration_date"":""2025-12-20"",""migration_method"":""jaccard1"",""name_1"":""Tamil Nadu""}]",2018-04-16,2025-12-20
2021-0832-USA,No,nat-cli-wil-wil,Natural,Climatological,Wildfire,Wildfire (General),,Middle Fork and the Marshall wildfires,USA,United States of America,Northern America,Americas,"Louisville, Superior (Boulder county, Colorado)",,,No,No,Yes,,,Km2,,,,2021,12,30,2022,1,1,2,,3273,381,3654,,,,,3300000,3920777,84.16698296,"[{""adm2_code"":154739,""adm2_name"":""Boulder""}]","[{""gid_2"":""USA.6.7_1"",""migration_date"":""2025-12-20"",""migration_method"":""jaccard2"",""name_2"":""Boulder""}]",2022-01-03,2025-12-20
2022-0100-KOR,No,nat-cli-wil-wil,Natural,Climatological,Wildfire,Wildfire (General),,,KOR,Republic of Korea,Eastern Asia,Asia,Yeongdeok County (North Gyeongsang Province); Hapcheon County; Goryeong County; Gangwon Provinces; Uljin and Samcheok cities,Strong winds and dry atmospheric conditions,,No,No,No,,,Km2,,,,2022,2,15,2022,3,7,,,7000,1080,8080,,,,,,,90.90269746,"[{""adm1_code"":2437,""adm1_name"":""Kang-won-do""},{""adm1_code"":2440,""adm1_name"":""Kyongsangbuk-do""},{""adm1_code"":2441,""adm1_name"":""Kyongsangnam-do""}]","[{""gid_1"":""KOR.10_1"",""migration_date"":""2025-12-20"",""migration_method"":""puzzle1_1"",""name_1"":""Gyeongsangnam-do""},{""gid_1"":""KOR.17_1"",""migration_date"":""2025-12-20"",""migration_method"":""puzzle1_1"",""name_1"":""Ulsan""},{""gid_1"":""KOR.6_1"",""migration_date"":""2025-12-20"",""migration_method"":""jaccard1"",""name_1"":""Gangwon-do""},{""gid_2"":""KOR.4.3_2"",""migration_date"":""2025-12-20"",""migration_method"":""puzzle1_2"",""name_2"":""Dalseong""},{""gid_2"":""KOR.9.10_2"",""migration_date"":""2025-12-20"",""migration_method"":""puzzle1_2"",""name_2"":""Gyeongju""},{""gid_2"":""KOR.9.11_2"",""migration_date"":""2025-12-20"",""migration_method"":""puzzle1_2"",""name_2"":""Gyeongsan""},{""gid_2"":""KOR.9.12_2"",""migration_date"":""2025-12-20"",""migration_method"":""puzzle1_2"",""name_2"":""Mungyeong""},{""gid_2"":""KOR.9.13_2"",""migration_date"":""2025-12-20"",""migration_method"":""puzzle1_2"",""name_2"":""Pohang""},{""gid_2"":""KOR.9.14_2"",""migration_date"":""2025-12-20"",""migration_method"":""puzzle1_2"",""name_2"":""Sangju""},{""gid_2"":""KOR.9.15_2"",""migration_date"":""2025-12-20"",""migration_method"":""puzzle1_2"",""name_2"":""Seongju""},{""gid_2"":""KOR.9.16_2"",""migration_date"":""2025-12-20"",""migration_method"":""puzzle1_2"",""name_2"":""Uiseong""},{""gid_2"":""KOR.9.19_2"",""migration_date"":""2025-12-20"",""migration_method"":""puzzle1_2"",""name_2"":""Yecheon""},{""gid_2"":""KOR.9.1_2"",""migration_date"":""2025-12-20"",""migration_method"":""puzzle1_2"",""name_2"":""Andong""},{""gid_2"":""KOR.9.20_2"",""migration_date"":""2025-12-20"",""migration_method"":""puzzle1_2"",""name_2"":""Yeongcheon""},{""gid_2"":""KOR.9.21_2"",""migration_date"":""2025-12-20"",""migration_method"":""puzzle1_2"",""name_2"":""Yeongdeok""},{""gid_2"":""KOR.9.22_2"",""migration_date"":""2025-12-20"",""migration_method"":""puzzle1_2"",""name_2"":""Yeongju""},{""gid_2"":""KOR.9.23_2"",""migration_date"":""2025-12-20"",""migration_method"":""puzzle1_2"",""name_2"":""Yeongyang""},{""gid_2"":""KOR.9.2_2"",""migration_date"":""2025-12-20"",""migration_method"":""puzzle1_2"",""name_2"":""Bonghwa""},{""gid_2"":""KOR.9.3_2"",""migration_date"":""2025-12-20"",""migration_method"":""puzzle1_2"",""name_2"":""Cheongdo""},{""gid_2"":""KOR.9.4_2"",""migration_date"":""2025-12-20"",""migration_method"":""puzzle1_2"",""name_2"":""Cheongsong""},{""gid_2"":""KOR.9.5_2"",""migration_date"":""2025-12-20"",""migration_method"":""puzzle1_2"",""name_2"":""Chilgok""},{""gid_2"":""KOR.9.6_2"",""migration_date"":""2025-12-20"",""migration_method"":""puzzle1_2"",""name_2"":""Gimcheon""},{""gid_2"":""KOR.9.7_2"",""migration_date"":""2025-12-20"",""migration_method"":""puzzle1_2"",""name_2"":""Goryeong""},{""gid_2"":""KOR.9.8_2"",""migration_date"":""2025-12-20"",""migration_method"":""puzzle1_2"",""name_2"":""Gumi""},{""gid_2"":""KOR.9.9_2"",""migration_date"":""2025-12-20"",""migration_method"":""puzzle1_2"",""name_2"":""Gunwi""}]",2022-02-18,2025-12-20
2022-0105-ARG,No,nat-cli-wil-wil,Natural,Climatological,Wildfire,Wildfire (General),GLIDE:WF-2022-000173,,ARG,Argentina,Latin America and the Caribbean,Americas,"Santo Tomé, Ituzaingo, San martin, General Alvear, San Miguel (Corrientes Province)",,,No,No,Yes,,,Km2,,,,2022,1,,2022,3,11,,,124085,,124085,,,,,770000,847060,90.90269746,"[{""adm2_code"":4602,""adm2_name"":""General Alvear""},{""adm2_code"":4605,""adm2_name"":""Ituzaingo""},{""adm2_code"":4614,""adm2_name"":""San Martin""},{""adm2_code"":4615,""adm2_name"":""San Miguel""},{""adm2_code"":4617,""adm2_name"":""Santo Tome""}]","[{""gid_2"":""ARG.7.12_1"",""migration_date"":""2025-12-20"",""migration_method"":""jaccard2"",""name_2"":""Ituzaingó""},{""gid_2"":""ARG.7.21_1"",""migration_date"":""2025-12-20"",""migration_method"":""jaccard2"",""name_2"":""San Martín""},{""gid_2"":""ARG.7.22_1"",""migration_date"":""2025-12-20"",""migration_method"":""jaccard2"",""name_2"":""San Miguel""},{""gid_2"":""ARG.7.24_1"",""migration_date"":""2025-12-20"",""migration_method"":""jaccard2"",""name_2"":""Santo Tomé""},{""gid_2"":""ARG.7.8_1"",""migration_date"":""2025-12-20"",""migration_method"":""jaccard2"",""name_2"":""General Alvear""}]",2022-02-24,2025-12-20
2017-0417-PRT,No,nat-cli-wil-for,Natural,Climatological,Wildfire,Forest fire,,,PRT,Portugal,Southern Europe,Europe,"Coimbra (Penacova, Oliveira do Hospital, Melo, Gouveia), Leiria (Pinhal de Leiria-Marinha Grande), Viseu (Nelas, Tondela, Vouzela), Guarda, Castelo Branco",,,Yes,No,Yes,,2240,Km2,,,,2017,10,15,2017,10,16,45,71,,2700,2771,,,270000,354621,500000,656706,76.13760371,"[{""adm1_code"":2390,""adm1_name"":""Castelo Branco""},{""adm1_code"":2391,""adm1_name"":""Coimbra""},{""adm1_code"":2394,""adm1_name"":""Guarda""},{""adm1_code"":2405,""adm1_name"":""Leiria""},{""adm1_code"":2413,""adm1_name"":""Viseu""}]","[{""gid_1"":""PRT.10_1"",""migration_date"":""2025-12-20"",""migration_method"":""jaccard1"",""name_1"":""Guarda""},{""gid_1"":""PRT.11_1"",""migration_date"":""2025-12-20"",""migration_method"":""jaccard1"",""name_1"":""Leiria""},{""gid_1"":""PRT.20_1"",""migration_date"":""2025-12-20"",""migration_method"":""jaccard1"",""name_1"":""Viseu""},{""gid_1"":""PRT.6_1"",""migration_date"":""2025-12-20"",""migration_method"":""jaccard1"",""name_1"":""Castelo Branco""},{""gid_1"":""PRT.7_1"",""migration_date"":""2025-12-20"",""migration_method"":""jaccard1"",""name_1"":""Coimbra""}]",2017-10-20,2025-12-20
2017-0297-HRV,No,nat-cli-wil-for,Natural,Climatological,Wildfire,Forest fire,,,HRV,Croatia,Southern Europe,Europe,"Split, municipalities of Srinjine, Žrnovnica, Podstrana and Strožanac",,,No,No,No,,45,Km2,,,,2017,7,16,2017,7,18,,80,,,80,,,,,,,76.13760371,"[{""adm1_code"":1003,""adm1_name"":""Split-dalmatija""}]","[{""gid_1"":""HRV.16_1"",""migration_date"":""2025-12-20"",""migration_method"":""jaccard1"",""name_1"":""Splitsko-Dalmatinska""}]",2017-07-31,2025-12-20
2017-0292-FRA,No,nat-cli-wil-wil,Natural,Climatological,Wildfire,Wildfire (General),,,FRA,France,Western Europe,Europe,"Near Bormes-les-Mimosas (Var- cote d'Azur); Haute-Corse, Vaucluse, Var, Alpes-Maritimes","Wind, drought",,No,No,No,,72,Km2,,,,2017,7,24,2017,7,25,,12,12000,,12012,,,,,,,76.13760371,"[{""adm2_code"":16271,""adm2_name"":""Haute-Corse""},{""adm2_code"":16321,""adm2_name"":""Alpes-maritimes""},{""adm2_code"":16324,""adm2_name"":""Var""},{""adm2_code"":16325,""adm2_name"":""Vaucluse""}]","[{""gid_2"":""FRA.13.2_1"",""migration_date"":""2025-12-20"",""migration_method"":""jaccard2"",""name_2"":""Alpes-Maritimes""},{""gid_2"":""FRA.13.5_1"",""migration_date"":""2025-12-20"",""migration_method"":""jaccard2"",""name_2"":""Var""},{""gid_2"":""FRA.13.6_1"",""migration_date"":""2025-12-20"",""migration_method"":""jaccard2"",""name_2"":""Vaucluse""},{""gid_2"":""FRA.5.2_1"",""migration_date"":""2025-12-20"",""migration_method"":""jaccard2"",""name_2"":""Haute-Corse""}]",2017-07-31,2025-12-20
2024-0463-CAN,No,nat-cli-wil-wil,Natural,Climatological,Wildfire,Wildfire (General),,,CAN,Canada,Northern America,Americas,Quebec province,,,No,No,Yes,,,Km2,,,,2024,6,21,2024,6,25,,,,,,,,,,,,97.43617562,,,2024-07-11,2025-03-18
2017-0271-CAN,No,nat-cli-wil-wil,Natural,Climatological,Wildfire,Wildfire (General),,"Gustafsen, Wildwood, Elephant Hill Fires",CAN,Canada,Northern America,Americas,"Cache Creek , Ashcroft, Boston flats (Thompson Nicola), 100 Mile House , Williams Lake (Cariboo) (British Columbia)",Weather,Heat wave,No,Yes,Yes,,500,Km2,,,,2017,7,7,2017,9,15,,,43441,,43441,78000,102446,,,,,76.13760371,"[{""adm2_code"":12542,""adm2_name"":""Cariboo""},{""adm2_code"":12566,""adm2_name"":""Thompson-Nicola""}]","[{""gid_2"":""CAN.2.28_1"",""migration_date"":""2025-12-20"",""migration_method"":""jaccard2"",""name_2"":""Thompson-Nicola""},{""gid_2"":""CAN.2.4_1"",""migration_date"":""2025-12-20"",""migration_method"":""jaccard2"",""name_2"":""Cariboo""}]",2017-07-18,2025-12-20
2022-0520-DZA,No,nat-cli-wil-for,Natural,Climatological,Wildfire,Forest fire,GLIDE:FR-2022-000297,,DZA,Algeria,Northern Africa,Africa,"Bejaia, Jijel, Souk Ahras, El Taref, Setif, Skikda, tipaza, tizi-ouzou, Guelma, Batna, Mila, Annaba, Constantine and Bordj Bou Arreridj",,,No,No,No,,,Km2,,,,2022,8,14,2022,8,21,44,250,6518,,6768,,,,,,,90.90269746,"[{""adm1_code"":345,""adm1_name"":""Annaba""},{""adm1_code"":346,""adm1_name"":""Batna""},{""adm1_code"":347,""adm1_name"":""Bechar""},{""adm1_code"":351,""adm1_name"":""Bordj Bou Arrer""},{""adm1_code"":355,""adm1_name"":""Constantine""},{""adm1_code"":359,""adm1_name"":""El-Tarf""},{""adm1_code"":361,""adm1_name"":""Guelma""},{""adm1_code"":363,""adm1_name"":""Jijel""},{""adm1_code"":368,""adm1_name"":""Mila""},{""adm1_code"":377,""adm1_name"":""Setif""},{""adm1_code"":379,""adm1_name"":""Skikda""},{""adm1_code"":380,""adm1_name"":""Souk-Ahras""},{""adm1_code"":385,""adm1_name"":""Tipaza""},{""adm1_code"":387,""adm1_name"":""Tizi Ouzou""}]","[{""gid_1"":""DZA.11_1"",""migration_date"":""2025-12-20"",""migration_method"":""jaccard1"",""name_1"":""Bordj Bou Arréridj""},{""gid_1"":""DZA.15_1"",""migration_date"":""2025-12-20"",""migration_method"":""jaccard1"",""name_1"":""Constantine""},{""gid_1"":""DZA.19_1"",""migration_date"":""2025-12-20"",""migration_method"":""jaccard1"",""name_1"":""El Tarf""},{""gid_1"":""DZA.21_1"",""migration_date"":""2025-12-20"",""migration_method"":""jaccard1"",""name_1"":""Guelma""},{""gid_1"":""DZA.23_1"",""migration_date"":""2025-12-20"",""migration_method"":""jaccard1"",""name_1"":""Jijel""},{""gid_1"":""DZA.29_1"",""migration_date"":""2025-12-20"",""migration_method"":""jaccard1"",""name_1"":""Mila""},{""gid_1"":""DZA.37_1"",""migration_date"":""2025-12-20"",""migration_method"":""jaccard1"",""name_1"":""Sétif""},{""gid_1"":""DZA.39_1"",""migration_date"":""2025-12-20"",""migration_method"":""jaccard1"",""name_1"":""Skikda""},{""gid_1"":""DZA.40_1"",""migration_date"":""2025-12-20"",""migration_method"":""jaccard1"",""name_1"":""Souk Ahras""},{""gid_1"":""DZA.45_1"",""migration_date"":""2025-12-20"",""migration_method"":""jaccard1"",""name_1"":""Tipaza""},{""gid_1"":""DZA.47_1"",""migration_date"":""2025-12-20"",""migration_method"":""jaccard1"",""name_1"":""Tizi Ouzou""},{""gid_1"":""DZA.5_1"",""migration_date"":""2025-12-20"",""migration_method"":""jaccard1"",""name_1"":""Annaba""},{""gid_1"":""DZA.6_1"",""migration_date"":""2025-12-20"",""migration_method"":""jaccard1"",""name_1"":""Batna""},{""gid_1"":""DZA.7_1"",""migration_date"":""2025-12-20"",""migration_method"":""jaccard1"",""name_1"":""Béchar""}]",2022-08-18,2025-12-20
2017-0072-AUS,No,nat-cli-wil-wil,Natural,Climatological,Wildfire,Wildfire (General),,Sir Ivan fire,AUS,Australia,Australia and New Zealand,Oceania,"New South Wales states (Dunedoo, Uarbry, Pappinbarra, Dondingalong, Kempsey, Boggabri, Narrabri, Mudgee)",,Heat wave,No,No,No,,59000,Km2,,,,2017,2,9,2017,2,13,,2,27,114,143,,,15000,19701,20000,26268,76.13760371,"[{""adm2_code"":5016,""adm2_name"":""Port Macquarie-Hastings (A)""},{""adm2_code"":5028,""adm2_name"":""Kempsey (A)""},{""adm2_code"":5056,""adm2_name"":""Narrabri (A)""},{""adm2_code"":154632,""adm2_name"":""Mid-Western Regional (A)""},{""adm2_code"":154642,""adm2_name"":""Warrumbungle Shire (A)""}]","[{""gid_2"":""AUS.5.109_1"",""migration_date"":""2025-12-20"",""migration_method"":""jaccard2"",""name_2"":""Port Macquarie-Hastings""},{""gid_2"":""AUS.5.141_1"",""migration_date"":""2025-12-20"",""migration_method"":""jaccard2"",""name_2"":""Warrumbungle""},{""gid_2"":""AUS.5.72_1"",""migration_date"":""2025-12-20"",""migration_method"":""jaccard2"",""name_2"":""Kempsey""},{""gid_2"":""AUS.5.90_1"",""migration_date"":""2025-12-20"",""migration_method"":""jaccard2"",""name_2"":""Mid-Western Regional""},{""gid_2"":""AUS.5.97_1"",""migration_date"":""2025-12-20"",""migration_method"":""jaccard2"",""name_2"":""Narrabri""}]",2017-03-16,2025-12-20
2022-0823-CHL,No,nat-cli-wil-wil,Natural,Climatological,Wildfire,Wildfire (General),,,CHL,Chile,Latin America and the Caribbean,Americas,Melipilla commune (Santiago Metropolitan Region),,,No,No,No,,,Km2,,,,2022,12,12,2022,12,12,1,,184,,184,,,,,,,90.90269746,,"[{""gid_2"":""CHL.14.4_1"",""name_2"":""Melipilla""}]",2022-12-22,2026-01-20
2022-0828-CHL,No,nat-cli-wil-for,Natural,Climatological,Wildfire,Forest fire,GLIDE:FR-2022-000384,,CHL,Chile,Latin America and the Caribbean,Americas,"Viña del Mar (Valparaíso); Araucanía, Biobio",,,No,No,Yes,,,Km2,,,,2022,12,22,2022,12,29,2,312,12555,,12867,,,,,,,90.90269746,"[{""adm1_code"":884,""adm1_name"":""Araucania""},{""adm1_code"":887,""adm1_name"":""Biobio""},{""adm1_code"":892,""adm1_name"":""Maule""},{""adm1_code"":91501,""adm1_name"":""Los Lagos""},{""adm1_code"":91504,""adm1_name"":""Los Rios""},{""adm1_code"":149630,""adm1_name"":""Valparaiso""},{""adm2_code"":12971,""adm2_name"":""Santiago""}]","[{""gid_1"":""CHL.10_1"",""migration_date"":""2025-12-20"",""migration_method"":""jaccard1"",""name_1"":""Los Ríos""},{""gid_1"":""CHL.12_1"",""migration_date"":""2025-12-20"",""migration_method"":""jaccard1"",""name_1"":""Maule""},{""gid_1"":""CHL.13_1"",""migration_date"":""2025-12-20"",""migration_method"":""puzzle1_1"",""name_1"":""Ñuble""},{""gid_1"":""CHL.16_1"",""migration_date"":""2025-12-20"",""migration_method"":""jaccard1"",""name_1"":""Valparaíso""},{""gid_1"":""CHL.3_1"",""migration_date"":""2025-12-20"",""migration_method"":""jaccard1"",""name_1"":""Araucanía""},{""gid_1"":""CHL.6_1"",""migration_date"":""2025-12-20"",""migration_method"":""puzzle1_1"",""name_1"":""Bío-Bío""},{""gid_1"":""CHL.9_1"",""migration_date"":""2025-12-20"",""migration_method"":""jaccard1"",""name_1"":""Los Lagos""},{""gid_2"":""CHL.14.5_1"",""migration_date"":""2025-12-20"",""migration_method"":""jaccard2"",""name_2"":""Santiago""}]",2023-01-02,2025-12-20
2016-0264-USA,No,nat-cli-wil-for,Natural,Climatological,Wildfire,Forest fire,GLIDE:WF-2016-000073,Sand Fire,USA,United States of America,Northern America,Americas,"Los Angeles, San Francisco districts (California province)",Drought,,No,No,No,,,Km2,,,,2016,7,24,2016,8,1,2,,420,,420,,,,,50000,67069,74.54960299,"[{""adm2_code"":28883,""adm2_name"":""Los Angeles""},{""adm2_code"":28902,""adm2_name"":""San Francisco""}]","[{""gid_2"":""USA.5.19_1"",""migration_date"":""2025-12-20"",""migration_method"":""jaccard2"",""name_2"":""Los Angeles""},{""gid_2"":""USA.5.38_1"",""migration_date"":""2025-12-20"",""migration_method"":""jaccard2"",""name_2"":""San Francisco""}]",2016-08-03,2025-12-20
2016-0206-USA,No,nat-cli-wil-for,Natural,Climatological,Wildfire,Forest fire,,,USA,United States of America,Northern America,Americas,California province,"Combination of heat, extented drought and gusty winds",,No,No,Yes,,,Km2,,,,2016,6,25,2016,6,26,,,36,855,891,,,,,150000,201208,74.54960299,"[{""adm1_code"":3218,""adm1_name"":""California""}]","[{""gid_1"":""USA.5_1"",""migration_date"":""2025-12-20"",""migration_method"":""jaccard1"",""name_1"":""California""}]",2016-07-06,2025-12-20
2023-0280-CAN,No,nat-cli-wil-for,Natural,Climatological,Wildfire,Forest fire,GLIDE:WF-2023-000074,,CAN,Canada,Northern America,Americas,"Alberta, British Columbia, Nova Scotia, Ontario, Québec, Saskatchewan",Dry conditions and high winds,Heat wave|Pollution,No,No,Yes,,,Km2,,,,2023,5,6,2023,7,,2,,30000,,30000,,,100000,105658,200000,211317,94.64462201,"[{""adm1_code"":825,""adm1_name"":""Alberta""},{""adm1_code"":826,""adm1_name"":""British Columbia / Colombie-Britannique""},{""adm1_code"":831,""adm1_name"":""Nova Scotia / Nouvelle-Écosse""},{""adm1_code"":833,""adm1_name"":""Ontario""},{""adm1_code"":835,""adm1_name"":""Quebec / Québec""},{""adm1_code"":836,""adm1_name"":""Saskatchewan""}]","[{""gid_1"":""CAN.11_1"",""migration_date"":""2025-12-20"",""migration_method"":""jaccard1"",""name_1"":""Québec""},{""gid_1"":""CAN.12_1"",""migration_date"":""2025-12-20"",""migration_method"":""jaccard1"",""name_1"":""Saskatchewan""},{""gid_1"":""CAN.1_1"",""migration_date"":""2025-12-20"",""migration_method"":""jaccard1"",""name_1"":""Alberta""},{""gid_1"":""CAN.2_1"",""migration_date"":""2025-12-20"",""migration_method"":""jaccard1"",""name_1"":""British Columbia""},{""gid_1"":""CAN.7_1"",""migration_date"":""2025-12-20"",""migration_method"":""jaccard1"",""name_1"":""Nova Scotia""},{""gid_2"":""CAN.9.10_1"",""migration_date"":""2025-12-20"",""migration_method"":""puzzle1_2"",""name_2"":""Frontenac""},{""gid_2"":""CAN.9.11_1"",""migration_date"":""2025-12-20"",""migration_method"":""puzzle1_2"",""name_2"":""Greater Sudbury""},{""gid_2"":""CAN.9.12_1"",""migration_date"":""2025-12-20"",""migration_method"":""puzzle1_2"",""name_2"":""Grey""},{""gid_2"":""CAN.9.13_1"",""migration_date"":""2025-12-20"",""migration_method"":""puzzle1_2"",""name_2"":""Haldimand-Norfolk""},{""gid_2"":""CAN.9.14_1"",""migration_date"":""2025-12-20"",""migration_method"":""puzzle1_2"",""name_2"":""Haliburton""},{""gid_2"":""CAN.9.15_1"",""migration_date"":""2025-12-20"",""migration_method"":""puzzle1_2"",""name_2"":""Halton""},{""gid_2"":""CAN.9.16_1"",""migration_date"":""2025-12-20"",""migration_method"":""puzzle1_2"",""name_2"":""Hamilton""},{""gid_2"":""CAN.9.17_1"",""migration_date"":""2025-12-20"",""migration_method"":""puzzle1_2"",""name_2"":""Hastings""},{""gid_2"":""CAN.9.18_1"",""migration_date"":""2025-12-20"",""migration_method"":""puzzle1_2"",""name_2"":""Huron""},{""gid_2"":""CAN.9.19_1"",""migration_date"":""2025-12-20"",""migration_method"":""puzzle1_2"",""name_2"":""Kawartha Lakes""},{""gid_2"":""CAN.9.1_1"",""migration_date"":""2025-12-20"",""migration_method"":""puzzle1_2"",""name_2"":""Algoma""},{""gid_2"":""CAN.9.20_1"",""migration_date"":""2025-12-20"",""migration_method"":""puzzle1_2"",""name_2"":""Kenora""},{""gid_2"":""CAN.9.25_1"",""migration_date"":""2025-12-20"",""migration_method"":""puzzle1_2"",""name_2"":""Lambton""},{""gid_2"":""CAN.9.26_1"",""migration_date"":""2025-12-20"",""migration_method"":""puzzle1_2"",""name_2"":""Lanark""},{""gid_2"":""CAN.9.27_1"",""migration_date"":""2025-12-20"",""migration_method"":""puzzle1_2"",""name_2"":""Leeds and Grenville""},{""gid_2"":""CAN.9.28_1"",""migration_date"":""2025-12-20"",""migration_method"":""puzzle1_2"",""name_2"":""Lennox and Addington""},{""gid_2"":""CAN.9.29_1"",""migration_date"":""2025-12-20"",""migration_method"":""puzzle1_2"",""name_2"":""Manitoulin""},{""gid_2"":""CAN.9.2_1"",""migration_date"":""2025-12-20"",""migration_method"":""puzzle1_2"",""name_2"":""Brant""},{""gid_2"":""CAN.9.30_1"",""migration_date"":""2025-12-20"",""migration_method"":""puzzle1_2"",""name_2"":""Middlesex""},{""gid_2"":""CAN.9.31_1"",""migration_date"":""2025-12-20"",""migration_method"":""puzzle1_2"",""name_2"":""Muskoka""},{""gid_2"":""CAN.9.32_1"",""migration_date"":""2025-12-20"",""migration_method"":""puzzle1_2"",""name_2"":""Niagara""},{""gid_2"":""CAN.9.33_1"",""migration_date"":""2025-12-20"",""migration_method"":""puzzle1_2"",""name_2"":""Nipissing""},{""gid_2"":""CAN.9.34_1"",""migration_date"":""2025-12-20"",""migration_method"":""puzzle1_2"",""name_2"":""Northumberland""},{""gid_2"":""CAN.9.35_1"",""migration_date"":""2025-12-20"",""migration_method"":""puzzle1_2"",""name_2"":""Ottawa""},{""gid_2"":""CAN.9.36_1"",""migration_date"":""2025-12-20"",""migration_method"":""puzzle1_2"",""name_2"":""Oxford""},{""gid_2"":""CAN.9.37_1"",""migration_date"":""2025-12-20"",""migration_method"":""puzzle1_2"",""name_2"":""Parry Sound""},{""gid_2"":""CAN.9.38_1"",""migration_date"":""2025-12-20"",""migration_method"":""puzzle1_2"",""name_2"":""Peel""},{""gid_2"":""CAN.9.39_1"",""migration_date"":""2025-12-20"",""migration_method"":""puzzle1_2"",""name_2"":""Perth""},{""gid_2"":""CAN.9.3_1"",""migration_date"":""2025-12-20"",""migration_method"":""puzzle1_2"",""name_2"":""Bruce""},{""gid_2"":""CAN.9.40_1"",""migration_date"":""2025-12-20"",""migration_method"":""puzzle1_2"",""name_2"":""Peterborough""},{""gid_2"":""CAN.9.41_1"",""migration_date"":""2025-12-20"",""migration_method"":""puzzle1_2"",""name_2"":""Prescott and Russell""},{""gid_2"":""CAN.9.42_1"",""migration_date"":""2025-12-20"",""migration_method"":""puzzle1_2"",""name_2"":""Prince Edward""},{""gid_2"":""CAN.9.43_1"",""migration_date"":""2025-12-20"",""migration_method"":""puzzle1_2"",""name_2"":""Rainy River""},{""gid_2"":""CAN.9.44_1"",""migration_date"":""2025-12-20"",""migration_method"":""puzzle1_2"",""name_2"":""Renfrew""},{""gid_2"":""CAN.9.45_1"",""migration_date"":""2025-12-20"",""migration_method"":""puzzle1_2"",""name_2"":""Simcoe""},{""gid_2"":""CAN.9.46_1"",""migration_date"":""2025-12-20"",""migration_method"":""puzzle1_2"",""name_2"":""Stormont, Dundas and Glengarry""},{""gid_2"":""CAN.9.47_1"",""migration_date"":""2025-12-20"",""migration_method"":""puzzle1_2"",""name_2"":""Sudbury""},{""gid_2"":""CAN.9.48_1"",""migration_date"":""2025-12-20"",""migration_method"":""puzzle1_2"",""name_2"":""Thunder Bay""},{""gid_2"":""CAN.9.49_1"",""migration_date"":""2025-12-20"",""migration_method"":""puzzle1_2"",""name_2"":""Timiskaming""},{""gid_2"":""CAN.9.4_1"",""migration_date"":""2025-12-20"",""migration_method"":""puzzle1_2"",""name_2"":""Chatham-Kent""},{""gid_2"":""CAN.9.50_1"",""migration_date"":""2025-12-20"",""migration_method"":""puzzle1_2"",""name_2"":""Toronto""},{""gid_2"":""CAN.9.51_1"",""migration_date"":""2025-12-20"",""migration_method"":""puzzle1_2"",""name_2"":""Waterloo""},{""gid_2"":""CAN.9.52_1"",""migration_date"":""2025-12-20"",""migration_method"":""puzzle1_2"",""name_2"":""Wellington""},{""gid_2"":""CAN.9.53_1"",""migration_date"":""2025-12-20"",""migration_method"":""puzzle1_2"",""name_2"":""York""},{""gid_2"":""CAN.9.5_1"",""migration_date"":""2025-12-20"",""migration_method"":""puzzle1_2"",""name_2"":""Cochrane""},{""gid_2"":""CAN.9.6_1"",""migration_date"":""2025-12-20"",""migration_method"":""puzzle1_2"",""name_2"":""Dufferin""},{""gid_2"":""CAN.9.7_1"",""migration_date"":""2025-12-20"",""migration_method"":""puzzle1_2"",""name_2"":""Durham""},{""gid_2"":""CAN.9.8_1"",""migration_date"":""2025-12-20"",""migration_method"":""puzzle1_2"",""name_2"":""Elgin""},{""gid_2"":""CAN.9.9_1"",""migration_date"":""2025-12-20"",""migration_method"":""puzzle1_2"",""name_2"":""Essex""}]",2023-05-08,2025-12-20
2015-0514-AUS,No,nat-cli-wil-lan,Natural,Climatological,Wildfire,"Land fire (Brush, Bush, Pasture)",,,AUS,Australia,Australia and New Zealand,Oceania,"Pinery, Balaklava cities (Wakefield (DC) district, North Mount Lofty Ranges, South Australia province), Roseworthy city (Light (RegC) district, South Australia province)",,,No,No,No,,,Km2,,,,2015,11,25,2015,11,28,2,30,126,105,261,,,120000,162997,200000,271662,73.62080294,"[{""adm2_code"":5282,""adm2_name"":""Light (RegC)""},{""adm2_code"":5318,""adm2_name"":""Wakefield (DC)""}]","[{""gid_2"":""AUS.8.27_1"",""migration_date"":""2025-12-20"",""migration_method"":""jaccard2"",""name_2"":""Light""},{""gid_2"":""AUS.8.64_1"",""migration_date"":""2025-12-20"",""migration_method"":""jaccard2"",""name_2"":""Wakefield""}]",2015-12-01,2025-12-20
2023-0829-CHL,No,nat-cli-wil-wil,Natural,Climatological,Wildfire,Wildfire (General),,,CHL,Chile,Latin America and the Caribbean,Americas,"Valparaiso, O'Higgins and Santiago Metropolitan Regions",,,No,No,No,,,Km2,,,,2023,12,6,2023,12,11,,7,375,,382,,,,,,,94.64462201,,,2023-12-11,2025-03-18
2024-0161-CHL,No,nat-cli-wil-wil,Natural,Climatological,Wildfire,Wildfire (General),,,CHL,Chile,Latin America and the Caribbean,Americas,"Valparaíso Municipality, Valparaíso region, in Cerro Cordillera, Curauma and La Caldera areas",,,No,No,No,,,Km2,,,,2024,3,13,2024,3,15,,6,120,,126,,,100000,102631,,,97.43617562,,,2024-03-27,2024-04-05
2015-0010-AUS,No,nat-cli-wil-lan,Natural,Climatological,Wildfire,"Land fire (Brush, Bush, Pasture)",,,AUS,Australia,Australia and New Zealand,Oceania,"Sampson Flat city (Playford (C) district, South Australia province), Kersbrook (Adelaide Hills (DC) district, Mount Lofty Ranges, South Australia province)",,,No,No,No,,,Km2,,,,2015,1,3,2015,1,8,,134,,,134,,,45000,61124,51000,69274,73.62080294,"[{""adm2_code"":5257,""adm2_name"":""Adelaide Hills (DC)""},{""adm2_code"":5299,""adm2_name"":""Playford (C)""}]","[{""gid_2"":""AUS.8.2_1"",""migration_date"":""2025-12-20"",""migration_method"":""jaccard2"",""name_2"":""Adelaide Hills""},{""gid_2"":""AUS.8.45_1"",""migration_date"":""2025-12-20"",""migration_method"":""jaccard2"",""name_2"":""Playford""}]",2015-01-13,2025-12-20
2024-0669-USA,No,nat-cli-wil-wil,Natural,Climatological,Wildfire,Wildfire (General),,"'Brige fire', 'Airport fire'",USA,United States of America,Northern America,Americas,"Los Angeles, Orange, Riverside, San Bernardino counties (California); Grant, Crook, and Wheeler Counties (Oregon); Nevada",,Heat wave,No,No,Yes,,,Km2,,,,2024,9,4,2024,9,19,,33,,99,132,,,,,,,97.43617562,,,2024-09-24,2024-10-21
2025-0022-ARG,No,nat-cli-wil-wil,Natural,Climatological,Wildfire,Wildfire (General),,'Confluencia' and 'Epuyén' Fires,ARG,Argentina,Latin America and the Caribbean,Americas,"Epuyén town (Cushamen Department, province of Chubut, Patagonia); Rio Negro province",,,No,No,No,,,Km2,,,,2025,1,15,2025,2,,1,,1500,,1500,,,,,,,100,,,2025-01-17,2025-02-17
2025-0244-SLE,No,nat-cli-wil-wil,Natural,Climatological,Wildfire,Wildfire (General),,,SLE,Sierra Leone,Sub-Saharan Africa,Africa,"Freetown, Kpetema, Makaintay, Menima Koya, Ngiya, Faada, Bombali,Kenuma, Bo, Moyamba, Kono districts",,,No,No,No,,,Km2,,,,2025,1,,2025,4,,,,4180,,4180,,,,,,,100,,,2025-04-03,2025-04-04
2025-0135-JPN,No,nat-cli-wil-for,Natural,Climatological,Wildfire,Forest fire,,,JPN,Japan,Eastern Asia,Asia,Ofunato,,,No,No,No,,,Km2,,,,2025,2,27,2025,3,9,1,,252,,252,,,,,70000,70000,100,,,2025-02-27,2026-02-04
2025-0464-SYR,No,nat-cli-wil-for,Natural,Climatological,Wildfire,Forest fire,GLIDE:WF-2025-000109,,SYR,Syrian Arab Republic,Western Asia,Asia,"Qastal Ma‘af, Rabi‘ah, Zinzaf, Al-Ramadiyah, Beer Al-Qasab, Al-Basit, Kasab (Lattakia); Homs, Tartous, Hama, Idleb",Strong winds,,No,Yes,Yes,,,Km2,,,,2025,7,2,2025,9,21,,,55000,,55000,,,,,,,100,,,2025-07-07,2026-01-09
2013-0402-AUS,No,nat-cli-wil-lan,Natural,Climatological,Wildfire,"Land fire (Brush, Bush, Pasture)",,,AUS,Australia,Australia and New Zealand,Oceania,Blue Mountains (C) district (New South Wales province),High temperature and violent winds,,No,No,Yes,,,Km2,,,,2013,10,18,2013,10,31,2,,990,,990,,,164000,226645,268000,370372,72.35973748,"[{""adm2_code"":4959,""adm2_name"":""Blue Mountains (C)""}]","[{""gid_2"":""AUS.5.15_1"",""migration_date"":""2025-12-20"",""migration_method"":""jaccard2"",""name_2"":""Blue Mountains""}]",2014-03-20,2025-12-20
2013-0024-AUS,No,nat-cli-wil-lan,Natural,Climatological,Wildfire,"Land fire (Brush, Bush, Pasture)",,,AUS,Australia,Australia and New Zealand,Oceania,"Dunnaley, Boomer Bay cities (Sorell (M) district, Tasmania province), Sommers Bay (Tasman district, Tasmania province), Bicheno city (Glamorgan/Spring Bay (M) district, Tasmania province); New South Wales, Victoria","Heat wave, dry conditions and gusty winds",,No,No,Yes,,,Km2,,,,2013,1,1,2013,1,17,1,,450,,450,,,80000,110559,98000,135434,72.35973748,"[{""adm1_code"":470,""adm1_name"":""New South Wales""},{""adm1_code"":476,""adm1_name"":""Victoria""},{""adm2_code"":5337,""adm2_name"":""Glamorgan/Spring Bay (M)""},{""adm2_code"":5348,""adm2_name"":""Sorell (M)""},{""adm2_code"":5350,""adm2_name"":""Tasman (M)""}]","[{""gid_1"":""AUS.10_1"",""migration_date"":""2025-12-20"",""migration_method"":""jaccard1"",""name_1"":""Victoria""},{""gid_1"":""AUS.5_1"",""migration_date"":""2025-12-20"",""migration_method"":""jaccard1"",""name_1"":""New South Wales""},{""gid_2"":""AUS.9.13_1"",""migration_date"":""2025-12-20"",""migration_method"":""jaccard2"",""name_2"":""Glamorgan/Spring Bay""},{""gid_2"":""AUS.9.25_1"",""migration_date"":""2025-12-20"",""migration_method"":""jaccard2"",""name_2"":""Sorell""},{""gid_2"":""AUS.9.27_1"",""migration_date"":""2025-12-20"",""migration_method"":""jaccard2"",""name_2"":""Tasman""}]",2014-03-20,2025-12-20
2025-1019-AUS,No,nat-cli-wil-wil,Natural,Climatological,Wildfire,Wildfire (General),,,AUS,Australia,Australia and New Zealand,Oceania,Glenlusk and Levendale (Tasmania); Markwood (Victoria); Koolewong and Bulahdelah (New South Wales),Heatwave and windy conditions,Heat wave,No,No,No,,,Km2,,,,2025,12,5,2025,12,10,1,,42,117,159,,,,,,,100,,,2025-12-05,2025-12-12
2020-0119-CHN,No,nat-cli-wil-for,Natural,Climatological,Wildfire,Forest fire,,,CHN,China,Eastern Asia,Asia,Liangshan Prefecture (Sichuan province),,,No,No,No,,,Km2,,,,2020,3,30,2020,3,31,19,,1200,,1200,,,,,,,80.39038301,"[{""adm2_code"":13272,""adm2_name"":""Liangshan Yi""}]","[{""gid_2"":""CHN.26.9_1"",""migration_date"":""2025-12-20"",""migration_method"":""jaccard2"",""name_2"":""Liangshan Yi""}]",2020-04-01,2025-12-20
2023-0468-DZA,No,nat-cli-wil-wil,Natural,Climatological,Wildfire,Wildfire (General),GLIDE:WF-2023-000124,,DZA,Algeria,Northern Africa,Africa,"Béjaïa, Bouira, Boumerdes, Tizi Ouzou, Jijel et Skikda",,Heat wave,No,No,No,,,Km2,,,,2023,7,23,2023,7,24,34,26,30000,,30026,,,,,,,94.64462201,"[{""adm1_code"":348,""adm1_name"":""Bejaia""},{""adm1_code"":352,""adm1_name"":""Bouira""},{""adm1_code"":363,""adm1_name"":""Jijel""},{""adm1_code"":379,""adm1_name"":""Skikda""},{""adm1_code"":387,""adm1_name"":""Tizi Ouzou""}]","[{""gid_1"":""DZA.12_1"",""migration_date"":""2025-12-20"",""migration_method"":""jaccard1"",""name_1"":""Bouira""},{""gid_1"":""DZA.23_1"",""migration_date"":""2025-12-20"",""migration_method"":""jaccard1"",""name_1"":""Jijel""},{""gid_1"":""DZA.39_1"",""migration_date"":""2025-12-20"",""migration_method"":""jaccard1"",""name_1"":""Skikda""},{""gid_1"":""DZA.47_1"",""migration_date"":""2025-12-20"",""migration_method"":""jaccard1"",""name_1"":""Tizi Ouzou""},{""gid_1"":""DZA.8_1"",""migration_date"":""2025-12-20"",""migration_method"":""jaccard1"",""name_1"":""Béjaïa""}]",2023-07-25,2025-12-20
2023-0289-RUS,No,nat-cli-wil-for,Natural,Climatological,Wildfire,Forest fire,,,RUS,Russian Federation,Eastern Europe,Europe,"Tyumen, Kurgan, Omsk",,,No,No,Yes,,,Km2,,,,2023,5,7,2023,5,8,21,,15000,,15000,,,,,50000,52829,94.64462201,"[{""adm1_code"":2526,""adm1_name"":""Kurganskaya Oblast""},{""adm1_code"":2542,""adm1_name"":""Omskaya Oblast""},{""adm1_code"":2566,""adm1_name"":""Tyumenskaya Oblast""}]","[{""gid_1"":""RUS.36_1"",""migration_date"":""2025-12-20"",""migration_method"":""jaccard1"",""name_1"":""Kurgan""},{""gid_1"":""RUS.51_1"",""migration_date"":""2025-12-20"",""migration_method"":""jaccard1"",""name_1"":""Omsk""},{""gid_1"":""RUS.73_1"",""migration_date"":""2025-12-20"",""migration_method"":""jaccard1"",""name_1"":""Tyumen'""}]",2023-05-19,2025-12-20
2023-0215-KOR,No,nat-cli-wil-wil,Natural,Climatological,Wildfire,Wildfire (General),,,KOR,Republic of Korea,Eastern Asia,Asia,Gangneung (Gangwon-do Province),,,No,No,No,,,Km2,,,,2023,4,11,2023,4,11,1,,500,,500,,,,,,,94.64462201,,,2023-04-11,2023-09-26
2025-0608-CYP,No,nat-cli-wil-wil,Natural,Climatological,Wildfire,Wildfire (General),,,CYP,Cyprus,Western Asia,Asia,"Limassol and Paphos,",,,No,No,No,,,Km2,,,,2025,7,23,2025,7,25,2,26,294,279,599,,,,,,,100,,,2025-07-25,2025-08-01
2025-0205-KOR,No,nat-cli-wil-for,Natural,Climatological,Wildfire,Forest fire,,,KOR,Republic of Korea,Eastern Asia,Asia,"Sancheong, Euiseong and Ulju counties; Gyeongsangbuk-do, Gyeongsangnam-do, and Ulsan provinces",Wind and dry conditions,,No,No,No,,,Km2,,,,2025,3,21,2025,3,25,31,44,12045,,12089,,,,,800000,800000,100,,,2025-03-25,2025-08-05
2025-0086-CHL,No,nat-cli-wil-wil,Natural,Climatological,Wildfire,Wildfire (General),,,CHL,Chile,Latin America and the Caribbean,Americas,"Ercilla, Lautaro, Purén and Galvarino (La Araucanía); Ñuble, Los Rios, Biobío",,,No,No,No,,,Km2,,,,2025,2,,2025,3,,1,3,36660,,36663,,,,,,,100,,,2025-02-14,2026-01-08
2024-0897-USA,No,nat-cli-wil-wil,Natural,Climatological,Wildfire,Wildfire (General),,'Franklin',USA,United States of America,Northern America,Americas,"Near Malibu city, Santa Monica mountains (Los Angeles County, California)",,,No,No,No,,,Km2,,,,2024,12,9,2024,12,11,,,90,60,150,,,,,,,97.43617562,,,2024-12-11,2025-03-18
2024-0589-GRC,No,nat-cli-wil-wil,Natural,Climatological,Wildfire,Wildfire (General),,,GRC,Greece,Southern Europe,Europe,Attica region (Athens area),"Drought, wind and high temperatures",,No,No,No,,,Km2,,,,2024,8,10,2024,8,14,1,,600,300,900,,,,,60000,61579,97.43617562,,,2024-08-12,2025-03-18
2024-0559-BOL,No,nat-cli-wil-wil,Natural,Climatological,Wildfire,Wildfire (General),GLIDE:WF-2024-000134,,BOL,Bolivia (Plurinational State of),Latin America and the Caribbean,Americas,"La Paz department; San Matías, Concepción, San Rafael, San Ignacio de Velasco, El Puente, and San Javier municipalities (Santa Cruz department); Beni department",,,No,No,Yes,,,Km2,,,,2024,7,,2024,11,,2,,25335,,25335,,,,,100000,102631,97.43617562,,,2024-08-01,2025-09-04
2024-0353-BLZ,No,nat-cli-wil-wil,Natural,Climatological,Wildfire,Wildfire (General),GLIDE:WF-2024-000090,,BLZ,Belize,Latin America and the Caribbean,Americas,Toledo and Cayo districts,,,No,No,No,,,Km2,,,,2024,5,,2024,5,,,,800,,800,,,,,,,97.43617562,,,2024-06-11,2025-03-18
2024-0126-USA,No,nat-cli-wil-wil,Natural,Climatological,Wildfire,Wildfire (General),,"Smokehouse Creek, Windy Deuce and Grape Vine Creek fires",USA,United States of America,Northern America,Americas,"Texas, Oklahoma",Hot and windy conditions,,No,No,Yes,,,Km2,,,,2024,2,26,2024,3,7,2,,300,39,339,,,,,610000,626051,97.43617562,,,2024-03-11,2025-01-22
2023-0662-ARG,No,nat-cli-wil-wil,Natural,Climatological,Wildfire,Wildfire (General),,,ARG,Argentina,Latin America and the Caribbean,Americas,"Catamarca, Jujuy Provinces, Córdoba, Tucumán and San Luis Provinces",,,No,No,No,,,Km2,,,,2023,10,10,2023,10,13,,,800,,800,,,,,,,94.64462201,,,2023-10-17,2025-03-18
2000-0450-USA,No,nat-cli-wil-for,Natural,Climatological,Wildfire,Forest fire,,,USA,United States of America,Northern America,Americas,Alaska province,,,No,No,No,,2363,Km2,,,,2000,7,,2000,7,,,,,,,,,,,,,53.48773668,"[{""adm1_code"":3215,""adm1_name"":""Alaska""}]","[{""gid_1"":""USA.2_1"",""migration_date"":""2025-12-20"",""migration_method"":""jaccard1"",""name_1"":""Alaska""}]",2003-07-01,2025-12-20
2003-0365-FRA,No,nat-cli-wil-for,Natural,Climatological,Wildfire,Forest fire,,,FRA,France,Western Europe,Europe,"Massif des Maures mountain (Var district, Provence-Alpes-Cote-d'Azur province)","Drought, man",,No,No,No,,180,Km2,,,,2003,7,28,2003,7,30,5,4,3000,,3004,,,,,,,57.14003527,"[{""adm2_code"":16324,""adm2_name"":""Var""}]","[{""gid_2"":""FRA.13.5_1"",""migration_date"":""2025-12-20"",""migration_method"":""jaccard2"",""name_2"":""Var""}]",2004-02-26,2025-12-20
2003-0376-PRT,No,nat-cli-wil-for,Natural,Climatological,Wildfire,Forest fire,,,PRT,Portugal,Southern Europe,Europe,"Braganca, Viseu, Viana do Castelo, Guarda, Castelo Branco, Portalegre, Santarem, Leira, Porto, Braga provinces, Amials de Cima city (in Pernes, Chamusca district, Santarem province), Vale de Serra city (Torres Novas district, Santarem province)","Heat wave, drought, high winds, low humidity",,Yes,No,Yes,835,4260,Km2,,,,2003,8,,2003,9,,14,,150000,,150000,,,6000,10501,1730000,3027650,57.14003527,"[{""adm1_code"":2388,""adm1_name"":""Braga""},{""adm1_code"":2389,""adm1_name"":""Braganca""},{""adm1_code"":2390,""adm1_name"":""Castelo Branco""},{""adm1_code"":2394,""adm1_name"":""Guarda""},{""adm1_code"":2405,""adm1_name"":""Leiria""},{""adm1_code"":2407,""adm1_name"":""Portalegre""},{""adm1_code"":2408,""adm1_name"":""Porto""},{""adm1_code"":2411,""adm1_name"":""Viana Do Castelo""},{""adm1_code"":2413,""adm1_name"":""Viseu""},{""adm2_code"":24879,""adm2_name"":""Chamusca""},{""adm2_code"":24892,""adm2_name"":""Torres Novas""}]","[{""gid_1"":""PRT.10_1"",""migration_date"":""2025-12-20"",""migration_method"":""jaccard1"",""name_1"":""Guarda""},{""gid_1"":""PRT.11_1"",""migration_date"":""2025-12-20"",""migration_method"":""jaccard1"",""name_1"":""Leiria""},{""gid_1"":""PRT.14_1"",""migration_date"":""2025-12-20"",""migration_method"":""jaccard1"",""name_1"":""Portalegre""},{""gid_1"":""PRT.15_1"",""migration_date"":""2025-12-20"",""migration_method"":""jaccard1"",""name_1"":""Porto""},{""gid_1"":""PRT.18_1"",""migration_date"":""2025-12-20"",""migration_method"":""jaccard1"",""name_1"":""Viana do Castelo""},{""gid_1"":""PRT.20_1"",""migration_date"":""2025-12-20"",""migration_method"":""jaccard1"",""name_1"":""Viseu""},{""gid_1"":""PRT.4_1"",""migration_date"":""2025-12-20"",""migration_method"":""jaccard1"",""name_1"":""Braga""},{""gid_1"":""PRT.5_1"",""migration_date"":""2025-12-20"",""migration_method"":""jaccard1"",""name_1"":""Bragança""},{""gid_1"":""PRT.6_1"",""migration_date"":""2025-12-20"",""migration_method"":""jaccard1"",""name_1"":""Castelo Branco""},{""gid_2"":""PRT.16.20_1"",""migration_date"":""2025-12-20"",""migration_method"":""jaccard2"",""name_2"":""Torres Novas""},{""gid_2"":""PRT.16.7_1"",""migration_date"":""2025-12-20"",""migration_method"":""jaccard2"",""name_2"":""Chamusca""}]",2005-04-13,2025-12-20
2003-0786-USA,No,nat-cli-wil-for,Natural,Climatological,Wildfire,Forest fire,,,USA,United States of America,Northern America,Americas,San Bernardino district (California province),,,No,No,No,,607,Km2,,,,2003,10,21,2003,11,4,4,40,,,40,,,800000,1400069,3500000,6125302,57.14003527,"[{""adm2_code"":28900,""adm2_name"":""San Bernardino""}]","[{""gid_2"":""USA.5.36_1"",""migration_date"":""2025-12-20"",""migration_method"":""jaccard2"",""name_2"":""San Bernardino""}]",2006-01-13,2025-12-20
2000-0514-RUS,No,nat-cli-wil-for,Natural,Climatological,Wildfire,Forest fire,,,RUS,Russian Federation,Eastern Europe,Europe,Khabarovskiy Kray province,,,No,No,No,,120,Km2,,,,2000,6,,2000,6,,,,,,,,,,,,,53.48773668,"[{""adm1_code"":2516,""adm1_name"":""Khabarovskiy Kray""}]","[{""gid_1"":""RUS.28_1"",""migration_date"":""2025-12-20"",""migration_method"":""jaccard1"",""name_1"":""Khabarovsk""}]",2003-07-01,2025-12-20
2004-0348-USA,No,nat-cli-wil-for,Natural,Climatological,Wildfire,Forest fire,,,USA,United States of America,Northern America,Americas,"Carson City district (Nevada province), Los Angeles district (California province)",,Heat wave|Storm,No,No,No,,68,Km2,,,,2004,7,12,2004,7,16,,,200,42,242,,,,,,,58.66980929,"[{""adm2_code"":28883,""adm2_name"":""Los Angeles""},{""adm2_code"":30424,""adm2_name"":""Carson City""}]","[{""gid_2"":""USA.29.1_1"",""migration_date"":""2025-12-20"",""migration_method"":""jaccard2"",""name_2"":""Carson City""},{""gid_2"":""USA.5.19_1"",""migration_date"":""2025-12-20"",""migration_method"":""jaccard2"",""name_2"":""Los Angeles""}]",2004-08-02,2025-12-20
2004-0373-ESP,No,nat-cli-wil-for,Natural,Climatological,Wildfire,Forest fire,,,ESP,Spain,Southern Europe,Europe,"Andalucia, Region de Murcia provinces","Human, high temperature, drought and wind",,No,No,No,,420,Km2,,,,2004,7,28,2004,8,4,3,100,1000,,1100,,,2000,3409,3000,5113,58.66980929,"[{""adm1_code"":2716,""adm1_name"":""Andalucía""},{""adm1_code"":2731,""adm1_name"":""Región de Murcia""}]","[{""gid_1"":""ESP.18_1"",""migration_date"":""2025-12-20"",""migration_method"":""jaccard1"",""name_1"":""Región de Murcia""},{""gid_1"":""ESP.1_1"",""migration_date"":""2025-12-20"",""migration_method"":""jaccard1"",""name_1"":""Andalucía""}]",2005-03-09,2025-12-20
2004-0446-USA,No,nat-cli-wil-for,Natural,Climatological,Wildfire,Forest fire,,,USA,United States of America,Northern America,Americas,"Shasta Lake area (Shasta districts, California province)",,,No,No,No,,4046,Km2,,,,2004,8,13,2004,8,14,,5,,240,245,,,,,,,58.66980929,"[{""adm2_code"":28909,""adm2_name"":""Shasta""}]","[{""gid_2"":""USA.5.45_1"",""migration_date"":""2025-12-20"",""migration_method"":""jaccard2"",""name_2"":""Shasta""}]",2004-08-30,2025-12-20
2000-0529-GRC,No,nat-cli-wil-for,Natural,Climatological,Wildfire,Forest fire,,,GRC,Greece,Southern Europe,Europe,"Ipeiros province, Arkadias district (Peloponnisos province), Corfu city (Kerkyras district, Ionioi Nisoi province)",,,No,No,No,,,Km2,,,,2000,8,24,2000,8,24,7,7,,,7,,,,,,,53.48773668,"[{""adm1_code"":1341,""adm1_name"":""Ipeiros""},{""adm2_code"":16689,""adm2_name"":""Kerkyras""},{""adm2_code"":16711,""adm2_name"":""Arkadias""}]","[{""gid_2"":""GRC.5.1_1"",""migration_date"":""2025-12-20"",""migration_method"":""puzzle1_2"",""name_2"":""Epirus""},{""gid_2"":""GRC.7.1_1"",""migration_date"":""2025-12-20"",""migration_method"":""bufhaus2"",""name_2"":""Ionian Islands""},{""gid_2"":""GRC.7.2_1"",""migration_date"":""2025-12-20"",""migration_method"":""bufhaus2"",""name_2"":""Peloponnese""}]",2003-07-01,2025-12-20
2000-0853-ARG,No,nat-cli-wil-for,Natural,Climatological,Wildfire,Forest fire,,,ARG,Argentina,Latin America and the Caribbean,Americas,"La Pampa, Mendoza, San Luis, Formosa provinces",,,No,No,No,,20500,Km2,,,,2000,12,,2000,12,,8,,,,,,,,,,,53.48773668,"[{""adm1_code"":437,""adm1_name"":""Formosa""},{""adm1_code"":439,""adm1_name"":""La Pampa""},{""adm1_code"":441,""adm1_name"":""Mendoza""},{""adm1_code"":447,""adm1_name"":""San Luis""}]","[{""gid_1"":""ARG.11_1"",""migration_date"":""2025-12-20"",""migration_method"":""jaccard1"",""name_1"":""La Pampa""},{""gid_1"":""ARG.13_1"",""migration_date"":""2025-12-20"",""migration_method"":""jaccard1"",""name_1"":""Mendoza""},{""gid_1"":""ARG.19_1"",""migration_date"":""2025-12-20"",""migration_method"":""jaccard1"",""name_1"":""San Luis""},{""gid_1"":""ARG.9_1"",""migration_date"":""2025-12-20"",""migration_method"":""jaccard1"",""name_1"":""Formosa""}]",2003-07-01,2025-12-20
2005-0538-BOL,No,nat-cli-wil-for,Natural,Climatological,Wildfire,Forest fire,,,BOL,Bolivia (Plurinational State of),Latin America and the Caribbean,Americas,"Beni, Pando provinces",,,No,No,Yes,,1000,Km2,,,,2005,9,,2005,9,,,,3000,,3000,,,,,,,60.66033175,"[{""adm1_code"":648,""adm1_name"":""Pando""},{""adm1_code"":40443,""adm1_name"":""Beni""}]","[{""gid_1"":""BOL.3_1"",""migration_date"":""2025-12-20"",""migration_method"":""jaccard1"",""name_1"":""Beni""},{""gid_1"":""BOL.6_1"",""migration_date"":""2025-12-20"",""migration_method"":""jaccard1"",""name_1"":""Pando""}]",2005-09-28,2025-12-20
2006-0471-IDN,No,nat-cli-wil-for,Natural,Climatological,Wildfire,Forest fire,,,IDN,Indonesia,South-eastern Asia,Asia,"Muarojambi, Tanjungjabung Timur districts (Jambi province), Ogan Komering Ilir, Banyuasin, Musibanyuasin districts (Sumatera Selatan province), Ketapang district (Kalimantan Barat province), Kotawaringin Timur, Kotawaringin Barat, Pulangpisau, Seruyan, Sukamara districts (Kalimantan Tengah province), Banjar, Hulusungai Selatan districts (Kalimantan Selatan province)",,,No,No,No,,,Km2,,,,2006,8,,2006,8,,,200,,,200,,,,,14000,22358,62.61719478,"[{""adm2_code"":73803,""adm2_name"":""Muarojambi""},{""adm2_code"":73863,""adm2_name"":""Tanjungjabung Timur""},{""adm2_code"":18102,""adm2_name"":""Ketapang""},{""adm2_code"":18108,""adm2_name"":""Banjar""},{""adm2_code"":18110,""adm2_name"":""Hulusungai Selatan""},{""adm2_code"":73762,""adm2_name"":""Kotawaringin Barat""},{""adm2_code"":73763,""adm2_name"":""Kotawaringin Timur""},{""adm2_code"":73831,""adm2_name"":""Pulangpisau""},{""adm2_code"":73848,""adm2_name"":""Seruyan""},{""adm2_code"":73856,""adm2_name"":""Sukamara""},{""adm2_code"":73643,""adm2_name"":""Banyuasin""},{""adm2_code"":73806,""adm2_name"":""Musibanyuasin""},{""adm2_code"":73815,""adm2_name"":""Ogan Komering Ilir""}]","[{""gid_2"":""IDN.12.3_1"",""migration_date"":""2025-12-20"",""migration_method"":""puzzle2_2"",""name_2"":""Kayong Utara""},{""gid_2"":""IDN.12.4_1"",""migration_date"":""2025-12-20"",""migration_method"":""puzzle2_2"",""name_2"":""Ketapang""},{""gid_2"":""IDN.13.3_1"",""migration_date"":""2025-12-20"",""migration_method"":""jaccard2"",""name_2"":""Banjar""},{""gid_2"":""IDN.13.6_1"",""migration_date"":""2025-12-20"",""migration_method"":""jaccard2"",""name_2"":""Hulu Sungai Selatan""},{""gid_2"":""IDN.14.12_1"",""migration_date"":""2025-12-20"",""migration_method"":""bufhaus2"",""name_2"":""Pulang Pisau""},{""gid_2"":""IDN.14.13_1"",""migration_date"":""2025-12-20"",""migration_method"":""jaccard2"",""name_2"":""Seruyan""},{""gid_2"":""IDN.14.14_1"",""migration_date"":""2025-12-20"",""migration_method"":""jaccard2"",""name_2"":""Sukamara""},{""gid_2"":""IDN.14.7_1"",""migration_date"":""2025-12-20"",""migration_method"":""bufhaus2"",""name_2"":""Kotawaringin Barat""},{""gid_2"":""IDN.14.8_1"",""migration_date"":""2025-12-20"",""migration_method"":""jaccard2"",""name_2"":""Kotawaringin Timur""},{""gid_2"":""IDN.31.1_1"",""migration_date"":""2025-12-20"",""migration_method"":""jaccard2"",""name_2"":""Banyu Asin""},{""gid_2"":""IDN.31.6_1"",""migration_date"":""2025-12-20"",""migration_method"":""jaccard2"",""name_2"":""Musi Banyuasin""},{""gid_2"":""IDN.31.9_1"",""migration_date"":""2025-12-20"",""migration_method"":""jaccard2"",""name_2"":""Ogan Komering Ilir""},{""gid_2"":""IDN.8.10_1"",""migration_date"":""2025-12-20"",""migration_method"":""jaccard2"",""name_2"":""Tanjung Jabung T""},{""gid_2"":""IDN.8.6_1"",""migration_date"":""2025-12-20"",""migration_method"":""jaccard2"",""name_2"":""Muaro Jambi""}]",2006-11-26,2025-12-20
2006-0662-USA,No,nat-cli-wil-lan,Natural,Climatological,Wildfire,"Land fire (Brush, Bush, Pasture)",,,USA,United States of America,Northern America,Americas,Ventura district (California province),,,No,No,Yes,,,Km2,,,,2006,12,3,2006,12,6,,,,15,15,,,,,25000,39925,62.61719478,"[{""adm2_code"":28920,""adm2_name"":""Ventura""}]","[{""gid_2"":""USA.5.56_1"",""migration_date"":""2025-12-20"",""migration_method"":""jaccard2"",""name_2"":""Ventura""}]",2008-03-28,2025-12-20
2006-0660-AUS,No,nat-cli-wil-wil,Natural,Climatological,Wildfire,Wildfire (General),,,AUS,Australia,Australia and New Zealand,Oceania,"Blue mountains district, New South Wales province",,,No,No,Yes,,,Km2,,,,2006,11,16,2006,11,16,,,,,,,,,,,,62.61719478,"[{""adm2_code"":4959,""adm2_name"":""Blue Mountains (C)""}]","[{""gid_2"":""AUS.5.15_1"",""migration_date"":""2025-12-20"",""migration_method"":""jaccard2"",""name_2"":""Blue Mountains""}]",2006-12-04,2025-12-20
2006-0666-AUS,No,nat-cli-wil-for,Natural,Climatological,Wildfire,Forest fire,,,AUS,Australia,Australia and New Zealand,Oceania,"Tasmania, Victoria, New South Wales provinces",,,No,No,No,,,Km2,,,,2006,12,,2006,12,,1,,,60,60,,,,,50000,79850,62.61719478,"[{""adm1_code"":470,""adm1_name"":""New South Wales""},{""adm1_code"":475,""adm1_name"":""Tasmania""},{""adm1_code"":476,""adm1_name"":""Victoria""}]","[{""gid_1"":""AUS.10_1"",""migration_date"":""2025-12-20"",""migration_method"":""jaccard1"",""name_1"":""Victoria""},{""gid_1"":""AUS.5_1"",""migration_date"":""2025-12-20"",""migration_method"":""jaccard1"",""name_1"":""New South Wales""},{""gid_1"":""AUS.9_1"",""migration_date"":""2025-12-20"",""migration_method"":""jaccard1"",""name_1"":""Tasmania""}]",2007-01-08,2025-12-20
2007-0579-USA,No,nat-cli-wil-for,Natural,Climatological,Wildfire,Forest fire,,,USA,United States of America,Northern America,Americas,"Malibu area (Los Angeles district, California province)",,,No,No,No,,,Km2,,,,2007,11,24,2007,11,27,,,10000,159,10159,,,,,315000,489104,64.40346368,"[{""adm2_code"":28883,""adm2_name"":""Los Angeles""}]","[{""gid_2"":""USA.5.19_1"",""migration_date"":""2025-12-20"",""migration_method"":""jaccard2"",""name_2"":""Los Angeles""}]",2008-03-12,2025-12-20
2007-0366-BGR,No,nat-cli-wil-for,Natural,Climatological,Wildfire,Forest fire,,,BGR,Bulgaria,Eastern Europe,Europe,"Veliko Tarnovo, Kustendil, Montana, Sofia, Smoljan, Stara Zagora provinces","High temperatures, heavy winds, dry conditions",,Yes,Yes,Yes,,,Km2,,,,2007,7,,2007,7,,1,9,,,9,,,,,2454,3810,64.40346368,"[{""adm1_code"":709,""adm1_name"":""Kustendil""},{""adm1_code"":711,""adm1_name"":""Montana""},{""adm1_code"":721,""adm1_name"":""Smoljan""},{""adm1_code"":722,""adm1_name"":""Sofia""},{""adm1_code"":723,""adm1_name"":""Sofia-city""},{""adm1_code"":724,""adm1_name"":""Stara Zagora""},{""adm1_code"":727,""adm1_name"":""Veliko Tarnovo""}]","[{""gid_1"":""BGR.10_1"",""migration_date"":""2025-12-20"",""migration_method"":""jaccard1"",""name_1"":""Montana""},{""gid_1"":""BGR.20_1"",""migration_date"":""2025-12-20"",""migration_method"":""jaccard1"",""name_1"":""Smolyan""},{""gid_1"":""BGR.21_1"",""migration_date"":""2025-12-20"",""migration_method"":""jaccard1"",""name_1"":""Sofia""},{""gid_1"":""BGR.22_1"",""migration_date"":""2025-12-20"",""migration_method"":""jaccard1"",""name_1"":""Stara Zagora""},{""gid_1"":""BGR.25_1"",""migration_date"":""2025-12-20"",""migration_method"":""jaccard1"",""name_1"":""Veliko Tarnovo""},{""gid_1"":""BGR.5_1"",""migration_date"":""2025-12-20"",""migration_method"":""jaccard1"",""name_1"":""Grad Sofiya""},{""gid_1"":""BGR.8_1"",""migration_date"":""2025-12-20"",""migration_method"":""jaccard1"",""name_1"":""Kyustendil""}]",2007-08-18,2025-12-20
2007-0395-BGR,No,nat-cli-wil-wil,Natural,Climatological,Wildfire,Wildfire (General),,,BGR,Bulgaria,Eastern Europe,Europe,"Topolovgrad, Svilengrad districts (Haskovo province)",,,No,No,Yes,,,Km2,,,,2007,8,25,2007,8,26,2,,,,,,,,,,,64.40346368,"[{""adm2_code"":11897,""adm2_name"":""Svilengrad""},{""adm2_code"":11898,""adm2_name"":""Topolovgrad""}]","[{""gid_2"":""BGR.6.10_1"",""migration_date"":""2025-12-20"",""migration_method"":""jaccard2"",""name_2"":""Svilengrad""},{""gid_2"":""BGR.6.11_1"",""migration_date"":""2025-12-20"",""migration_method"":""jaccard2"",""name_2"":""Topolovgrad""}]",2007-08-27,2025-12-20
2007-0471-LBN,No,nat-cli-wil-for,Natural,Climatological,Wildfire,Forest fire,,,LBN,Lebanon,Western Asia,Asia,"Bekaa, Mount Lebanon, North provinces",,,Yes,No,No,,,Km2,,,,2007,10,1,2007,10,4,1,15,,,15,,,,,,,64.40346368,"[{""adm1_code"":1797,""adm1_name"":""Bekaa""},{""adm1_code"":1799,""adm1_name"":""North""},{""adm1_code"":1801,""adm1_name"":""Mount Lebanon""}]","[{""gid_1"":""LBN.1_1"",""migration_date"":""2025-12-20"",""migration_method"":""puzzle1_1"",""name_1"":""Akkar""},{""gid_1"":""LBN.2_1"",""migration_date"":""2025-12-20"",""migration_method"":""puzzle1_1"",""name_1"":""Baalbak - Hermel""},{""gid_1"":""LBN.4_1"",""migration_date"":""2025-12-20"",""migration_method"":""puzzle1_1"",""name_1"":""Bekaa""},{""gid_1"":""LBN.5_1"",""migration_date"":""2025-12-20"",""migration_method"":""jaccard1"",""name_1"":""Mount Lebanon""},{""gid_1"":""LBN.7_1"",""migration_date"":""2025-12-20"",""migration_method"":""puzzle1_1"",""name_1"":""North""}]",2009-05-27,2025-12-20
2008-0318-TUR,No,nat-cli-wil-for,Natural,Climatological,Wildfire,Forest fire,,,TUR,Türkiye,Western Asia,Asia,"Karatas (Korkuteli district, Antalya province)","Drought, high winds, heat waves, human factors",,No,No,No,,,Km2,,,,2008,8,1,2008,8,5,2,,,300,300,,,,,,,66.87597418,"[{""adm2_code"":27544,""adm2_name"":""Korkuteli""}]","[{""gid_2"":""TUR.8.11_1"",""migration_date"":""2025-12-20"",""migration_method"":""jaccard2"",""name_2"":""Korkuteli""}]",2008-08-13,2025-12-20
2008-0524-USA,No,nat-cli-wil-wil,Natural,Climatological,Wildfire,Wildfire (General),GLIDE:WF-2008-000225,,USA,United States of America,Northern America,Americas,"Los Angeles, Orange, Riverside, Santa Barbara districts (California province)",,,No,No,Yes,,,Km2,,,,2008,11,13,2008,11,18,,20,55000,,55020,,,600000,897183,2000000,2990611,66.87597418,"[{""adm2_code"":28883,""adm2_name"":""Los Angeles""},{""adm2_code"":28894,""adm2_name"":""Orange""},{""adm2_code"":28897,""adm2_name"":""Riverside""},{""adm2_code"":28906,""adm2_name"":""Santa Barbara""}]","[{""gid_2"":""USA.5.19_1"",""migration_date"":""2025-12-20"",""migration_method"":""jaccard2"",""name_2"":""Los Angeles""},{""gid_2"":""USA.5.30_1"",""migration_date"":""2025-12-20"",""migration_method"":""jaccard2"",""name_2"":""Orange""},{""gid_2"":""USA.5.33_1"",""migration_date"":""2025-12-20"",""migration_method"":""jaccard2"",""name_2"":""Riverside""},{""gid_2"":""USA.5.42_1"",""migration_date"":""2025-12-20"",""migration_method"":""jaccard2"",""name_2"":""Santa Barbara""}]",2009-01-14,2025-12-20
2008-0647-ZAF,No,nat-cli-wil-lan,Natural,Climatological,Wildfire,"Land fire (Brush, Bush, Pasture)",,,ZAF,South Africa,Sub-Saharan Africa,Africa,"Kwazulu-Natal, Free state",,,No,No,No,,,Km2,,,,2008,8,30,2008,9,3,34,25,,,25,,,,,430000,642981,66.87597418,"[{""adm1_code"":2707,""adm1_name"":""Free State""},{""adm1_code"":77311,""adm1_name"":""KwaZulu-Natal""}]","[{""gid_1"":""ZAF.2_1"",""migration_date"":""2025-12-20"",""migration_method"":""jaccard1"",""name_1"":""Free State""},{""gid_1"":""ZAF.4_1"",""migration_date"":""2025-12-20"",""migration_method"":""jaccard1"",""name_1"":""KwaZulu-Natal""}]",2009-03-19,2025-12-20
2000-0218-RUS,No,nat-cli-wil-for,Natural,Climatological,Wildfire,Forest fire,,,RUS,Russian Federation,Eastern Europe,Europe,Koryakskiy Okrug province,,,No,No,No,,250,Km2,,,,2000,7,,2000,7,,,,,,,,,,,,,53.48773668,"[{""adm1_code"":2522,""adm1_name"":""Koryakskiy Okrug""}]","[{""gid_2"":""RUS.24.4_1"",""migration_date"":""2025-12-20"",""migration_method"":""puzzle1_2"",""name_2"":""Karaginskiy rayon""},{""gid_2"":""RUS.24.6_1"",""migration_date"":""2025-12-20"",""migration_method"":""puzzle1_2"",""name_2"":""Olyutorskiy rayon""},{""gid_2"":""RUS.24.7_1"",""migration_date"":""2025-12-20"",""migration_method"":""puzzle1_2"",""name_2"":""Penzhinskiy rayon""},{""gid_2"":""RUS.24.9_1"",""migration_date"":""2025-12-20"",""migration_method"":""puzzle1_2"",""name_2"":""Tigil'skiy rayon""}]",2003-07-01,2025-12-20
2002-0363-IRN,No,nat-cli-wil-lan,Natural,Climatological,Wildfire,"Land fire (Brush, Bush, Pasture)",,,IRN,Iran (Islamic Republic of),Southern Asia,Asia,Fars province,,,No,No,No,,300,Km2,,,,2002,6,,2002,6,,,,,,,,,,,,,55.87169607,"[{""adm1_code"":1544,""adm1_name"":""Fars""}]","[{""gid_1"":""IRN.7_1"",""migration_date"":""2025-12-20"",""migration_method"":""jaccard1"",""name_1"":""Fars""}]",2003-07-01,2025-12-20
2011-0097-CHL,No,nat-cli-wil-lan,Natural,Climatological,Wildfire,"Land fire (Brush, Bush, Pasture)",,,CHL,Chile,Latin America and the Caribbean,Americas,Maule province,,,No,No,No,,10,Km2,,,,2011,2,,2011,2,,,,400,,400,,,,,,,69.86926351,"[{""adm1_code"":892,""adm1_name"":""Maule""}]","[{""gid_1"":""CHL.12_1"",""migration_date"":""2025-12-20"",""migration_method"":""jaccard1"",""name_1"":""Maule""}]",2011-04-11,2025-12-20
2002-0379-USA,No,nat-cli-wil-for,Natural,Climatological,Wildfire,Forest fire,,,USA,United States of America,Northern America,Americas,Arizona province,,,No,No,No,,1320,Km2,,,,2002,6,20,2002,6,20,,,,1269,1269,,,,,200500,358858,55.87169607,"[{""adm1_code"":3216,""adm1_name"":""Arizona""}]","[{""gid_1"":""USA.3_1"",""migration_date"":""2025-12-20"",""migration_method"":""jaccard1"",""name_1"":""Arizona""}]",2003-07-01,2025-12-20
2012-0232-USA,No,nat-cli-wil-wil,Natural,Climatological,Wildfire,Wildfire (General),GLIDE:WF-2012-000109,Waldo Canyon Fire,USA,United States of America,Northern America,Americas,"Colorado Springs city (El Paso district, Colorado province)",,,No,No,Yes,,,Km2,,,,2012,6,23,2012,7,10,2,,,1038,1038,,,450000,631003,600000,841337,71.31508773,"[{""adm2_code"":28942,""adm2_name"":""El Paso""}]","[{""gid_2"":""USA.6.21_1"",""migration_date"":""2025-12-20"",""migration_method"":""jaccard2"",""name_2"":""El Paso""}]",2013-01-07,2025-12-20
2012-0279-ESP,No,nat-cli-wil-wil,Natural,Climatological,Wildfire,Wildfire (General),,,ESP,Spain,Southern Europe,Europe,Girona district (Cataluna/Catalunya province),,,No,No,No,,,Km2,,,,2012,7,22,2012,7,27,4,6,,,6,,,,,,,71.31508773,"[{""adm2_code"":25807,""adm2_name"":""Girona""}]","[{""gid_2"":""ESP.6.2_1"",""migration_date"":""2025-12-20"",""migration_method"":""jaccard2"",""name_2"":""Girona""}]",2014-06-23,2025-12-20
2000-0295-RUS,No,nat-cli-wil-for,Natural,Climatological,Wildfire,Forest fire,,,RUS,Russian Federation,Eastern Europe,Europe,"Komi Rep., Arkhangelskaya Oblast provinces",,,No,No,No,,1000,Km2,,,,2000,7,,2000,7,,,,,,,,,,,,,53.48773668,"[{""adm1_code"":2492,""adm1_name"":""Arkhangelskaya Oblast""},{""adm1_code"":2520,""adm1_name"":""Komi Rep.""}]","[{""gid_1"":""RUS.32_1"",""migration_date"":""2025-12-20"",""migration_method"":""jaccard1"",""name_1"":""Komi""},{""gid_2"":""RUS.26.18_1"",""migration_date"":""2025-12-20"",""migration_method"":""puzzle1_2"",""name_2"":""Primorskiy""},{""gid_2"":""RUS.4.10_1"",""migration_date"":""2025-12-20"",""migration_method"":""puzzle1_2"",""name_2"":""Lenskiy rayon""},{""gid_2"":""RUS.4.11_1"",""migration_date"":""2025-12-20"",""migration_method"":""puzzle1_2"",""name_2"":""Leshukonskiy rayon""},{""gid_2"":""RUS.4.12_1"",""migration_date"":""2025-12-20"",""migration_method"":""puzzle1_2"",""name_2"":""Mezenskiy rayon""},{""gid_2"":""RUS.4.14_1"",""migration_date"":""2025-12-20"",""migration_method"":""puzzle1_2"",""name_2"":""Novodvinsk""},{""gid_2"":""RUS.4.15_1"",""migration_date"":""2025-12-20"",""migration_method"":""puzzle1_2"",""name_2"":""Nyandomskiy rayon""},{""gid_2"":""RUS.4.16_1"",""migration_date"":""2025-12-20"",""migration_method"":""puzzle1_2"",""name_2"":""Onega""},{""gid_2"":""RUS.4.17_1"",""migration_date"":""2025-12-20"",""migration_method"":""puzzle1_2"",""name_2"":""Onezhskiy rayon""},{""gid_2"":""RUS.4.18_1"",""migration_date"":""2025-12-20"",""migration_method"":""puzzle1_2"",""name_2"":""Pinezhskiy rayon""},{""gid_2"":""RUS.4.19_1"",""migration_date"":""2025-12-20"",""migration_method"":""puzzle1_2"",""name_2"":""Plesetskiy rayon""},{""gid_2"":""RUS.4.1_1"",""migration_date"":""2025-12-20"",""migration_method"":""puzzle1_2"",""name_2"":""Arkhangel'sk""},{""gid_2"":""RUS.4.20_1"",""migration_date"":""2025-12-20"",""migration_method"":""puzzle1_2"",""name_2"":""Primorskiy rayon""},{""gid_2"":""RUS.4.21_1"",""migration_date"":""2025-12-20"",""migration_method"":""puzzle1_2"",""name_2"":""Severodvinsk""},{""gid_2"":""RUS.4.22_1"",""migration_date"":""2025-12-20"",""migration_method"":""puzzle1_2"",""name_2"":""Shenkurskiy rayon""},{""gid_2"":""RUS.4.24_1"",""migration_date"":""2025-12-20"",""migration_method"":""puzzle1_2"",""name_2"":""Ust'yanskiy rayon""},{""gid_2"":""RUS.4.25_1"",""migration_date"":""2025-12-20"",""migration_method"":""puzzle1_2"",""name_2"":""Vel'skiy rayon""},{""gid_2"":""RUS.4.26_1"",""migration_date"":""2025-12-20"",""migration_method"":""puzzle1_2"",""name_2"":""Verhnetoemskiy rayon""},{""gid_2"":""RUS.4.27_1"",""migration_date"":""2025-12-20"",""migration_method"":""puzzle1_2"",""name_2"":""Vilegodskiy rayon""},{""gid_2"":""RUS.4.28_1"",""migration_date"":""2025-12-20"",""migration_method"":""puzzle1_2"",""name_2"":""Vinogradovskiy rayon""},{""gid_2"":""RUS.4.3_1"",""migration_date"":""2025-12-20"",""migration_method"":""puzzle1_2"",""name_2"":""Kargopol'skiy rayon""},{""gid_2"":""RUS.4.4_1"",""migration_date"":""2025-12-20"",""migration_method"":""puzzle1_2"",""name_2"":""Kholmogorskiy rayon""},{""gid_2"":""RUS.4.5_1"",""migration_date"":""2025-12-20"",""migration_method"":""puzzle1_2"",""name_2"":""Konoshskiy rayon""},{""gid_2"":""RUS.4.6_1"",""migration_date"":""2025-12-20"",""migration_method"":""puzzle1_2"",""name_2"":""Koryazhma""},{""gid_2"":""RUS.4.7_1"",""migration_date"":""2025-12-20"",""migration_method"":""puzzle1_2"",""name_2"":""Kotlas""},{""gid_2"":""RUS.4.8_1"",""migration_date"":""2025-12-20"",""migration_method"":""puzzle1_2"",""name_2"":""Kotlasskiy rayon""},{""gid_2"":""RUS.4.9_1"",""migration_date"":""2025-12-20"",""migration_method"":""puzzle1_2"",""name_2"":""Krasnoborskiy rayon""}]",2003-07-01,2025-12-20
2000-0363-USA,No,nat-cli-wil-for,Natural,Climatological,Wildfire,Forest fire,,,USA,United States of America,Northern America,Americas,"Park, Jefferson, Larimer districts (Colorado province)",,,No,No,No,,85,Km2,,,,2000,6,12,2000,6,12,,,800,210,1010,,,,,,,53.48773668,"[{""adm2_code"":28957,""adm2_name"":""Larimer""},{""adm2_code"":28969,""adm2_name"":""Park""},{""adm2_code"":154741,""adm2_name"":""Jefferson""}]","[{""gid_2"":""USA.6.31_1"",""migration_date"":""2025-12-20"",""migration_method"":""jaccard2"",""name_2"":""Jefferson""},{""gid_2"":""USA.6.36_1"",""migration_date"":""2025-12-20"",""migration_method"":""jaccard2"",""name_2"":""Larimer""},{""gid_2"":""USA.6.48_1"",""migration_date"":""2025-12-20"",""migration_method"":""jaccard2"",""name_2"":""Park""}]",2003-07-01,2025-12-20
2001-0575-RUS,No,nat-cli-wil-for,Natural,Climatological,Wildfire,Forest fire,,,RUS,Russian Federation,Eastern Europe,Europe,Khabarovskiy Kray province,,,No,No,No,,485,Km2,,,,2001,10,1,2001,10,1,,,,,,,,,,,,54.99938527,"[{""adm1_code"":2516,""adm1_name"":""Khabarovskiy Kray""}]","[{""gid_1"":""RUS.28_1"",""migration_date"":""2025-12-20"",""migration_method"":""jaccard1"",""name_1"":""Khabarovsk""}]",2003-07-01,2025-12-20
2001-0508-ZAF,No,nat-cli-wil-lan,Natural,Climatological,Wildfire,"Land fire (Brush, Bush, Pasture)",,,ZAF,South Africa,Sub-Saharan Africa,Africa,Kwazulu-Natal province,,,No,No,No,,,Km2,,,,2001,9,6,2001,9,6,11,,,,,,,,,,,54.99938527,"[{""adm1_code"":77311,""adm1_name"":""KwaZulu-Natal""}]","[{""gid_1"":""ZAF.4_1"",""migration_date"":""2025-12-20"",""migration_method"":""jaccard1"",""name_1"":""KwaZulu-Natal""}]",2003-07-01,2025-12-20
2001-0747-RUS,No,nat-cli-wil-for,Natural,Climatological,Wildfire,Forest fire,,,RUS,Russian Federation,Eastern Europe,Europe,"Khabarovskiy Kray, Tyva Rep., Khakasiya Rep., Chitinskaya Oblast, Aginskiy Buryatskiy A. Okrug, Krasnoyarskiy Kray provinces",,,No,No,No,,300,Km2,,,,2001,5,,2001,5,,,,,,,,,,,,,54.99938527,"[{""adm1_code"":2488,""adm1_name"":""Aginskiy Buryatskiy A. Okrug""},{""adm1_code"":2500,""adm1_name"":""Chitinskaya Oblast""},{""adm1_code"":2516,""adm1_name"":""Khabarovskiy Kray""},{""adm1_code"":2517,""adm1_name"":""Khakasiya Rep.""},{""adm1_code"":2525,""adm1_name"":""Krasnoyarskiy Kray""},{""adm1_code"":2567,""adm1_name"":""Tyva Rep.""}]","[{""gid_1"":""RUS.28_1"",""migration_date"":""2025-12-20"",""migration_method"":""jaccard1"",""name_1"":""Khabarovsk""},{""gid_1"":""RUS.29_1"",""migration_date"":""2025-12-20"",""migration_method"":""jaccard1"",""name_1"":""Khakass""},{""gid_1"":""RUS.71_1"",""migration_date"":""2025-12-20"",""migration_method"":""jaccard1"",""name_1"":""Tuva""},{""gid_1"":""RUS.83_1"",""migration_date"":""2025-12-20"",""migration_method"":""jaccard1"",""name_1"":""Zabaykal'ye""},{""gid_2"":""RUS.35.10_1"",""migration_date"":""2025-12-20"",""migration_method"":""puzzle1_2"",""name_2"":""Bol'shemurtinskiy rayon""},{""gid_2"":""RUS.35.11_1"",""migration_date"":""2025-12-20"",""migration_method"":""puzzle1_2"",""name_2"":""Bol'sheuluyskiy rayon""},{""gid_2"":""RUS.35.12_1"",""migration_date"":""2025-12-20"",""migration_method"":""puzzle1_2"",""name_2"":""Borodino""},{""gid_2"":""RUS.35.14_1"",""migration_date"":""2025-12-20"",""migration_method"":""puzzle1_2"",""name_2"":""Divnogorsk""},{""gid_2"":""RUS.35.16_1"",""migration_date"":""2025-12-20"",""migration_method"":""puzzle1_2"",""name_2"":""Dzerzhinskiy rayon""},{""gid_2"":""RUS.35.17_1"",""migration_date"":""2025-12-20"",""migration_method"":""puzzle1_2"",""name_2"":""Emel'yanovskiy rayon""},{""gid_2"":""RUS.35.18_1"",""migration_date"":""2025-12-20"",""migration_method"":""puzzle1_2"",""name_2"":""Eniseyskiy rayon""},{""gid_2"":""RUS.35.19_1"",""migration_date"":""2025-12-20"",""migration_method"":""puzzle1_2"",""name_2"":""Ermakovskiy rayon""},{""gid_2"":""RUS.35.1_1"",""migration_date"":""2025-12-20"",""migration_method"":""puzzle1_2"",""name_2"":""Abanskiy rayon""},{""gid_2"":""RUS.35.20_1"",""migration_date"":""2025-12-20"",""migration_method"":""puzzle1_2"",""name_2"":""Idrinskiy rayon""},{""gid_2"":""RUS.35.21_1"",""migration_date"":""2025-12-20"",""migration_method"":""puzzle1_2"",""name_2"":""Igarka gorsovet""},{""gid_2"":""RUS.35.22_1"",""migration_date"":""2025-12-20"",""migration_method"":""puzzle1_2"",""name_2"":""Ilanskiy rayon""},{""gid_2"":""RUS.35.24_1"",""migration_date"":""2025-12-20"",""migration_method"":""puzzle1_2"",""name_2"":""Irbeyskiy rayon""},{""gid_2"":""RUS.35.25_1"",""migration_date"":""2025-12-20"",""migration_method"":""puzzle1_2"",""name_2"":""Kansk""},{""gid_2"":""RUS.35.26_1"",""migration_date"":""2025-12-20"",""migration_method"":""puzzle1_2"",""name_2"":""Kanskiy rayon""},{""gid_2"":""RUS.35.27_1"",""migration_date"":""2025-12-20"",""migration_method"":""puzzle1_2"",""name_2"":""Karatuzskiy rayon""},{""gid_2"":""RUS.35.28_1"",""migration_date"":""2025-12-20"",""migration_method"":""puzzle1_2"",""name_2"":""Kazachinskiy rayon""},{""gid_2"":""RUS.35.29_1"",""migration_date"":""2025-12-20"",""migration_method"":""puzzle1_2"",""name_2"":""Kezhemskiy rayon""},{""gid_2"":""RUS.35.2_1"",""migration_date"":""2025-12-20"",""migration_method"":""puzzle1_2"",""name_2"":""Achinskiy rayon""},{""gid_2"":""RUS.35.31_1"",""migration_date"":""2025-12-20"",""migration_method"":""puzzle1_2"",""name_2"":""Kozul'skiy rayon""},{""gid_2"":""RUS.35.32_1"",""migration_date"":""2025-12-20"",""migration_method"":""puzzle1_2"",""name_2"":""Krasnoturanskiy rayon""},{""gid_2"":""RUS.35.33_1"",""migration_date"":""2025-12-20"",""migration_method"":""puzzle1_2"",""name_2"":""Krasnoyarsk""},{""gid_2"":""RUS.35.34_1"",""migration_date"":""2025-12-20"",""migration_method"":""puzzle1_2"",""name_2"":""Kuraginskiy rayon""},{""gid_2"":""RUS.35.35_1"",""migration_date"":""2025-12-20"",""migration_method"":""puzzle1_2"",""name_2"":""Manskiy rayon""},{""gid_2"":""RUS.35.36_1"",""migration_date"":""2025-12-20"",""migration_method"":""puzzle1_2"",""name_2"":""Minusinsk""},{""gid_2"":""RUS.35.37_1"",""migration_date"":""2025-12-20"",""migration_method"":""puzzle1_2"",""name_2"":""Minusinskiy rayon""},{""gid_2"":""RUS.35.38_1"",""migration_date"":""2025-12-20"",""migration_method"":""puzzle1_2"",""name_2"":""Motyginskiy rayon""},{""gid_2"":""RUS.35.39_1"",""migration_date"":""2025-12-20"",""migration_method"":""puzzle1_2"",""name_2"":""Nazarovskiy rayon""},{""gid_2"":""RUS.35.3_1"",""migration_date"":""2025-12-20"",""migration_method"":""puzzle1_2"",""name_2"":""Balakhtinskiy rayon""},{""gid_2"":""RUS.35.40_1"",""migration_date"":""2025-12-20"",""migration_method"":""puzzle1_2"",""name_2"":""Nizhneingashskiy rayon""},{""gid_2"":""RUS.35.41_1"",""migration_date"":""2025-12-20"",""migration_method"":""puzzle1_2"",""name_2"":""Novoselovskiy rayon""},{""gid_2"":""RUS.35.42_1"",""migration_date"":""2025-12-20"",""migration_method"":""puzzle1_2"",""name_2"":""Partizanskiy rayon""},{""gid_2"":""RUS.35.43_1"",""migration_date"":""2025-12-20"",""migration_method"":""puzzle1_2"",""name_2"":""Pirovskiy rayon""},{""gid_2"":""RUS.35.44_1"",""migration_date"":""2025-12-20"",""migration_method"":""puzzle1_2"",""name_2"":""Rybinskiy rayon""},{""gid_2"":""RUS.35.45_1"",""migration_date"":""2025-12-20"",""migration_method"":""puzzle1_2"",""name_2"":""Sayanskiy rayon""},{""gid_2"":""RUS.35.46_1"",""migration_date"":""2025-12-20"",""migration_method"":""puzzle1_2"",""name_2"":""Severo-Eniseyskiy rayon""},{""gid_2"":""RUS.35.47_1"",""migration_date"":""2025-12-20"",""migration_method"":""puzzle1_2"",""name_2"":""Sharypovskiy rayon""},{""gid_2"":""RUS.35.48_1"",""migration_date"":""2025-12-20"",""migration_method"":""puzzle1_2"",""name_2"":""Shushenskiy rayon""},{""gid_2"":""RUS.35.49_1"",""migration_date"":""2025-12-20"",""migration_method"":""puzzle1_2"",""name_2"":""Sosnovoborsk""},{""gid_2"":""RUS.35.50_1"",""migration_date"":""2025-12-20"",""migration_method"":""puzzle1_2"",""name_2"":""Sukhobuzimskiy rayon""},{""gid_2"":""RUS.35.51_1"",""migration_date"":""2025-12-20"",""migration_method"":""puzzle1_2"",""name_2"":""Taseevskiy rayon""},{""gid_2"":""RUS.35.53_1"",""migration_date"":""2025-12-20"",""migration_method"":""puzzle1_2"",""name_2"":""Turukhanskiy rayon""},{""gid_2"":""RUS.35.54_1"",""migration_date"":""2025-12-20"",""migration_method"":""puzzle1_2"",""name_2"":""Tyukhtetskiy rayon""},{""gid_2"":""RUS.35.56_1"",""migration_date"":""2025-12-20"",""migration_method"":""puzzle1_2"",""name_2"":""Uyarskiy rayon""},{""gid_2"":""RUS.35.57_1"",""migration_date"":""2025-12-20"",""migration_method"":""puzzle1_2"",""name_2"":""Uzhurskiy rayon""},{""gid_2"":""RUS.35.58_1"",""migration_date"":""2025-12-20"",""migration_method"":""puzzle1_2"",""name_2"":""Zaozyorny""},{""gid_2"":""RUS.35.5_1"",""migration_date"":""2025-12-20"",""migration_method"":""puzzle1_2"",""name_2"":""Berezovskiy rayon""},{""gid_2"":""RUS.35.6_1"",""migration_date"":""2025-12-20"",""migration_method"":""puzzle1_2"",""name_2"":""Birilyusskiy rayon""},{""gid_2"":""RUS.35.7_1"",""migration_date"":""2025-12-20"",""migration_method"":""puzzle1_2"",""name_2"":""Bogotol""},{""gid_2"":""RUS.35.8_1"",""migration_date"":""2025-12-20"",""migration_method"":""puzzle1_2"",""name_2"":""Bogotol'skiy rayon""},{""gid_2"":""RUS.35.9_1"",""migration_date"":""2025-12-20"",""migration_method"":""puzzle1_2"",""name_2"":""Boguchanskiy rayon""}]",2003-07-01,2025-12-20
2002-0052-CAF,No,nat-cli-wil-for,Natural,Climatological,Wildfire,Forest fire,,,CAF,Central African Republic,Sub-Saharan Africa,Africa,"Yaloké district (Ombella M'Poko province), Bria district (Haute-Kotto province)",,,No,No,No,,,Km2,,,,2002,1,30,2002,1,30,1,,,750,750,,,,,,,55.87169607,"[{""adm2_code"":12846,""adm2_name"":""Bria""},{""adm2_code"":12881,""adm2_name"":""Yaloké""}]","[{""gid_2"":""CAF.12.4_1"",""migration_date"":""2025-12-20"",""migration_method"":""bufhaus2"",""name_2"":""Yaloké""},{""gid_2"":""CAF.5.1_1"",""migration_date"":""2025-12-20"",""migration_method"":""jaccard2"",""name_2"":""Bria""}]",2005-05-03,2025-12-20
2002-0089-CHL,No,nat-cli-wil-for,Natural,Climatological,Wildfire,Forest fire,,,CHL,Chile,Latin America and the Caribbean,Americas,Coquimbo province,,,No,No,No,,170,Km2,,,,2002,2,,2002,2,,,,,,,,,,,80000,143185,55.87169607,"[{""adm1_code"":888,""adm1_name"":""Coquimbo""}]","[{""gid_1"":""CHL.7_1"",""migration_date"":""2025-12-20"",""migration_method"":""jaccard1"",""name_1"":""Coquimbo""}]",2005-05-03,2025-12-20
2002-0237-NIC,No,nat-cli-wil-for,Natural,Climatological,Wildfire,Forest fire,,,NIC,Nicaragua,Latin America and the Caribbean,Americas,"Atlantico Norte, Atlantico Sur, Boaco, Carazo, Chinandega, Chontales, Esteli, Granada, Jinotega, Leon, Madriz, Managua, Masaya, Matagalpa, Nueva Segovia, Rio San Juan, Rivas provinces",,,No,No,No,,,Km2,,,,2002,4,18,2002,4,18,,,16000,,16000,,,,,,,55.87169607,"[{""adm1_code"":2185,""adm1_name"":""Atlantico Norte""},{""adm1_code"":2186,""adm1_name"":""Atlantico Sur""},{""adm1_code"":2187,""adm1_name"":""Boaco""},{""adm1_code"":2188,""adm1_name"":""Carazo""},{""adm1_code"":2189,""adm1_name"":""Chinandega""},{""adm1_code"":2190,""adm1_name"":""Chontales""},{""adm1_code"":2191,""adm1_name"":""Esteli""},{""adm1_code"":2192,""adm1_name"":""Granada""},{""adm1_code"":2193,""adm1_name"":""Jinotega""},{""adm1_code"":2194,""adm1_name"":""Leon""},{""adm1_code"":2195,""adm1_name"":""Madriz""},{""adm1_code"":2196,""adm1_name"":""Managua""},{""adm1_code"":2197,""adm1_name"":""Masaya""},{""adm1_code"":2198,""adm1_name"":""Matagalpa""},{""adm1_code"":2199,""adm1_name"":""Nueva Segovia""},{""adm1_code"":2200,""adm1_name"":""Rio San Juan""},{""adm1_code"":2201,""adm1_name"":""Rivas""}]","[{""gid_1"":""NIC.10_1"",""migration_date"":""2025-12-20"",""migration_method"":""bufhaus1"",""name_1"":""Lago Nicaragua""},{""gid_1"":""NIC.12_1"",""migration_date"":""2025-12-20"",""migration_method"":""jaccard1"",""name_1"":""Madriz""},{""gid_1"":""NIC.13_1"",""migration_date"":""2025-12-20"",""migration_method"":""jaccard1"",""name_1"":""Managua""},{""gid_1"":""NIC.14_1"",""migration_date"":""2025-12-20"",""migration_method"":""jaccard1"",""name_1"":""Masaya""},{""gid_1"":""NIC.15_1"",""migration_date"":""2025-12-20"",""migration_method"":""jaccard1"",""name_1"":""Matagalpa""},{""gid_1"":""NIC.16_1"",""migration_date"":""2025-12-20"",""migration_method"":""jaccard1"",""name_1"":""Nueva Segovia""},{""gid_1"":""NIC.1_1"",""migration_date"":""2025-12-20"",""migration_method"":""jaccard1"",""name_1"":""Atlántico Norte""},{""gid_1"":""NIC.3_1"",""migration_date"":""2025-12-20"",""migration_method"":""jaccard1"",""name_1"":""Boaco""},{""gid_1"":""NIC.4_1"",""migration_date"":""2025-12-20"",""migration_method"":""jaccard1"",""name_1"":""Carazo""},{""gid_1"":""NIC.6_1"",""migration_date"":""2025-12-20"",""migration_method"":""jaccard1"",""name_1"":""Chontales""},{""gid_1"":""NIC.7_1"",""migration_date"":""2025-12-20"",""migration_method"":""jaccard1"",""name_1"":""Estelí""},{""gid_1"":""NIC.9_1"",""migration_date"":""2025-12-20"",""migration_method"":""jaccard1"",""name_1"":""Jinotega""},{""gid_2"":""NIC.11.10_1"",""migration_date"":""2025-12-20"",""migration_method"":""puzzle1_2"",""name_2"":""Telica""},{""gid_2"":""NIC.11.1_1"",""migration_date"":""2025-12-20"",""migration_method"":""puzzle1_2"",""name_2"":""Achuapa""},{""gid_2"":""NIC.11.2_1"",""migration_date"":""2025-12-20"",""migration_method"":""puzzle1_2"",""name_2"":""El Jicaral""},{""gid_2"":""NIC.11.3_1"",""migration_date"":""2025-12-20"",""migration_method"":""puzzle1_2"",""name_2"":""El Sauce""},{""gid_2"":""NIC.11.4_1"",""migration_date"":""2025-12-20"",""migration_method"":""puzzle1_2"",""name_2"":""La Paz Centro""},{""gid_2"":""NIC.11.5_1"",""migration_date"":""2025-12-20"",""migration_method"":""puzzle1_2"",""name_2"":""Larreynaga-Malpaisillo""},{""gid_2"":""NIC.11.6_1"",""migration_date"":""2025-12-20"",""migration_method"":""puzzle1_2"",""name_2"":""León""},{""gid_2"":""NIC.11.7_1"",""migration_date"":""2025-12-20"",""migration_method"":""puzzle1_2"",""name_2"":""Nagarote""},{""gid_2"":""NIC.11.8_1"",""migration_date"":""2025-12-20"",""migration_method"":""puzzle1_2"",""name_2"":""Quezalguaque""},{""gid_2"":""NIC.11.9_1"",""migration_date"":""2025-12-20"",""migration_method"":""puzzle1_2"",""name_2"":""Santa Rosa del Peñón""},{""gid_2"":""NIC.17.1_1"",""migration_date"":""2025-12-20"",""migration_method"":""puzzle1_2"",""name_2"":""El Almendro""},{""gid_2"":""NIC.17.2_1"",""migration_date"":""2025-12-20"",""migration_method"":""puzzle1_2"",""name_2"":""Morrito""},{""gid_2"":""NIC.17.3_1"",""migration_date"":""2025-12-20"",""migration_method"":""puzzle1_2"",""name_2"":""San Carlos""},{""gid_2"":""NIC.17.4_1"",""migration_date"":""2025-12-20"",""migration_method"":""puzzle1_2"",""name_2"":""San Juan del Norte""},{""gid_2"":""NIC.17.5_1"",""migration_date"":""2025-12-20"",""migration_method"":""puzzle1_2"",""name_2"":""San Miguelito""},{""gid_2"":""NIC.2.1_1"",""migration_date"":""2025-12-20"",""migration_method"":""puzzle1_2"",""name_2"":""Bluefields""},{""gid_2"":""NIC.2.2_1"",""migration_date"":""2025-12-20"",""migration_method"":""puzzle1_2"",""name_2"":""Bocana de Paiwas""},{""gid_2"":""NIC.2.3_1"",""migration_date"":""2025-12-20"",""migration_method"":""puzzle1_2"",""name_2"":""El Rama""},{""gid_2"":""NIC.2.4_1"",""migration_date"":""2025-12-20"",""migration_method"":""puzzle1_2"",""name_2"":""Kukra Hill""},{""gid_2"":""NIC.2.5_1"",""migration_date"":""2025-12-20"",""migration_method"":""puzzle1_2"",""name_2"":""La Cruz de Río Grande""},{""gid_2"":""NIC.2.6_1"",""migration_date"":""2025-12-20"",""migration_method"":""puzzle1_2"",""name_2"":""Laguna de Perlas""},{""gid_2"":""NIC.2.7_1"",""migration_date"":""2025-12-20"",""migration_method"":""puzzle1_2"",""name_2"":""Muelle de los Bueyes""},{""gid_2"":""NIC.2.8_1"",""migration_date"":""2025-12-20"",""migration_method"":""puzzle1_2"",""name_2"":""Nueva Guinea""},{""gid_2"":""NIC.5.10_1"",""migration_date"":""2025-12-20"",""migration_method"":""puzzle1_2"",""name_2"":""San Pedro del Norte""},{""gid_2"":""NIC.5.11_1"",""migration_date"":""2025-12-20"",""migration_method"":""puzzle1_2"",""name_2"":""Somotillo""},{""gid_2"":""NIC.5.12_1"",""migration_date"":""2025-12-20"",""migration_method"":""puzzle1_2"",""name_2"":""Villanueva""},{""gid_2"":""NIC.5.1_1"",""migration_date"":""2025-12-20"",""migration_method"":""puzzle1_2"",""name_2"":""Chichigalpa""},{""gid_2"":""NIC.5.2_1"",""migration_date"":""2025-12-20"",""migration_method"":""puzzle1_2"",""name_2"":""Chinandega""},{""gid_2"":""NIC.5.3_1"",""migration_date"":""2025-12-20"",""migration_method"":""puzzle1_2"",""name_2"":""Cinco Pinos""},{""gid_2"":""NIC.5.4_1"",""migration_date"":""2025-12-20"",""migration_method"":""puzzle1_2"",""name_2"":""Corinto""},{""gid_2"":""NIC.5.5_1"",""migration_date"":""2025-12-20"",""migration_method"":""puzzle1_2"",""name_2"":""El Realejo""},{""gid_2"":""NIC.5.6_1"",""migration_date"":""2025-12-20"",""migration_method"":""puzzle1_2"",""name_2"":""El Viejo""},{""gid_2"":""NIC.5.7_1"",""migration_date"":""2025-12-20"",""migration_method"":""puzzle1_2"",""name_2"":""Posoltega""},{""gid_2"":""NIC.5.8_1"",""migration_date"":""2025-12-20"",""migration_method"":""puzzle1_2"",""name_2"":""Puerto Morazán""},{""gid_2"":""NIC.5.9_1"",""migration_date"":""2025-12-20"",""migration_method"":""puzzle1_2"",""name_2"":""San Francisco del Norte""}]",2003-07-01,2025-12-20
2002-0409-CAN,No,nat-cli-wil-for,Natural,Climatological,Wildfire,Forest fire,,,CAN,Canada,Northern America,Americas,"Lac-Saint-Jean-Est, Le Domaine-du-Roy, Le Saguenay-et-son-Fjord, Maria-Chapdelaine, Nord-du-Québec districts (Quebec / Québec province)",,,No,No,No,,2670,Km2,,,,2002,7,,2002,7,,,,600,,600,,,,,,,55.87169607,"[{""adm2_code"":12739,""adm2_name"":""Lac-Saint-Jean-Est""},{""adm2_code"":12744,""adm2_name"":""Le Domaine-du-Roy""},{""adm2_code"":12745,""adm2_name"":""Le Saguenay-et-son-Fjord""},{""adm2_code"":12766,""adm2_name"":""Maria-Chapdelaine""},{""adm2_code"":12776,""adm2_name"":""Nord-du-Québec""}]","[{""gid_2"":""CAN.11.47_1"",""migration_date"":""2025-12-20"",""migration_method"":""jaccard2"",""name_2"":""Lac-Saint-Jean-Est""},{""gid_2"":""CAN.11.52_1"",""migration_date"":""2025-12-20"",""migration_method"":""jaccard2"",""name_2"":""Le Domaine-du-Roy""},{""gid_2"":""CAN.11.53_1"",""migration_date"":""2025-12-20"",""migration_method"":""jaccard2"",""name_2"":""Le Fjord-du-Saguenay""},{""gid_2"":""CAN.11.73_1"",""migration_date"":""2025-12-20"",""migration_method"":""jaccard2"",""name_2"":""Maria-Chapdelaine""},{""gid_2"":""CAN.11.84_1"",""migration_date"":""2025-12-20"",""migration_method"":""jaccard2"",""name_2"":""Nord-du-Québec""}]",2003-07-01,2025-12-20
2000-0017-ZAF,No,nat-cli-wil-lan,Natural,Climatological,Wildfire,"Land fire (Brush, Bush, Pasture)",,,ZAF,South Africa,Sub-Saharan Africa,Africa,"City of Capta Town Metropolitan Municipality (Western Cape province, Cape Town region)",,,No,No,No,,,Km2,,,,2000,1,15,2000,1,19,,,1000,250,1250,,,8000,14957,10000,18696,53.48773668,"[{""adm2_code"":77317,""adm2_name"":""City of Cape Town Metropolitan Municipality""}]",,2005-07-08,2023-09-25
2000-0104-ETH,No,nat-cli-wil-for,Natural,Climatological,Wildfire,Forest fire,,,ETH,Ethiopia,Sub-Saharan Africa,Africa,"Bale, Borena districts (Oromia province) Wondo genet city (Sidama district, SNNPR province)",,,No,No,No,,970,Km2,,,,2000,2,,2000,2,,,5,,,5,,,,,,,53.48773668,"[{""adm2_code"":40838,""adm2_name"":""Sidama""},{""adm2_code"":47688,""adm2_name"":""Borena""},{""adm2_code"":149288,""adm2_name"":""Bale""}]","[{""gid_2"":""ETH.10.19_1"",""migration_date"":""2025-12-20"",""migration_method"":""jaccard2"",""name_2"":""Sidama""},{""gid_2"":""ETH.8.2_1"",""migration_date"":""2025-12-20"",""migration_method"":""jaccard2"",""name_2"":""Bale""},{""gid_2"":""ETH.8.3_1"",""migration_date"":""2025-12-20"",""migration_method"":""jaccard2"",""name_2"":""Borena""}]",2003-07-01,2025-12-20
2000-0128-USA,No,nat-cli-wil-for,Natural,Climatological,Wildfire,Forest fire,,,USA,United States of America,Northern America,Americas,"Gainesville, Alachua areas (Alachua district, Florida province), Lafayette, Gulf districts (Florida province)",,,No,No,No,,113,Km2,,,,2000,2,26,2000,2,26,,,600,,600,,,,,,,53.48773668,"[{""adm2_code"":28998,""adm2_name"":""Alachua""},{""adm2_code"":29019,""adm2_name"":""Gulf""},{""adm2_code"":29030,""adm2_name"":""Lafayette""}]","[{""gid_2"":""USA.10.1_1"",""migration_date"":""2025-12-20"",""migration_method"":""jaccard2"",""name_2"":""Alachua""},{""gid_2"":""USA.10.22_1"",""migration_date"":""2025-12-20"",""migration_method"":""jaccard2"",""name_2"":""Gulf""},{""gid_2"":""USA.10.33_1"",""migration_date"":""2025-12-20"",""migration_method"":""jaccard2"",""name_2"":""Lafayette""}]",2003-07-01,2025-12-20
2000-0329-CYP,No,nat-cli-wil-for,Natural,Climatological,Wildfire,Forest fire,,,CYP,Cyprus,Western Asia,Asia,Larnaca province,,,No,No,No,,40,Km2,,,,2000,6,13,2000,6,13,,,,,,,,,,,,53.48773668,"[{""adm1_code"":1026,""adm1_name"":""Larnaca""}]","[{""gid_1"":""CYP.2_1"",""migration_date"":""2025-12-20"",""migration_method"":""jaccard1"",""name_1"":""Larnaca""}]",2003-07-01,2025-12-20
2000-0406-USA,No,nat-cli-wil-for,Natural,Climatological,Wildfire,Forest fire,,,USA,United States of America,Northern America,Americas,"Hanford area (Benton district, Washington province)",,,No,No,No,,607,Km2,,,,2000,6,27,2000,6,27,,2,8000,75,8077,,,,,,,53.48773668,"[{""adm2_code"":31632,""adm2_name"":""Benton""}]","[{""gid_2"":""USA.48.3_1"",""migration_date"":""2025-12-20"",""migration_method"":""jaccard2"",""name_2"":""Benton""}]",2003-07-01,2025-12-20
2000-0407-BGR,No,nat-cli-wil-for,Natural,Climatological,Wildfire,Forest fire,,,BGR,Bulgaria,Eastern Europe,Europe,"Haskovo, Jambol, Burgas, Stara Zagora, Plovdiv provinces",,,No,No,No,,36,Km2,,,,2000,7,1,2000,7,1,7,17,,150,167,,,,,17600,32905,53.48773668,"[{""adm1_code"":703,""adm1_name"":""Burgas""},{""adm1_code"":706,""adm1_name"":""Haskovo""},{""adm1_code"":707,""adm1_name"":""Jambol""},{""adm1_code"":715,""adm1_name"":""Plovdiv""},{""adm1_code"":724,""adm1_name"":""Stara Zagora""}]","[{""gid_1"":""BGR.14_1"",""migration_date"":""2025-12-20"",""migration_method"":""jaccard1"",""name_1"":""Plovdiv""},{""gid_1"":""BGR.22_1"",""migration_date"":""2025-12-20"",""migration_method"":""jaccard1"",""name_1"":""Stara Zagora""},{""gid_1"":""BGR.28_1"",""migration_date"":""2025-12-20"",""migration_method"":""jaccard1"",""name_1"":""Yambol""},{""gid_1"":""BGR.2_1"",""migration_date"":""2025-12-20"",""migration_method"":""jaccard1"",""name_1"":""Burgas""},{""gid_1"":""BGR.6_1"",""migration_date"":""2025-12-20"",""migration_method"":""jaccard1"",""name_1"":""Haskovo""}]",2003-07-01,2025-12-20
2000-0455-GRC,No,nat-cli-wil-for,Natural,Climatological,Wildfire,Forest fire,,,GRC,Greece,Southern Europe,Europe,"Samos island (Samou district, Voreio Aigaio province), Agioi Theodoroi, Kiato, Korinthias areas (Korinthias district, Peloponnisos province), Diakofto area (Achaias district, Dytiki Ellada province), Thassos island (Kavalas district, Anatoliki Makedonia Kai Thraki province), Chios island (Chiou district, Voreio Aigaio province), Mandra area (Attikis district, Attiki province), Rhode island (Dodekanisou district, Notio Aigaio province), Sterea Ellada, Thessalia provinces",,,Yes,No,No,,115,Km2,,,,2000,7,,2000,7,,2,12,,90,102,,,,,,,53.48773668,"[{""adm1_code"":1346,""adm1_name"":""Sterea Ellada""},{""adm1_code"":1347,""adm1_name"":""Thessalia""},{""adm2_code"":16677,""adm2_name"":""Kavalas""},{""adm2_code"":16680,""adm2_name"":""Attikis""},{""adm2_code"":16681,""adm2_name"":""Achaias""},{""adm2_code"":16712,""adm2_name"":""Korinthias""},{""adm2_code"":16724,""adm2_name"":""Chiou""},{""adm2_code"":16726,""adm2_name"":""Samou""},{""adm2_code"":16708,""adm2_name"":""Dodekanisou""}]","[{""gid_1"":""GRC.1_1"",""migration_date"":""2025-12-20"",""migration_method"":""within2_1"",""name_1"":""Aegean""},{""gid_2"":""GRC.3.1_1"",""migration_date"":""2025-12-20"",""migration_method"":""jaccard2"",""name_2"":""Attica""},{""gid_2"":""GRC.6.2_1"",""migration_date"":""2025-12-20"",""migration_method"":""bufhaus2"",""name_2"":""East Macedonia and Thrace""},{""gid_2"":""GRC.7.2_1"",""migration_date"":""2025-12-20"",""migration_method"":""bufhaus2"",""name_2"":""Peloponnese""},{""gid_2"":""GRC.7.3_1"",""migration_date"":""2025-12-20"",""migration_method"":""bufhaus2"",""name_2"":""West Greece""},{""gid_2"":""GRC.8.1_1"",""migration_date"":""2025-12-20"",""migration_method"":""puzzle1_2"",""name_2"":""Central Greece""},{""gid_2"":""GRC.8.2_1"",""migration_date"":""2025-12-20"",""migration_method"":""puzzle1_2"",""name_2"":""Thessaly""}]",2003-07-01,2025-12-20
2000-0580-ESP,No,nat-cli-wil-for,Natural,Climatological,Wildfire,Forest fire,,,ESP,Spain,Southern Europe,Europe,"Galicia, Castilla y Leon, Cataluna/Catalunya provinces",,,No,No,No,,615,Km2,,,,2000,,,2000,,,,,,,,,,,,,,53.48773668,"[{""adm1_code"":2722,""adm1_name"":""Castilla y León""},{""adm1_code"":2724,""adm1_name"":""Cataluña/Catalunya""},{""adm1_code"":2728,""adm1_name"":""Galicia""}]","[{""gid_1"":""ESP.12_1"",""migration_date"":""2025-12-20"",""migration_method"":""jaccard1"",""name_1"":""Galicia""},{""gid_1"":""ESP.5_1"",""migration_date"":""2025-12-20"",""migration_method"":""jaccard1"",""name_1"":""Castilla y León""},{""gid_1"":""ESP.6_1"",""migration_date"":""2025-12-20"",""migration_method"":""jaccard1"",""name_1"":""Cataluña""}]",2003-07-01,2025-12-20
2000-0659-AUS,No,nat-cli-wil-lan,Natural,Climatological,Wildfire,"Land fire (Brush, Bush, Pasture)",,,AUS,Australia,Australia and New Zealand,Oceania,"Ashfield (A), Auburn (C), Bankstown (C), Botany Bay (C), Burwood (A), Canada Bay (A), Canterbury (C), Holroyd (C), Hunters Hill (A), Hurstville (C), Kogarah (C), Ku-ring-gai (A), Lane Cove (A), Leichhardt (A), Manly (A), Marrickville (A), Mosman (A), North Sydney (A), Parramatta (C), Pittwater (A), Randwick (C), Rockdale (C), Ryde (C), Strathfield (A), Sutherland Shire (A), Sydney (C), Warringah (A), Waverley (A), Willoughby (C), Woollahra (A) districts (New South Wales province)",,,No,No,No,,,Km2,,,,2000,10,,2000,10,,,,200,,200,,,,,,,53.48773668,"[{""adm2_code"":4944,""adm2_name"":""Ashfield (A)""},{""adm2_code"":4945,""adm2_name"":""Auburn (C)""},{""adm2_code"":4948,""adm2_name"":""Bankstown (C)""},{""adm2_code"":4963,""adm2_name"":""Botany Bay (C)""},{""adm2_code"":4967,""adm2_name"":""Burwood (A)""},{""adm2_code"":4972,""adm2_name"":""Canterbury (C)""},{""adm2_code"":5020,""adm2_name"":""Holroyd (C)""},{""adm2_code"":5023,""adm2_name"":""Hunters Hill (A)""},{""adm2_code"":5024,""adm2_name"":""Hurstville (C)""},{""adm2_code"":5030,""adm2_name"":""Kogarah (C)""},{""adm2_code"":5031,""adm2_name"":""Ku-ring-gai (A)""},{""adm2_code"":5035,""adm2_name"":""Lane Cove (A)""},{""adm2_code"":5044,""adm2_name"":""Manly (A)""},{""adm2_code"":5045,""adm2_name"":""Marrickville (A)""},{""adm2_code"":5048,""adm2_name"":""Mosman (A)""},{""adm2_code"":5060,""adm2_name"":""North Sydney (A)""},{""adm2_code"":5066,""adm2_name"":""Parramatta (C)""},{""adm2_code"":5069,""adm2_name"":""Pittwater (A)""},{""adm2_code"":5073,""adm2_name"":""Randwick (C)""},{""adm2_code"":5075,""adm2_name"":""Rockdale (C)""},{""adm2_code"":5076,""adm2_name"":""Ryde (C)""},{""adm2_code"":5085,""adm2_name"":""Strathfield (A)""},{""adm2_code"":5086,""adm2_name"":""Sutherland Shire (A)""},{""adm2_code"":5104,""adm2_name"":""Warringah (A)""},{""adm2_code"":5105,""adm2_name"":""Waverley (A)""},{""adm2_code"":5109,""adm2_name"":""Willoughby (C)""},{""adm2_code"":5114,""adm2_name"":""Woollahra (A)""},{""adm2_code"":143252,""adm2_name"":""Canada Bay (A)""},{""adm2_code"":154629,""adm2_name"":""Leichhardt (A)""},{""adm2_code"":154637,""adm2_name"":""Sydney (C)""}]","[{""gid_2"":""AUS.5.101_1"",""migration_date"":""2025-12-20"",""migration_method"":""jaccard2"",""name_2"":""North Sydney""},{""gid_2"":""AUS.5.106_1"",""migration_date"":""2025-12-20"",""migration_method"":""jaccard2"",""name_2"":""Parramatta""},{""gid_2"":""AUS.5.108_1"",""migration_date"":""2025-12-20"",""migration_method"":""jaccard2"",""name_2"":""Pittwater""},{""gid_2"":""AUS.5.112_1"",""migration_date"":""2025-12-20"",""migration_method"":""jaccard2"",""name_2"":""Randwick""},{""gid_2"":""AUS.5.114_1"",""migration_date"":""2025-12-20"",""migration_method"":""jaccard2"",""name_2"":""Rockdale""},{""gid_2"":""AUS.5.115_1"",""migration_date"":""2025-12-20"",""migration_method"":""jaccard2"",""name_2"":""Ryde""},{""gid_2"":""AUS.5.120_1"",""migration_date"":""2025-12-20"",""migration_method"":""jaccard2"",""name_2"":""Strathfield""},{""gid_2"":""AUS.5.121_1"",""migration_date"":""2025-12-20"",""migration_method"":""jaccard2"",""name_2"":""Sutherland""},{""gid_2"":""AUS.5.122_1"",""migration_date"":""2025-12-20"",""migration_method"":""jaccard2"",""name_2"":""Sydney""},{""gid_2"":""AUS.5.140_1"",""migration_date"":""2025-12-20"",""migration_method"":""jaccard2"",""name_2"":""Warringah""},{""gid_2"":""AUS.5.142_1"",""migration_date"":""2025-12-20"",""migration_method"":""jaccard2"",""name_2"":""Waverley""},{""gid_2"":""AUS.5.146_1"",""migration_date"":""2025-12-20"",""migration_method"":""jaccard2"",""name_2"":""Willoughby""},{""gid_2"":""AUS.5.150_1"",""migration_date"":""2025-12-20"",""migration_method"":""jaccard2"",""name_2"":""Woollahra""},{""gid_2"":""AUS.5.19_1"",""migration_date"":""2025-12-20"",""migration_method"":""jaccard2"",""name_2"":""Botany Bay""},{""gid_2"":""AUS.5.23_1"",""migration_date"":""2025-12-20"",""migration_method"":""jaccard2"",""name_2"":""Burwood""},{""gid_2"":""AUS.5.28_1"",""migration_date"":""2025-12-20"",""migration_method"":""jaccard2"",""name_2"":""Canada Bay""},{""gid_2"":""AUS.5.29_1"",""migration_date"":""2025-12-20"",""migration_method"":""jaccard2"",""name_2"":""Canterbury""},{""gid_2"":""AUS.5.3_1"",""migration_date"":""2025-12-20"",""migration_method"":""jaccard2"",""name_2"":""Ashfield""},{""gid_2"":""AUS.5.4_1"",""migration_date"":""2025-12-20"",""migration_method"":""jaccard2"",""name_2"":""Auburn""},{""gid_2"":""AUS.5.65_1"",""migration_date"":""2025-12-20"",""migration_method"":""jaccard2"",""name_2"":""Holroyd""},{""gid_2"":""AUS.5.67_1"",""migration_date"":""2025-12-20"",""migration_method"":""jaccard2"",""name_2"":""Hunters Hill""},{""gid_2"":""AUS.5.68_1"",""migration_date"":""2025-12-20"",""migration_method"":""jaccard2"",""name_2"":""Hurstville""},{""gid_2"":""AUS.5.74_1"",""migration_date"":""2025-12-20"",""migration_method"":""jaccard2"",""name_2"":""Kogarah""},{""gid_2"":""AUS.5.75_1"",""migration_date"":""2025-12-20"",""migration_method"":""jaccard2"",""name_2"":""Ku-ring-gai""},{""gid_2"":""AUS.5.79_1"",""migration_date"":""2025-12-20"",""migration_method"":""jaccard2"",""name_2"":""Lane Cove""},{""gid_2"":""AUS.5.7_1"",""migration_date"":""2025-12-20"",""migration_method"":""jaccard2"",""name_2"":""Bankstown""},{""gid_2"":""AUS.5.81_1"",""migration_date"":""2025-12-20"",""migration_method"":""jaccard2"",""name_2"":""Leichhardt""},{""gid_2"":""AUS.5.88_1"",""migration_date"":""2025-12-20"",""migration_method"":""jaccard2"",""name_2"":""Manly""},{""gid_2"":""AUS.5.89_1"",""migration_date"":""2025-12-20"",""migration_method"":""jaccard2"",""name_2"":""Marrickville""},{""gid_2"":""AUS.5.92_1"",""migration_date"":""2025-12-20"",""migration_method"":""jaccard2"",""name_2"":""Mosman""}]",2003-07-01,2025-12-20
2000-0639-MKD,No,nat-cli-wil-for,Natural,Climatological,Wildfire,Forest fire,,,MKD,North Macedonia,Southern Europe,Europe,"Berovo, Bitola, Brod, Debar, Delcevo, Demir Hisar, Gevgelija, Gostivar, Kavadarci, Kicevo, Kocani, Kratovo, Kriva Palanka, Krusevo, Kumanovo, Negotino, Ohrid, Prilep, Probistip, Radovic, Resen, Skopje, Stip, Struga, Strumica, Sveti Nikole, Tetovo, Valandovo, Veles, Vinica provinces",,,No,No,No,,160,Km2,,,,2000,8,,2000,8,,,,,,,,,,,13563,25357,53.48773668,"[{""adm1_code"":2927,""adm1_name"":""Berovo""},{""adm1_code"":2928,""adm1_name"":""Bitola""},{""adm1_code"":2929,""adm1_name"":""Brod""},{""adm1_code"":2930,""adm1_name"":""Debar""},{""adm1_code"":2931,""adm1_name"":""Delcevo""},{""adm1_code"":2932,""adm1_name"":""Demir Hisar""},{""adm1_code"":2933,""adm1_name"":""Gevgelija""},{""adm1_code"":2934,""adm1_name"":""Gostivar""},{""adm1_code"":2935,""adm1_name"":""Kavadarci""},{""adm1_code"":2936,""adm1_name"":""Kicevo""},{""adm1_code"":2937,""adm1_name"":""Kocani""},{""adm1_code"":2938,""adm1_name"":""Kratovo""},{""adm1_code"":2939,""adm1_name"":""Kriva Palanka""},{""adm1_code"":2940,""adm1_name"":""Krusevo""},{""adm1_code"":2941,""adm1_name"":""Kumanovo""},{""adm1_code"":2942,""adm1_name"":""Negotino""},{""adm1_code"":2943,""adm1_name"":""Ohrid""},{""adm1_code"":2944,""adm1_name"":""Prilep""},{""adm1_code"":2945,""adm1_name"":""Probistip""},{""adm1_code"":2946,""adm1_name"":""Radovic""},{""adm1_code"":2947,""adm1_name"":""Resen""},{""adm1_code"":2948,""adm1_name"":""Skopje""},{""adm1_code"":2949,""adm1_name"":""Stip""},{""adm1_code"":2950,""adm1_name"":""Struga""},{""adm1_code"":2951,""adm1_name"":""Strumica""},{""adm1_code"":2952,""adm1_name"":""Sveti Nikole""},{""adm1_code"":2953,""adm1_name"":""Tetovo""},{""adm1_code"":2954,""adm1_name"":""Valandovo""},{""adm1_code"":2955,""adm1_name"":""Veles""},{""adm1_code"":2956,""adm1_name"":""Vinica""}]","[{""gid_1"":""MKD.10_1"",""migration_date"":""2025-12-20"",""migration_method"":""puzzle1_1"",""name_1"":""Čair""},{""gid_1"":""MKD.11_1"",""migration_date"":""2025-12-20"",""migration_method"":""puzzle1_1"",""name_1"":""Čaška""},{""gid_1"":""MKD.12_1"",""migration_date"":""2025-12-20"",""migration_method"":""puzzle1_1"",""name_1"":""Centar""},{""gid_1"":""MKD.13_1"",""migration_date"":""2025-12-20"",""migration_method"":""puzzle1_1"",""name_1"":""Centar župa""},{""gid_1"":""MKD.14_1"",""migration_date"":""2025-12-20"",""migration_method"":""puzzle1_1"",""name_1"":""Češinovo-Obleševo""},{""gid_1"":""MKD.15_1"",""migration_date"":""2025-12-20"",""migration_method"":""puzzle1_1"",""name_1"":""Čučer Sandevo""},{""gid_1"":""MKD.16_1"",""migration_date"":""2025-12-20"",""migration_method"":""puzzle1_1"",""name_1"":""Debar""},{""gid_1"":""MKD.17_1"",""migration_date"":""2025-12-20"",""migration_method"":""puzzle1_1"",""name_1"":""Debarca""},{""gid_1"":""MKD.18_1"",""migration_date"":""2025-12-20"",""migration_method"":""bufhaus1"",""name_1"":""Delčevo""},{""gid_1"":""MKD.19_1"",""migration_date"":""2025-12-20"",""migration_method"":""jaccard1"",""name_1"":""Demir Hisar""},{""gid_1"":""MKD.1_1"",""migration_date"":""2025-12-20"",""migration_method"":""puzzle1_1"",""name_1"":""Aerodrom""},{""gid_1"":""MKD.20_1"",""migration_date"":""2025-12-20"",""migration_method"":""puzzle1_1"",""name_1"":""Demir Kapija""},{""gid_1"":""MKD.21_1"",""migration_date"":""2025-12-20"",""migration_method"":""puzzle1_1"",""name_1"":""Dolneni""},{""gid_1"":""MKD.23_1"",""migration_date"":""2025-12-20"",""migration_method"":""puzzle1_1"",""name_1"":""Gazi Baba""},{""gid_1"":""MKD.24_1"",""migration_date"":""2025-12-20"",""migration_method"":""puzzle1_1"",""name_1"":""Gevgelija""},{""gid_1"":""MKD.25_1"",""migration_date"":""2025-12-20"",""migration_method"":""puzzle1_1"",""name_1"":""Gjorče Petrov""},{""gid_1"":""MKD.26_1"",""migration_date"":""2025-12-20"",""migration_method"":""puzzle1_1"",""name_1"":""Gostivar""},{""gid_1"":""MKD.27_1"",""migration_date"":""2025-12-20"",""migration_method"":""puzzle1_1"",""name_1"":""Gradsko""},{""gid_1"":""MKD.28_1"",""migration_date"":""2025-12-20"",""migration_method"":""puzzle1_1"",""name_1"":""Ilinden""},{""gid_1"":""MKD.29_1"",""migration_date"":""2025-12-20"",""migration_method"":""puzzle1_1"",""name_1"":""Jegunovtse""},{""gid_1"":""MKD.2_1"",""migration_date"":""2025-12-20"",""migration_method"":""puzzle1_1"",""name_1"":""Aracinovo""},{""gid_1"":""MKD.30_1"",""migration_date"":""2025-12-20"",""migration_method"":""puzzle1_1"",""name_1"":""Karbinci""},{""gid_1"":""MKD.31_1"",""migration_date"":""2025-12-20"",""migration_method"":""puzzle1_1"",""name_1"":""Karpoš""},{""gid_1"":""MKD.32_1"",""migration_date"":""2025-12-20"",""migration_method"":""puzzle1_1"",""name_1"":""Kavadartsi""},{""gid_1"":""MKD.33_1"",""migration_date"":""2025-12-20"",""migration_method"":""jaccard1"",""name_1"":""Kičevo""},{""gid_1"":""MKD.34_1"",""migration_date"":""2025-12-20"",""migration_method"":""puzzle1_1"",""name_1"":""Kisela Voda""},{""gid_1"":""MKD.35_1"",""migration_date"":""2025-12-20"",""migration_method"":""puzzle1_1"",""name_1"":""Kočani""},{""gid_1"":""MKD.36_1"",""migration_date"":""2025-12-20"",""migration_method"":""puzzle1_1"",""name_1"":""Konče""},{""gid_1"":""MKD.37_1"",""migration_date"":""2025-12-20"",""migration_method"":""bufhaus1"",""name_1"":""Kratovo""},{""gid_1"":""MKD.38_1"",""migration_date"":""2025-12-20"",""migration_method"":""puzzle1_1"",""name_1"":""Kriva Palanka""},{""gid_1"":""MKD.39_1"",""migration_date"":""2025-12-20"",""migration_method"":""puzzle1_1"",""name_1"":""Krivogaštani""},{""gid_1"":""MKD.3_1"",""migration_date"":""2025-12-20"",""migration_method"":""puzzle1_1"",""name_1"":""Berovo""},{""gid_1"":""MKD.40_1"",""migration_date"":""2025-12-20"",""migration_method"":""bufhaus1"",""name_1"":""Kruševo""},{""gid_1"":""MKD.41_1"",""migration_date"":""2025-12-20"",""migration_method"":""puzzle1_1"",""name_1"":""Kumanovo""},{""gid_1"":""MKD.42_1"",""migration_date"":""2025-12-20"",""migration_method"":""puzzle1_1"",""name_1"":""Lake Ohrid""},{""gid_1"":""MKD.43_1"",""migration_date"":""2025-12-20"",""migration_method"":""puzzle1_1"",""name_1"":""Lipkovo""},{""gid_1"":""MKD.44_1"",""migration_date"":""2025-12-20"",""migration_method"":""puzzle1_1"",""name_1"":""Lozovo""},{""gid_1"":""MKD.45_1"",""migration_date"":""2025-12-20"",""migration_method"":""puzzle1_1"",""name_1"":""Makedonska Kamenica""},{""gid_1"":""MKD.46_1"",""migration_date"":""2025-12-20"",""migration_method"":""jaccard1"",""name_1"":""Makedonski Brod""},{""gid_1"":""MKD.47_1"",""migration_date"":""2025-12-20"",""migration_method"":""puzzle1_1"",""name_1"":""Mavrovo and Rostuša""},{""gid_1"":""MKD.48_1"",""migration_date"":""2025-12-20"",""migration_method"":""puzzle1_1"",""name_1"":""Mogila""},{""gid_1"":""MKD.49_1"",""migration_date"":""2025-12-20"",""migration_method"":""puzzle1_1"",""name_1"":""Negotino""},{""gid_1"":""MKD.4_1"",""migration_date"":""2025-12-20"",""migration_method"":""puzzle1_1"",""name_1"":""Bitola""},{""gid_1"":""MKD.50_1"",""migration_date"":""2025-12-20"",""migration_method"":""puzzle1_1"",""name_1"":""Novatsi""},{""gid_1"":""MKD.51_1"",""migration_date"":""2025-12-20"",""migration_method"":""puzzle1_1"",""name_1"":""Novo Selo""},{""gid_1"":""MKD.52_1"",""migration_date"":""2025-12-20"",""migration_method"":""puzzle1_1"",""name_1"":""Ohrid""},{""gid_1"":""MKD.54_1"",""migration_date"":""2025-12-20"",""migration_method"":""puzzle1_1"",""name_1"":""Pehčevo""},{""gid_1"":""MKD.55_1"",""migration_date"":""2025-12-20"",""migration_method"":""puzzle1_1"",""name_1"":""Petrovec""},{""gid_1"":""MKD.57_1"",""migration_date"":""2025-12-20"",""migration_method"":""puzzle1_1"",""name_1"":""Prilep""},{""gid_1"":""MKD.58_1"",""migration_date"":""2025-12-20"",""migration_method"":""bufhaus1"",""name_1"":""Probištip""},{""gid_1"":""MKD.59_1"",""migration_date"":""2025-12-20"",""migration_method"":""puzzle1_1"",""name_1"":""Radoviš""},{""gid_1"":""MKD.5_1"",""migration_date"":""2025-12-20"",""migration_method"":""puzzle1_1"",""name_1"":""Bogdanci""},{""gid_1"":""MKD.60_1"",""migration_date"":""2025-12-20"",""migration_method"":""puzzle1_1"",""name_1"":""Rankovce""},{""gid_1"":""MKD.61_1"",""migration_date"":""2025-12-20"",""migration_method"":""jaccard1"",""name_1"":""Resen""},{""gid_1"":""MKD.62_1"",""migration_date"":""2025-12-20"",""migration_method"":""puzzle1_1"",""name_1"":""Rosoman""},{""gid_1"":""MKD.63_1"",""migration_date"":""2025-12-20"",""migration_method"":""puzzle1_1"",""name_1"":""Saraj""},{""gid_1"":""MKD.64_1"",""migration_date"":""2025-12-20"",""migration_method"":""puzzle1_1"",""name_1"":""Sopište""},{""gid_1"":""MKD.65_1"",""migration_date"":""2025-12-20"",""migration_method"":""puzzle1_1"",""name_1"":""Star Dojran""},{""gid_1"":""MKD.66_1"",""migration_date"":""2025-12-20"",""migration_method"":""puzzle1_1"",""name_1"":""Staro Nagoričane""},{""gid_1"":""MKD.67_1"",""migration_date"":""2025-12-20"",""migration_method"":""puzzle1_1"",""name_1"":""Štip""},{""gid_1"":""MKD.68_1"",""migration_date"":""2025-12-20"",""migration_method"":""puzzle1_1"",""name_1"":""Struga""},{""gid_1"":""MKD.69_1"",""migration_date"":""2025-12-20"",""migration_method"":""puzzle1_1"",""name_1"":""Strumitsa""},{""gid_1"":""MKD.6_1"",""migration_date"":""2025-12-20"",""migration_method"":""puzzle1_1"",""name_1"":""Bogovinje""},{""gid_1"":""MKD.70_1"",""migration_date"":""2025-12-20"",""migration_method"":""puzzle1_1"",""name_1"":""Studeničani""},{""gid_1"":""MKD.71_1"",""migration_date"":""2025-12-20"",""migration_method"":""puzzle1_1"",""name_1"":""Šuto Orizari""},{""gid_1"":""MKD.72_1"",""migration_date"":""2025-12-20"",""migration_method"":""puzzle1_1"",""name_1"":""Sveti Nikole""},{""gid_1"":""MKD.73_1"",""migration_date"":""2025-12-20"",""migration_method"":""puzzle1_1"",""name_1"":""Tearce""},{""gid_1"":""MKD.74_1"",""migration_date"":""2025-12-20"",""migration_method"":""puzzle1_1"",""name_1"":""Tetovo""},{""gid_1"":""MKD.75_1"",""migration_date"":""2025-12-20"",""migration_method"":""jaccard1"",""name_1"":""Valandovo""},{""gid_1"":""MKD.76_1"",""migration_date"":""2025-12-20"",""migration_method"":""puzzle1_1"",""name_1"":""Vasilevo""},{""gid_1"":""MKD.77_1"",""migration_date"":""2025-12-20"",""migration_method"":""puzzle1_1"",""name_1"":""Veles""},{""gid_1"":""MKD.78_1"",""migration_date"":""2025-12-20"",""migration_method"":""puzzle1_1"",""name_1"":""Vevčani""},{""gid_1"":""MKD.79_1"",""migration_date"":""2025-12-20"",""migration_method"":""bufhaus1"",""name_1"":""Vinitsa""},{""gid_1"":""MKD.7_1"",""migration_date"":""2025-12-20"",""migration_method"":""puzzle1_1"",""name_1"":""Bosilovo""},{""gid_1"":""MKD.81_1"",""migration_date"":""2025-12-20"",""migration_method"":""puzzle1_1"",""name_1"":""Vrapčište""},{""gid_1"":""MKD.83_1"",""migration_date"":""2025-12-20"",""migration_method"":""puzzle1_1"",""name_1"":""Zelenikovo""},{""gid_1"":""MKD.84_1"",""migration_date"":""2025-12-20"",""migration_method"":""puzzle1_1"",""name_1"":""Želino""},{""gid_1"":""MKD.85_1"",""migration_date"":""2025-12-20"",""migration_method"":""puzzle1_1"",""name_1"":""Zrnovci""},{""gid_1"":""MKD.8_1"",""migration_date"":""2025-12-20"",""migration_method"":""puzzle1_1"",""name_1"":""Brvenica""},{""gid_1"":""MKD.9_1"",""migration_date"":""2025-12-20"",""migration_method"":""puzzle1_1"",""name_1"":""Butel""}]",2003-07-01,2025-12-20
2001-0303-USA,No,nat-cli-wil-for,Natural,Climatological,Wildfire,Forest fire,,,USA,United States of America,Northern America,Americas,Florida province,,,No,No,No,,1030,Km2,,,,2001,4,,2001,4,,1,10,129,,139,,,,,,,54.99938527,"[{""adm1_code"":3223,""adm1_name"":""Florida""}]","[{""gid_1"":""USA.10_1"",""migration_date"":""2025-12-20"",""migration_method"":""jaccard1"",""name_1"":""Florida""}]",2003-07-01,2025-12-20
2001-0722-USA,No,nat-cli-wil-for,Natural,Climatological,Wildfire,Forest fire,,,USA,United States of America,Northern America,Americas,"Tennessee, Kentucky, West Virginia, Virginia, Georgia provinces",,,No,No,No,,283,Km2,,,,2001,10,30,2001,10,30,1,,,,,,,,,,,54.99938527,"[{""adm1_code"":3224,""adm1_name"":""Georgia""},{""adm1_code"":3231,""adm1_name"":""Kentucky""},{""adm1_code"":3256,""adm1_name"":""Tennessee""},{""adm1_code"":3260,""adm1_name"":""Virginia""},{""adm1_code"":3262,""adm1_name"":""West Virginia""}]","[{""gid_1"":""USA.11_1"",""migration_date"":""2025-12-20"",""migration_method"":""jaccard1"",""name_1"":""Georgia""},{""gid_1"":""USA.18_1"",""migration_date"":""2025-12-20"",""migration_method"":""jaccard1"",""name_1"":""Kentucky""},{""gid_1"":""USA.43_1"",""migration_date"":""2025-12-20"",""migration_method"":""jaccard1"",""name_1"":""Tennessee""},{""gid_1"":""USA.47_1"",""migration_date"":""2025-12-20"",""migration_method"":""jaccard1"",""name_1"":""Virginia""},{""gid_1"":""USA.49_1"",""migration_date"":""2025-12-20"",""migration_method"":""jaccard1"",""name_1"":""West Virginia""}]",2003-07-01,2025-12-20
2002-0092-USA,No,nat-cli-wil-for,Natural,Climatological,Wildfire,Forest fire,,,USA,United States of America,Northern America,Americas,"Fallbrok area (San Diego district, Californie province)",,,No,No,No,,23,Km2,,,,2002,2,10,2002,2,10,,11,,123,134,,,,,6600,11813,55.87169607,"[{""adm2_code"":28901,""adm2_name"":""San Diego""}]","[{""gid_2"":""USA.5.37_1"",""migration_date"":""2025-12-20"",""migration_method"":""jaccard2"",""name_2"":""San Diego""}]",2005-05-03,2025-12-20
2002-0312-USA,No,nat-cli-wil-lan,Natural,Climatological,Wildfire,"Land fire (Brush, Bush, Pasture)",,,USA,United States of America,Northern America,Americas,Arizona province,,,No,No,No,,145,Km2,,,,2002,4,,2002,4,,,,,,,,,,,,,55.87169607,"[{""adm1_code"":3216,""adm1_name"":""Arizona""}]","[{""gid_1"":""USA.3_1"",""migration_date"":""2025-12-20"",""migration_method"":""jaccard1"",""name_1"":""Arizona""}]",2003-07-01,2025-12-20
2002-0416-ZAF,No,nat-cli-wil-lan,Natural,Climatological,Wildfire,"Land fire (Brush, Bush, Pasture)",,,ZAF,South Africa,Sub-Saharan Africa,Africa,"Eastern Cape, Mpumalanga provinces",,,No,No,No,,,Km2,,,,2002,7,,2002,7,,3,500,,1000,1500,,,,,,,55.87169607,"[{""adm1_code"":77310,""adm1_name"":""Eastern Cape""},{""adm1_code"":77313,""adm1_name"":""Mpumalanga""}]","[{""gid_1"":""ZAF.1_1"",""migration_date"":""2025-12-20"",""migration_method"":""jaccard1"",""name_1"":""Eastern Cape""},{""gid_1"":""ZAF.6_1"",""migration_date"":""2025-12-20"",""migration_method"":""jaccard1"",""name_1"":""Mpumalanga""}]",2003-07-01,2025-12-20
2002-0765-AUS,No,nat-cli-wil-lan,Natural,Climatological,Wildfire,"Land fire (Brush, Bush, Pasture)",,,AUS,Australia,Australia and New Zealand,Oceania,"Sydney (Ashfield (A), Auburn (C), Bankstown (C), Botany Bay (C), Burwood (A), Canada Bay (A), Canterbury (C), Holroyd (C), Hunters Hill (A), Hurstville (C), Kogarah (C), Ku-ring-gai (A), Lane Cove (A), Leichhardt (A), Manly (A), Marrickville (A), Mosman (A), North Sydney (A), Parramatta (C), Pittwater (A), Randwick (C), Rockdale (C), Ryde (C), Strathfield (A), Sutherland Shire (A), Sydney (C), Warringah (A), Waverley (A), Willoughby (C), Woollahra (A) districts, New South Wales province)",,,No,No,No,,,Km2,,,,2002,10,8,2002,12,6,2,4,,240,244,,,,,50000,89491,55.87169607,"[{""adm2_code"":4944,""adm2_name"":""Ashfield (A)""},{""adm2_code"":4945,""adm2_name"":""Auburn (C)""},{""adm2_code"":4948,""adm2_name"":""Bankstown (C)""},{""adm2_code"":4963,""adm2_name"":""Botany Bay (C)""},{""adm2_code"":4967,""adm2_name"":""Burwood (A)""},{""adm2_code"":4972,""adm2_name"":""Canterbury (C)""},{""adm2_code"":5020,""adm2_name"":""Holroyd (C)""},{""adm2_code"":5023,""adm2_name"":""Hunters Hill (A)""},{""adm2_code"":5024,""adm2_name"":""Hurstville (C)""},{""adm2_code"":5030,""adm2_name"":""Kogarah (C)""},{""adm2_code"":5031,""adm2_name"":""Ku-ring-gai (A)""},{""adm2_code"":5035,""adm2_name"":""Lane Cove (A)""},{""adm2_code"":5044,""adm2_name"":""Manly (A)""},{""adm2_code"":5045,""adm2_name"":""Marrickville (A)""},{""adm2_code"":5048,""adm2_name"":""Mosman (A)""},{""adm2_code"":5060,""adm2_name"":""North Sydney (A)""},{""adm2_code"":5066,""adm2_name"":""Parramatta (C)""},{""adm2_code"":5069,""adm2_name"":""Pittwater (A)""},{""adm2_code"":5073,""adm2_name"":""Randwick (C)""},{""adm2_code"":5075,""adm2_name"":""Rockdale (C)""},{""adm2_code"":5076,""adm2_name"":""Ryde (C)""},{""adm2_code"":5085,""adm2_name"":""Strathfield (A)""},{""adm2_code"":5086,""adm2_name"":""Sutherland Shire (A)""},{""adm2_code"":5104,""adm2_name"":""Warringah (A)""},{""adm2_code"":5105,""adm2_name"":""Waverley (A)""},{""adm2_code"":5109,""adm2_name"":""Willoughby (C)""},{""adm2_code"":5114,""adm2_name"":""Woollahra (A)""},{""adm2_code"":143252,""adm2_name"":""Canada Bay (A)""},{""adm2_code"":154629,""adm2_name"":""Leichhardt (A)""},{""adm2_code"":154637,""adm2_name"":""Sydney (C)""}]","[{""gid_2"":""AUS.5.101_1"",""migration_date"":""2025-12-20"",""migration_method"":""jaccard2"",""name_2"":""North Sydney""},{""gid_2"":""AUS.5.106_1"",""migration_date"":""2025-12-20"",""migration_method"":""jaccard2"",""name_2"":""Parramatta""},{""gid_2"":""AUS.5.108_1"",""migration_date"":""2025-12-20"",""migration_method"":""jaccard2"",""name_2"":""Pittwater""},{""gid_2"":""AUS.5.112_1"",""migration_date"":""2025-12-20"",""migration_method"":""jaccard2"",""name_2"":""Randwick""},{""gid_2"":""AUS.5.114_1"",""migration_date"":""2025-12-20"",""migration_method"":""jaccard2"",""name_2"":""Rockdale""},{""gid_2"":""AUS.5.115_1"",""migration_date"":""2025-12-20"",""migration_method"":""jaccard2"",""name_2"":""Ryde""},{""gid_2"":""AUS.5.120_1"",""migration_date"":""2025-12-20"",""migration_method"":""jaccard2"",""name_2"":""Strathfield""},{""gid_2"":""AUS.5.121_1"",""migration_date"":""2025-12-20"",""migration_method"":""jaccard2"",""name_2"":""Sutherland""},{""gid_2"":""AUS.5.122_1"",""migration_date"":""2025-12-20"",""migration_method"":""jaccard2"",""name_2"":""Sydney""},{""gid_2"":""AUS.5.140_1"",""migration_date"":""2025-12-20"",""migration_method"":""jaccard2"",""name_2"":""Warringah""},{""gid_2"":""AUS.5.142_1"",""migration_date"":""2025-12-20"",""migration_method"":""jaccard2"",""name_2"":""Waverley""},{""gid_2"":""AUS.5.146_1"",""migration_date"":""2025-12-20"",""migration_method"":""jaccard2"",""name_2"":""Willoughby""},{""gid_2"":""AUS.5.150_1"",""migration_date"":""2025-12-20"",""migration_method"":""jaccard2"",""name_2"":""Woollahra""},{""gid_2"":""AUS.5.19_1"",""migration_date"":""2025-12-20"",""migration_method"":""jaccard2"",""name_2"":""Botany Bay""},{""gid_2"":""AUS.5.23_1"",""migration_date"":""2025-12-20"",""migration_method"":""jaccard2"",""name_2"":""Burwood""},{""gid_2"":""AUS.5.28_1"",""migration_date"":""2025-12-20"",""migration_method"":""jaccard2"",""name_2"":""Canada Bay""},{""gid_2"":""AUS.5.29_1"",""migration_date"":""2025-12-20"",""migration_method"":""jaccard2"",""name_2"":""Canterbury""},{""gid_2"":""AUS.5.3_1"",""migration_date"":""2025-12-20"",""migration_method"":""jaccard2"",""name_2"":""Ashfield""},{""gid_2"":""AUS.5.4_1"",""migration_date"":""2025-12-20"",""migration_method"":""jaccard2"",""name_2"":""Auburn""},{""gid_2"":""AUS.5.65_1"",""migration_date"":""2025-12-20"",""migration_method"":""jaccard2"",""name_2"":""Holroyd""},{""gid_2"":""AUS.5.67_1"",""migration_date"":""2025-12-20"",""migration_method"":""jaccard2"",""name_2"":""Hunters Hill""},{""gid_2"":""AUS.5.68_1"",""migration_date"":""2025-12-20"",""migration_method"":""jaccard2"",""name_2"":""Hurstville""},{""gid_2"":""AUS.5.74_1"",""migration_date"":""2025-12-20"",""migration_method"":""jaccard2"",""name_2"":""Kogarah""},{""gid_2"":""AUS.5.75_1"",""migration_date"":""2025-12-20"",""migration_method"":""jaccard2"",""name_2"":""Ku-ring-gai""},{""gid_2"":""AUS.5.79_1"",""migration_date"":""2025-12-20"",""migration_method"":""jaccard2"",""name_2"":""Lane Cove""},{""gid_2"":""AUS.5.7_1"",""migration_date"":""2025-12-20"",""migration_method"":""jaccard2"",""name_2"":""Bankstown""},{""gid_2"":""AUS.5.81_1"",""migration_date"":""2025-12-20"",""migration_method"":""jaccard2"",""name_2"":""Leichhardt""},{""gid_2"":""AUS.5.88_1"",""migration_date"":""2025-12-20"",""migration_method"":""jaccard2"",""name_2"":""Manly""},{""gid_2"":""AUS.5.89_1"",""migration_date"":""2025-12-20"",""migration_method"":""jaccard2"",""name_2"":""Marrickville""},{""gid_2"":""AUS.5.92_1"",""migration_date"":""2025-12-20"",""migration_method"":""jaccard2"",""name_2"":""Mosman""}]",2005-12-01,2025-12-20
2003-0372-ESP,No,nat-cli-wil-for,Natural,Climatological,Wildfire,Forest fire,,,ESP,Spain,Southern Europe,Europe,"Cuenca district (Castilla-La Mancha province), Huelva district (Andalucia province), Caseres, Badajoz districts (Extremadura province)","Lightening, heat wave, drought, pyromane",,No,No,Yes,,1190,Km2,,,,2003,1,,2003,8,,5,,200,,200,,,,,,,57.14003527,"[{""adm2_code"":25780,""adm2_name"":""Huelva""},{""adm2_code"":25803,""adm2_name"":""Cuenca""},{""adm2_code"":25814,""adm2_name"":""Badajoz""},{""adm2_code"":25815,""adm2_name"":""Cáceres""}]","[{""gid_2"":""ESP.1.5_1"",""migration_date"":""2025-12-20"",""migration_method"":""jaccard2"",""name_2"":""Huelva""},{""gid_2"":""ESP.11.1_1"",""migration_date"":""2025-12-20"",""migration_method"":""jaccard2"",""name_2"":""Badajoz""},{""gid_2"":""ESP.11.2_1"",""migration_date"":""2025-12-20"",""migration_method"":""jaccard2"",""name_2"":""Cáceres""},{""gid_2"":""ESP.4.3_1"",""migration_date"":""2025-12-20"",""migration_method"":""jaccard2"",""name_2"":""Cuenca""}]",2003-09-11,2025-12-20
2003-0764-GTM,No,nat-cli-wil-for,Natural,Climatological,Wildfire,Forest fire,,,GTM,Guatemala,Latin America and the Caribbean,Americas,Petén province,,,No,No,Yes,,,Km2,,,,2003,3,,2003,3,,,,,,,,,,,,,57.14003527,"[{""adm1_code"":64837,""adm1_name"":""Petén""}]","[{""gid_1"":""GTM.12_1"",""migration_date"":""2025-12-20"",""migration_method"":""jaccard1"",""name_1"":""Petén""}]",2004-03-01,2025-12-20
2004-0123-KOR,No,nat-cli-wil-for,Natural,Climatological,Wildfire,Forest fire,,,KOR,Republic of Korea,Eastern Asia,Asia,Sokcho city (Kang-won-do province),,,No,No,No,,,Km2,,,,2004,3,10,2004,3,10,,,2000,155,2155,,,,,,,58.66980929,"[{""adm1_code"":2437,""adm1_name"":""Kang-won-do""}]","[{""gid_1"":""KOR.6_1"",""migration_date"":""2025-12-20"",""migration_method"":""jaccard1"",""name_1"":""Gangwon-do""}]",2004-03-22,2025-12-20
2004-0383-PRT,No,nat-cli-wil-for,Natural,Climatological,Wildfire,Forest fire,,,PRT,Portugal,Southern Europe,Europe,"Vila Real, Santarem, Faro, Viseu, Braganca provinces",,Heat wave,No,No,No,,1080,Km2,,,,2004,7,,2004,8,,2,,,,,,,,,,,58.66980929,"[{""adm1_code"":2389,""adm1_name"":""Braganca""},{""adm1_code"":2393,""adm1_name"":""Faro""},{""adm1_code"":2409,""adm1_name"":""Santarem""},{""adm1_code"":2412,""adm1_name"":""Vila Real""},{""adm1_code"":2413,""adm1_name"":""Viseu""}]","[{""gid_1"":""PRT.16_1"",""migration_date"":""2025-12-20"",""migration_method"":""jaccard1"",""name_1"":""Santarém""},{""gid_1"":""PRT.19_1"",""migration_date"":""2025-12-20"",""migration_method"":""jaccard1"",""name_1"":""Vila Real""},{""gid_1"":""PRT.20_1"",""migration_date"":""2025-12-20"",""migration_method"":""jaccard1"",""name_1"":""Viseu""},{""gid_1"":""PRT.5_1"",""migration_date"":""2025-12-20"",""migration_method"":""jaccard1"",""name_1"":""Bragança""},{""gid_1"":""PRT.9_1"",""migration_date"":""2025-12-20"",""migration_method"":""jaccard1"",""name_1"":""Faro""}]",2005-01-25,2025-12-20
2004-0738-GIN,No,nat-cli-wil-lan,Natural,Climatological,Wildfire,"Land fire (Brush, Bush, Pasture)",,,GIN,Guinea,Sub-Saharan Africa,Africa,"Tamagali city (Mamou district, Mamou province)",,,Yes,No,No,,,Km2,,,,2004,1,10,2004,1,10,,,,777,777,,,,,,,58.66980929,"[{""adm2_code"":40738,""adm2_name"":""Mamou""}]","[{""gid_2"":""GIN.7.2_1"",""migration_date"":""2025-12-20"",""migration_method"":""jaccard2"",""name_2"":""Mamou""}]",2005-10-19,2025-12-20
2005-0180-KOR,No,nat-cli-wil-for,Natural,Climatological,Wildfire,Forest fire,,,KOR,Republic of Korea,Eastern Asia,Asia,"Yangyang, Kosong cities (Kang-won-do province)",,,No,No,Yes,,,Km2,,,,2005,4,4,2005,4,6,,,1800,340,2140,,,,,,,60.66033175,"[{""adm1_code"":2437,""adm1_name"":""Kang-won-do""}]","[{""gid_1"":""KOR.6_1"",""migration_date"":""2025-12-20"",""migration_method"":""jaccard1"",""name_1"":""Gangwon-do""}]",2005-04-25,2025-12-20
2005-0383-CAN,No,nat-cli-wil-for,Natural,Climatological,Wildfire,Forest fire,,,CAN,Canada,Northern America,Americas,Québec province,,,No,No,No,,4000,Km2,,,,2005,7,,2005,7,,,,,,,,,,,,,60.66033175,"[{""adm1_code"":835,""adm1_name"":""Quebec / Québec""}]","[{""gid_1"":""CAN.11_1"",""migration_date"":""2025-12-20"",""migration_method"":""jaccard1"",""name_1"":""Québec""}]",2005-07-19,2025-12-20
2006-0576-USA,No,nat-cli-wil-lan,Natural,Climatological,Wildfire,"Land fire (Brush, Bush, Pasture)",,,USA,United States of America,Northern America,Americas,"Riverside, Palm Springs cities (Riverside district, California province), San Diego district (California province)",,,No,No,Yes,,,Km2,,,,2006,10,26,2006,10,27,4,1,,102,103,,,,,25000,39925,62.61719478,"[{""adm2_code"":28897,""adm2_name"":""Riverside""},{""adm2_code"":28901,""adm2_name"":""San Diego""}]","[{""gid_2"":""USA.5.33_1"",""migration_date"":""2025-12-20"",""migration_method"":""jaccard2"",""name_2"":""Riverside""},{""gid_2"":""USA.5.37_1"",""migration_date"":""2025-12-20"",""migration_method"":""jaccard2"",""name_2"":""San Diego""}]",2008-03-28,2025-12-20
2007-0325-HRV,No,nat-cli-wil-for,Natural,Climatological,Wildfire,Forest fire,,,HRV,Croatia,Southern Europe,Europe,"Dubrovnik, Mlini, Plat cities (Dubrovnik-neretva province), Split-damlatjia, Zadar-knin provinces (Dalmatia region)","Hot and dry weather, strong winds",,Yes,No,Yes,,,Km2,,,,2007,8,4,2007,8,5,,26,,,26,,,,,,,64.40346368,"[{""adm1_code"":989,""adm1_name"":""Dubrovnik-neretva""},{""adm1_code"":1003,""adm1_name"":""Split-dalmatija""},{""adm1_code"":1007,""adm1_name"":""Zadar-knin""}]","[{""gid_1"":""HRV.16_1"",""migration_date"":""2025-12-20"",""migration_method"":""jaccard1"",""name_1"":""Splitsko-Dalmatinska""},{""gid_1"":""HRV.20_1"",""migration_date"":""2025-12-20"",""migration_method"":""jaccard1"",""name_1"":""Zadarska""},{""gid_1"":""HRV.3_1"",""migration_date"":""2025-12-20"",""migration_method"":""jaccard1"",""name_1"":""Dubrovacko-Neretvanska""}]",2007-08-18,2025-12-20
2007-0337-SWZ,No,nat-cli-wil-for,Natural,Climatological,Wildfire,Forest fire,GLIDE:WF-2007-000121,,SWZ,Eswatini,Sub-Saharan Africa,Africa,Pigg's Peak district (Hhohho province),,Storm,No,No,No,,,Km2,,,,2007,7,27,2007,7,30,2,,1500,,1500,,,,,,,64.40346368,"[{""adm2_code"":25954,""adm2_name"":""Pigg's Peak""}]","[{""gid_2"":""SWZ.1.13_1"",""migration_date"":""2025-12-20"",""migration_method"":""jaccard2"",""name_2"":""Pigg's Peak""}]",2008-08-04,2025-12-20
2007-0444-HRV,No,nat-cli-wil-for,Natural,Climatological,Wildfire,Forest fire,,,HRV,Croatia,Southern Europe,Europe,Kornat Isl. (Sibenik province),,,No,No,No,,,Km2,,,,2007,8,30,2007,8,30,12,,,,,,,,,,,64.40346368,"[{""adm1_code"":1000,""adm1_name"":""Sibenik""}]","[{""gid_1"":""HRV.14_1"",""migration_date"":""2025-12-20"",""migration_method"":""jaccard1"",""name_1"":""Šibensko-Kninska""}]",2007-09-17,2025-12-20
2007-0365-ALB,No,nat-cli-wil-for,Natural,Climatological,Wildfire,Forest fire,,,ALB,Albania,Southern Europe,Europe,"Kolonje, Vlore, Puke, Tropoje provinces",High temperatures and dry conditions,,Yes,No,No,,,Km2,,,,2007,7,,2007,7,,,,,75,75,,,,,,,64.40346368,"[{""adm1_code"":317,""adm1_name"":""Kolonje""},{""adm1_code"":333,""adm1_name"":""Puke""},{""adm1_code"":339,""adm1_name"":""Tropoje""},{""adm1_code"":340,""adm1_name"":""Vlore""}]","[{""gid_2"":""ALB.10.2_1"",""migration_date"":""2025-12-20"",""migration_method"":""puzzle1_2"",""name_2"":""Pukës""},{""gid_2"":""ALB.12.3_1"",""migration_date"":""2025-12-20"",""migration_method"":""puzzle1_2"",""name_2"":""Vlorës""},{""gid_2"":""ALB.7.2_1"",""migration_date"":""2025-12-20"",""migration_method"":""puzzle1_2"",""name_2"":""Kolonjës""},{""gid_2"":""ALB.8.3_1"",""migration_date"":""2025-12-20"",""migration_method"":""puzzle1_2"",""name_2"":""Tropojës""}]",2007-08-18,2025-12-20
2007-0368-MKD,No,nat-cli-wil-for,Natural,Climatological,Wildfire,Forest fire,GLIDE:WF-2007-000116,,MKD,North Macedonia,Southern Europe,Europe,"Bitola, Tetovo, Krusevo, Veles provinces",Heat waves,,Yes,Yes,Yes,,,Km2,,,,2007,7,,2007,7,,1,,1000000,,1000000,,,,,,,64.40346368,"[{""adm1_code"":2928,""adm1_name"":""Bitola""},{""adm1_code"":2940,""adm1_name"":""Krusevo""},{""adm1_code"":2953,""adm1_name"":""Tetovo""},{""adm1_code"":2955,""adm1_name"":""Veles""}]","[{""gid_1"":""MKD.11_1"",""migration_date"":""2025-12-20"",""migration_method"":""puzzle1_1"",""name_1"":""Čaška""},{""gid_1"":""MKD.27_1"",""migration_date"":""2025-12-20"",""migration_method"":""puzzle1_1"",""name_1"":""Gradsko""},{""gid_1"":""MKD.29_1"",""migration_date"":""2025-12-20"",""migration_method"":""puzzle1_1"",""name_1"":""Jegunovtse""},{""gid_1"":""MKD.40_1"",""migration_date"":""2025-12-20"",""migration_method"":""bufhaus1"",""name_1"":""Kruševo""},{""gid_1"":""MKD.48_1"",""migration_date"":""2025-12-20"",""migration_method"":""puzzle1_1"",""name_1"":""Mogila""},{""gid_1"":""MKD.4_1"",""migration_date"":""2025-12-20"",""migration_method"":""puzzle1_1"",""name_1"":""Bitola""},{""gid_1"":""MKD.50_1"",""migration_date"":""2025-12-20"",""migration_method"":""puzzle1_1"",""name_1"":""Novatsi""},{""gid_1"":""MKD.6_1"",""migration_date"":""2025-12-20"",""migration_method"":""puzzle1_1"",""name_1"":""Bogovinje""},{""gid_1"":""MKD.73_1"",""migration_date"":""2025-12-20"",""migration_method"":""puzzle1_1"",""name_1"":""Tearce""},{""gid_1"":""MKD.74_1"",""migration_date"":""2025-12-20"",""migration_method"":""puzzle1_1"",""name_1"":""Tetovo""},{""gid_1"":""MKD.77_1"",""migration_date"":""2025-12-20"",""migration_method"":""puzzle1_1"",""name_1"":""Veles""},{""gid_1"":""MKD.84_1"",""migration_date"":""2025-12-20"",""migration_method"":""puzzle1_1"",""name_1"":""Želino""},{""gid_1"":""MKD.8_1"",""migration_date"":""2025-12-20"",""migration_method"":""puzzle1_1"",""name_1"":""Brvenica""}]",2008-08-04,2025-12-20
2007-0392-GRC,No,nat-cli-wil-for,Natural,Climatological,Wildfire,Forest fire,GLIDE:WF-2007-000148,,GRC,Greece,Southern Europe,Europe,"Messinias, Lakonias districts (Peloponisos province), Euboea Isl. (Evvoias district, Sterea Ellada province), Olympia city (Ileias district, Dytiki Ellada province), Achaia, Korinthia, Argolidos","Human, high winds and drought",,Yes,Yes,Yes,,1600,Km2,,,,2007,8,24,2007,8,30,65,64,1593,3735,5392,,,,,1750000,2717245,64.40346368,"[{""adm2_code"":16681,""adm2_name"":""Achaias""},{""adm2_code"":16683,""adm2_name"":""Ileias""},{""adm2_code"":16710,""adm2_name"":""Argolidos""},{""adm2_code"":16712,""adm2_name"":""Korinthias""},{""adm2_code"":16713,""adm2_name"":""Lakonias""},{""adm2_code"":16714,""adm2_name"":""Messinias""},{""adm2_code"":16716,""adm2_name"":""Evvoias""}]","[{""gid_2"":""GRC.7.2_1"",""migration_date"":""2025-12-20"",""migration_method"":""bufhaus2"",""name_2"":""Peloponnese""},{""gid_2"":""GRC.7.2_1"",""migration_date"":""2025-12-20"",""migration_method"":""bufhaus2"",""name_2"":""Peloponnese""},{""gid_2"":""GRC.7.2_1"",""migration_date"":""2025-12-20"",""migration_method"":""bufhaus2"",""name_2"":""Peloponnese""},{""gid_2"":""GRC.7.2_1"",""migration_date"":""2025-12-20"",""migration_method"":""bufhaus2"",""name_2"":""Peloponnese""},{""gid_2"":""GRC.7.3_1"",""migration_date"":""2025-12-20"",""migration_method"":""bufhaus2"",""name_2"":""West Greece""},{""gid_2"":""GRC.7.3_1"",""migration_date"":""2025-12-20"",""migration_method"":""bufhaus2"",""name_2"":""West Greece""},{""gid_2"":""GRC.8.1_1"",""migration_date"":""2025-12-20"",""migration_method"":""bufhaus2"",""name_2"":""Central Greece""}]",2008-08-04,2025-12-20
2007-0454-PRY,No,nat-cli-wil-for,Natural,Climatological,Wildfire,Forest fire,GLIDE:WF-2007-000156,,PRY,Paraguay,Latin America and the Caribbean,Americas,"San Pedro, Concepcion, Presidente Hayes, Canindeyu, Amambay provinces","Tradition of burning crop fields, drought and lack of rain",,Yes,No,Yes,,,Km2,,,,2007,9,,2007,9,,8,,125000,,125000,,,,,30000,46581,64.40346368,"[{""adm1_code"":2313,""adm1_name"":""Amambay""},{""adm1_code"":2317,""adm1_name"":""Canindeyu""},{""adm1_code"":2319,""adm1_name"":""Concepcion""},{""adm1_code"":2326,""adm1_name"":""Presidente Hayes""},{""adm1_code"":2327,""adm1_name"":""San Pedro""}]","[{""gid_1"":""PRY.10_1"",""migration_date"":""2025-12-20"",""migration_method"":""jaccard1"",""name_1"":""Concepción""},{""gid_1"":""PRY.17_1"",""migration_date"":""2025-12-20"",""migration_method"":""jaccard1"",""name_1"":""Presidente Hayes""},{""gid_1"":""PRY.18_1"",""migration_date"":""2025-12-20"",""migration_method"":""jaccard1"",""name_1"":""San Pedro""},{""gid_1"":""PRY.3_1"",""migration_date"":""2025-12-20"",""migration_method"":""jaccard1"",""name_1"":""Amambay""},{""gid_1"":""PRY.8_1"",""migration_date"":""2025-12-20"",""migration_method"":""jaccard1"",""name_1"":""Canindeyú""}]",2008-08-04,2025-12-20
2007-0670-DZA,No,nat-cli-wil-for,Natural,Climatological,Wildfire,Forest fire,,,DZA,Algeria,Northern Africa,Africa,Tzarifet forest (Tlemcen province),Heat wave,,No,No,No,,,Km2,,,,2007,9,,2007,9,,8,,,,,,,,,,,64.40346368,"[{""adm1_code"":388,""adm1_name"":""Tlemcen""}]","[{""gid_1"":""DZA.48_1"",""migration_date"":""2025-12-20"",""migration_method"":""jaccard1"",""name_1"":""Tlemcen""}]",2008-01-10,2025-12-20
2010-0421-BOL,No,nat-cli-wil-for,Natural,Climatological,Wildfire,Forest fire,,,BOL,Bolivia (Plurinational State of),Latin America and the Caribbean,Americas,"Beni, Pando, Santa Cruz, Cochabamba, La Paz provinces",Drought situation,,No,No,Yes,,,Km2,,,,2010,8,,2010,8,,,,,300,300,,,,,,,67.73109453,"[{""adm1_code"":648,""adm1_name"":""Pando""},{""adm1_code"":40443,""adm1_name"":""Beni""},{""adm1_code"":40445,""adm1_name"":""Cochabamba""},{""adm1_code"":40446,""adm1_name"":""La Paz""},{""adm1_code"":40449,""adm1_name"":""Santa Cruz""}]","[{""gid_1"":""BOL.2_1"",""migration_date"":""2025-12-20"",""migration_method"":""jaccard1"",""name_1"":""Cochabamba""},{""gid_1"":""BOL.3_1"",""migration_date"":""2025-12-20"",""migration_method"":""jaccard1"",""name_1"":""Beni""},{""gid_1"":""BOL.4_1"",""migration_date"":""2025-12-20"",""migration_method"":""jaccard1"",""name_1"":""La Paz""},{""gid_1"":""BOL.6_1"",""migration_date"":""2025-12-20"",""migration_method"":""jaccard1"",""name_1"":""Pando""},{""gid_1"":""BOL.8_1"",""migration_date"":""2025-12-20"",""migration_method"":""jaccard1"",""name_1"":""Santa Cruz""}]",2010-08-26,2025-12-20
2010-0466-RUS,No,nat-cli-wil-for,Natural,Climatological,Wildfire,Forest fire,,,RUS,Russian Federation,Eastern Europe,Europe,Volgogradskaya Oblast region,,,No,No,No,,,Km2,,,,2010,9,2,2010,9,3,8,,,1200,1200,,,,,,,67.73109453,"[{""adm1_code"":2572,""adm1_name"":""Volgogradskaya Oblast""}]","[{""gid_1"":""RUS.77_1"",""migration_date"":""2025-12-20"",""migration_method"":""jaccard1"",""name_1"":""Volgograd""}]",2010-09-09,2025-12-20
2011-0140-USA,No,nat-cli-wil-lan,Natural,Climatological,Wildfire,"Land fire (Brush, Bush, Pasture)",,,USA,United States of America,Northern America,Americas,Texas province,,,No,No,No,,,Km2,,,,2011,4,9,2011,4,30,2,5,,1300,1305,,,,,183000,261918,69.86926351,"[{""adm1_code"":3257,""adm1_name"":""Texas""}]","[{""gid_1"":""USA.44_1"",""migration_date"":""2025-12-20"",""migration_method"":""jaccard1"",""name_1"":""Texas""}]",2012-01-03,2025-12-20
2011-0639-USA,No,nat-cli-wil-for,Natural,Climatological,Wildfire,Forest fire,,,USA,United States of America,Northern America,Americas,"Arizona, Minnesota, Texas, Florida provinces",Drought conditions and strong winds,,No,No,No,,,Km2,,,,2011,5,29,2011,6,23,2,,,,,,,,,200000,286249,69.86926351,"[{""adm1_code"":3216,""adm1_name"":""Arizona""},{""adm1_code"":3223,""adm1_name"":""Florida""},{""adm1_code"":3237,""adm1_name"":""Minnesota""},{""adm1_code"":3257,""adm1_name"":""Texas""}]","[{""gid_1"":""USA.10_1"",""migration_date"":""2025-12-20"",""migration_method"":""jaccard1"",""name_1"":""Florida""},{""gid_1"":""USA.24_1"",""migration_date"":""2025-12-20"",""migration_method"":""jaccard1"",""name_1"":""Minnesota""},{""gid_1"":""USA.3_1"",""migration_date"":""2025-12-20"",""migration_method"":""jaccard1"",""name_1"":""Arizona""},{""gid_1"":""USA.44_1"",""migration_date"":""2025-12-20"",""migration_method"":""jaccard1"",""name_1"":""Texas""}]",2012-04-05,2025-12-20
2012-0098-RUS,No,nat-cli-wil-lan,Natural,Climatological,Wildfire,"Land fire (Brush, Bush, Pasture)",,,RUS,Russian Federation,Eastern Europe,Europe,Tygda city (Amurskaya Oblast province),,,No,No,No,,,Km2,,,,2012,4,20,2012,4,20,2,346,,252,598,,,,,,,71.31508773,"[{""adm1_code"":2491,""adm1_name"":""Amurskaya Oblast""}]","[{""gid_1"":""RUS.3_1"",""migration_date"":""2025-12-20"",""migration_method"":""jaccard1"",""name_1"":""Amur""}]",2013-02-01,2025-12-20
2013-0212-USA,No,nat-cli-wil-for,Natural,Climatological,Wildfire,Forest fire,,,USA,United States of America,Northern America,Americas,"Yarnell area (Yavapai district, Arizona province)",,,No,No,No,,,Km2,,,,2013,6,28,2013,7,12,19,,,387,387,,,,,2000,2764,72.35973748,"[{""adm2_code"":28788,""adm2_name"":""Yavapai""}]","[{""gid_2"":""USA.3.14_1"",""migration_date"":""2025-12-20"",""migration_method"":""jaccard2"",""name_2"":""Yavapai""}]",2013-07-16,2025-12-20
2012-0542-USA,No,nat-cli-wil-wil,Natural,Climatological,Wildfire,Wildfire (General),,,USA,United States of America,Northern America,Americas,"Cleveland, Creek, Oklahoma, Payne districts (Oklahoma province)",,,No,No,No,,,Km2,,,,2012,8,3,2012,8,8,1,,1809,,1809,,,,,200000,280446,71.31508773,"[{""adm2_code"":30821,""adm2_name"":""Cleveland""},{""adm2_code"":30826,""adm2_name"":""Creek""},{""adm2_code"":30862,""adm2_name"":""Oklahoma""},{""adm2_code"":30867,""adm2_name"":""Payne""}]","[{""gid_2"":""USA.37.14_1"",""migration_date"":""2025-12-20"",""migration_method"":""jaccard2"",""name_2"":""Cleveland""},{""gid_2"":""USA.37.19_1"",""migration_date"":""2025-12-20"",""migration_method"":""jaccard2"",""name_2"":""Creek""},{""gid_2"":""USA.37.55_1"",""migration_date"":""2025-12-20"",""migration_method"":""jaccard2"",""name_2"":""Oklahoma""},{""gid_2"":""USA.37.60_1"",""migration_date"":""2025-12-20"",""migration_method"":""jaccard2"",""name_2"":""Payne""}]",2013-01-31,2025-12-20
2012-0605-CHL,No,nat-cli-wil-wil,Natural,Climatological,Wildfire,Wildfire (General),,,CHL,Chile,Latin America and the Caribbean,Americas,"Biobio, Magallanes y Antartica chilena provinces",,,No,No,No,,,Km2,,,,2012,1,1,2012,1,6,7,,1082,,1082,,,15000,21033,200000,280446,71.31508773,"[{""adm1_code"":887,""adm1_name"":""Biobio""},{""adm1_code"":891,""adm1_name"":""Magallanes y Antartica chilena""}]","[{""gid_1"":""CHL.11_1"",""migration_date"":""2025-12-20"",""migration_method"":""jaccard1"",""name_1"":""Magallanes y Antártica Chilena""},{""gid_1"":""CHL.13_1"",""migration_date"":""2025-12-20"",""migration_method"":""puzzle1_1"",""name_1"":""Ñuble""},{""gid_1"":""CHL.6_1"",""migration_date"":""2025-12-20"",""migration_method"":""puzzle1_1"",""name_1"":""Bío-Bío""}]",2013-04-15,2025-12-20
2014-0062-AUS,No,nat-cli-wil-lan,Natural,Climatological,Wildfire,"Land fire (Brush, Bush, Pasture)",,,AUS,Australia,Australia and New Zealand,Oceania,"Mickleham, Craigieburn cities (Hume district, Victoria province), Whittlesea (S), Nillumbik (S) districts (Melbourne north outskirts, Victoria province), Wallan, Kilmore, Beveridge cities (Mitchell (S) district, Victoria province), Warrandyte city (Manningham (C) district, Victoria province), Wunghnu city (Moira (S) district, Victoria province), Glenaladale, Walpa cities (East Gippsland (S) district, Victoria province), Yarram city (Wellington district, Victoria province), Morwell city (Latrobe district, Victoria province), Gisborne (Macedon Ranges district, Victoria province)","Dry and warm winds, high temperature",Industrial accidents|Pollution,No,No,No,,,Km2,,,,2014,2,7,2014,2,28,,20,,102,122,,,,,100000,135992,73.53357701,"[{""adm2_code"":5372,""adm2_name"":""East Gippsland (S)""},{""adm2_code"":5386,""adm2_name"":""Hume (C)""},{""adm2_code"":5390,""adm2_name"":""Latrobe (C)""},{""adm2_code"":5392,""adm2_name"":""Macedon Ranges (S)""},{""adm2_code"":5393,""adm2_name"":""Manningham (C)""},{""adm2_code"":5399,""adm2_name"":""Mitchell (S)""},{""adm2_code"":5400,""adm2_name"":""Moira (S)""},{""adm2_code"":5409,""adm2_name"":""Nillumbik (S)""},{""adm2_code"":5424,""adm2_name"":""Wellington (S)""},{""adm2_code"":5427,""adm2_name"":""Whittlesea (C)""}]","[{""gid_2"":""AUS.10.19_1"",""migration_date"":""2025-12-20"",""migration_method"":""jaccard2"",""name_2"":""East Gippsland""},{""gid_2"":""AUS.10.33_1"",""migration_date"":""2025-12-20"",""migration_method"":""jaccard2"",""name_2"":""Hume""},{""gid_2"":""AUS.10.37_1"",""migration_date"":""2025-12-20"",""migration_method"":""jaccard2"",""name_2"":""Latrobe""},{""gid_2"":""AUS.10.39_1"",""migration_date"":""2025-12-20"",""migration_method"":""jaccard2"",""name_2"":""Macedon Ranges""},{""gid_2"":""AUS.10.40_1"",""migration_date"":""2025-12-20"",""migration_method"":""jaccard2"",""name_2"":""Manningham""},{""gid_2"":""AUS.10.47_1"",""migration_date"":""2025-12-20"",""migration_method"":""jaccard2"",""name_2"":""Mitchell""},{""gid_2"":""AUS.10.48_1"",""migration_date"":""2025-12-20"",""migration_method"":""jaccard2"",""name_2"":""Moira""},{""gid_2"":""AUS.10.57_1"",""migration_date"":""2025-12-20"",""migration_method"":""jaccard2"",""name_2"":""Nillumbik""},{""gid_2"":""AUS.10.72_1"",""migration_date"":""2025-12-20"",""migration_method"":""jaccard2"",""name_2"":""Wellington""},{""gid_2"":""AUS.10.75_1"",""migration_date"":""2025-12-20"",""migration_method"":""jaccard2"",""name_2"":""Whittlesea""}]",2014-02-10,2025-12-20
2015-0137-RUS,No,nat-cli-wil-lan,Natural,Climatological,Wildfire,"Land fire (Brush, Bush, Pasture)",GLIDE:FR-2015-000046,,RUS,Russian Federation,Eastern Europe,Europe,"Khakasiya Rep., Chitinskaya Oblast, Aginskiy Buryatskiy A. Okrug provinces","extremely dry weather, high air temperatures and heavy wind",,No,No,No,,,Km2,,,,2015,4,12,2015,4,15,30,977,5000,,5977,,,,,136820,185844,73.62080294,"[{""adm1_code"":2488,""adm1_name"":""Aginskiy Buryatskiy A. Okrug""},{""adm1_code"":2500,""adm1_name"":""Chitinskaya Oblast""},{""adm1_code"":2517,""adm1_name"":""Khakasiya Rep.""}]","[{""gid_1"":""RUS.29_1"",""migration_date"":""2025-12-20"",""migration_method"":""jaccard1"",""name_1"":""Khakass""},{""gid_1"":""RUS.83_1"",""migration_date"":""2025-12-20"",""migration_method"":""jaccard1"",""name_1"":""Zabaykal'ye""}]",2015-04-14,2025-12-20
2015-0275-CAN,No,nat-cli-wil-for,Natural,Climatological,Wildfire,Forest fire,,,CAN,Canada,Northern America,Americas,"Saskatchewan, Alberta, British Columbia provinces","Hot, dry and windy conditions",,No,No,No,,,Km2,,,,2015,7,1,2015,7,10,,,13000,36,13036,,,,,,,73.62080294,"[{""adm1_code"":825,""adm1_name"":""Alberta""},{""adm1_code"":826,""adm1_name"":""British Columbia / Colombie-Britannique""},{""adm1_code"":836,""adm1_name"":""Saskatchewan""}]","[{""gid_1"":""CAN.12_1"",""migration_date"":""2025-12-20"",""migration_method"":""jaccard1"",""name_1"":""Saskatchewan""},{""gid_1"":""CAN.1_1"",""migration_date"":""2025-12-20"",""migration_method"":""jaccard1"",""name_1"":""Alberta""},{""gid_1"":""CAN.2_1"",""migration_date"":""2025-12-20"",""migration_method"":""jaccard1"",""name_1"":""British Columbia""}]",2015-07-23,2025-12-20
2015-0385-COD,No,nat-cli-wil-lan,Natural,Climatological,Wildfire,"Land fire (Brush, Bush, Pasture)",,,COD,Democratic Republic of the Congo,Sub-Saharan Africa,Africa,"Katanga, Maniema provinces",,,No,No,No,,,Km2,,,,2015,8,24,2015,8,28,3,,57003,,57003,,,,,,,73.62080294,"[{""adm1_code"":1071,""adm1_name"":""Katanga""},{""adm1_code"":1073,""adm1_name"":""Maniema""}]","[{""gid_1"":""COD.15_1"",""migration_date"":""2025-12-20"",""migration_method"":""puzzle1_1"",""name_1"":""Lualaba""},{""gid_1"":""COD.17_1"",""migration_date"":""2025-12-20"",""migration_method"":""jaccard1"",""name_1"":""Maniema""},{""gid_1"":""COD.24_1"",""migration_date"":""2025-12-20"",""migration_method"":""puzzle1_1"",""name_1"":""Tanganyika""},{""gid_1"":""COD.3_1"",""migration_date"":""2025-12-20"",""migration_method"":""puzzle1_1"",""name_1"":""Haut-Katanga""},{""gid_1"":""COD.4_1"",""migration_date"":""2025-12-20"",""migration_method"":""puzzle1_1"",""name_1"":""Haut-Lomami""}]",2015-08-31,2025-12-20
2015-0401-USA,No,nat-cli-wil-wil,Natural,Climatological,Wildfire,Wildfire (General),,Valley Fire,USA,United States of America,Northern America,Americas,"California, Idaho, Montana, Oregon, Washington provinces","High temperature, Ligthning",Pollution,No,No,No,,,Km2,,,,2015,8,13,2015,8,31,4,8,600,3900,4508,,,,,150000,203747,73.62080294,"[{""adm1_code"":3218,""adm1_name"":""California""},{""adm1_code"":3226,""adm1_name"":""Idaho""},{""adm1_code"":3240,""adm1_name"":""Montana""},{""adm1_code"":3251,""adm1_name"":""Oregon""},{""adm1_code"":3261,""adm1_name"":""Washington""}]","[{""gid_1"":""USA.13_1"",""migration_date"":""2025-12-20"",""migration_method"":""jaccard1"",""name_1"":""Idaho""},{""gid_1"":""USA.27_1"",""migration_date"":""2025-12-20"",""migration_method"":""jaccard1"",""name_1"":""Montana""},{""gid_1"":""USA.38_1"",""migration_date"":""2025-12-20"",""migration_method"":""jaccard1"",""name_1"":""Oregon""},{""gid_1"":""USA.48_1"",""migration_date"":""2025-12-20"",""migration_method"":""jaccard1"",""name_1"":""Washington""},{""gid_1"":""USA.5_1"",""migration_date"":""2025-12-20"",""migration_method"":""jaccard1"",""name_1"":""California""}]",2015-09-04,2025-12-20
2016-0285-PRT,No,nat-cli-wil-for,Natural,Climatological,Wildfire,Forest fire,,,PRT,Portugal,Southern Europe,Europe,"Silves district (Faro province), Funchal (Ilha Da Madeira (madeira) province, Madere Isl.)",,,Yes,No,No,,,Km2,,,,2016,8,8,2016,8,13,4,200,699,462,1361,,,,,157000,210598,74.54960299,"[{""adm2_code"":24789,""adm2_name"":""Funchal""},{""adm2_code"":24770,""adm2_name"":""Silves""}]","[{""gid_2"":""PRT.13.3_1"",""migration_date"":""2025-12-20"",""migration_method"":""jaccard2"",""name_2"":""Funchal""},{""gid_2"":""PRT.9.13_1"",""migration_date"":""2025-12-20"",""migration_method"":""jaccard2"",""name_2"":""Silves""}]",2016-08-10,2025-12-20
2016-0442-ISR,No,nat-cli-wil-lan,Natural,Climatological,Wildfire,"Land fire (Brush, Bush, Pasture)",,,ISR,Israel,Western Asia,Asia,"Nataf, Sha'ar Hagai (Jérusalem province), Modiin (Central district province), Haifa province",DRought and high winds,,No,No,No,,,Km2,,,,2016,11,18,2016,11,26,,137,60000,,60137,,,,,520000,697522,74.54960299,"[{""adm1_code"":1610,""adm1_name"":""Central District""},{""adm1_code"":1611,""adm1_name"":""Haifa""},{""adm1_code"":1612,""adm1_name"":""Jerusalem""}]","[{""gid_1"":""ISR.3_1"",""migration_date"":""2025-12-20"",""migration_method"":""jaccard1"",""name_1"":""Haifa""},{""gid_1"":""ISR.4_1"",""migration_date"":""2025-12-20"",""migration_method"":""jaccard1"",""name_1"":""HaMerkaz""},{""gid_1"":""ISR.6_1"",""migration_date"":""2025-12-20"",""migration_method"":""jaccard1"",""name_1"":""Jerusalem""}]",2016-11-25,2025-12-20
2017-0297-MNE,No,nat-cli-wil-for,Natural,Climatological,Wildfire,Forest fire,,,MNE,Montenegro,Southern Europe,Europe,"Lustica (Tivat), Kotor, Tivat, Herceg Novi",,,No,Yes,No,,,Km2,,,,2017,7,16,2017,7,18,,,200,,200,,,,,,,76.13760371,"[{""adm1_code"":25357,""adm1_name"":""Herceg Novi""},{""adm1_code"":25359,""adm1_name"":""Kotor""},{""adm1_code"":25368,""adm1_name"":""Tivat""}]",,2017-07-31,2023-09-25
2017-0176-PRT,No,nat-cli-wil-for,Natural,Climatological,Wildfire,Forest fire,GLIDE:WF-2017-000073,,PRT,Portugal,Southern Europe,Europe,"Pedrogao Grande (Leiria),Figueiro dos Vinhos, Nodeirinho, Castanheira de Pera; Coimbra district (Gois, Pampilhosa da Serra, Arganil)","Dry conditions, high temperatures (40°C), lightning",Drought|Heat wave,No,No,No,,300,Km2,,,,2017,6,17,2017,6,21,64,204,500,,704,565000,742077,19000,24955,232000,304711,76.13760371,"[{""adm2_code"":24727,""adm2_name"":""Arganil""},{""adm2_code"":24732,""adm2_name"":""Gois""},{""adm2_code"":24738,""adm2_name"":""Pampilhosa Da Serra""},{""adm2_code"":24814,""adm2_name"":""Castanheira De Pera""},{""adm2_code"":24815,""adm2_name"":""Figueiro Dos Vinhos""},{""adm2_code"":24820,""adm2_name"":""Pedrogao Grande""}]","[{""gid_2"":""PRT.11.13_1"",""migration_date"":""2025-12-20"",""migration_method"":""jaccard2"",""name_2"":""Pedrógão Grande""},{""gid_2"":""PRT.11.7_1"",""migration_date"":""2025-12-20"",""migration_method"":""jaccard2"",""name_2"":""Castanheira de Pêra""},{""gid_2"":""PRT.11.8_1"",""migration_date"":""2025-12-20"",""migration_method"":""jaccard2"",""name_2"":""Figueiró dos Vinhos""},{""gid_2"":""PRT.7.12_1"",""migration_date"":""2025-12-20"",""migration_method"":""jaccard2"",""name_2"":""Pampilhosa da Serra""},{""gid_2"":""PRT.7.1_1"",""migration_date"":""2025-12-20"",""migration_method"":""jaccard2"",""name_2"":""Arganil""},{""gid_2"":""PRT.7.6_1"",""migration_date"":""2025-12-20"",""migration_method"":""jaccard2"",""name_2"":""Góis""}]",2017-06-19,2025-12-20
2018-0259-PRT,No,nat-cli-wil-for,Natural,Climatological,Wildfire,Forest fire,,,PRT,Portugal,Southern Europe,Europe,"Perma da Negra (Monchique, Silves and Portimão municipalities, Faro District) Algarve",Heat and wind,Heat wave,No,No,No,,,Km2,,,,2018,8,3,2018,8,8,,79,250,,329,,,,,,,77.99726519,"[{""adm2_code"":24766,""adm2_name"":""Monchique""},{""adm2_code"":24768,""adm2_name"":""Portimao""},{""adm2_code"":24770,""adm2_name"":""Silves""}]","[{""gid_2"":""PRT.9.11_1"",""migration_date"":""2025-12-20"",""migration_method"":""jaccard2"",""name_2"":""Portimão""},{""gid_2"":""PRT.9.13_1"",""migration_date"":""2025-12-20"",""migration_method"":""jaccard2"",""name_2"":""Silves""},{""gid_2"":""PRT.9.9_1"",""migration_date"":""2025-12-20"",""migration_method"":""jaccard2"",""name_2"":""Monchique""}]",2018-08-08,2025-12-20
2019-0084-AUS,No,nat-cli-wil-lan,Natural,Climatological,Wildfire,"Land fire (Brush, Bush, Pasture)",,,AUS,Australia,Australia and New Zealand,Oceania,Gippsland region (South-east Victoria state),Heat wave and lighthening,Heat wave,No,No,No,,,Km2,,,,2019,3,1,2019,3,20,,,600,27,627,,,,,,,79.4107846,"[{""adm2_code"":5372,""adm2_name"":""East Gippsland (S)""},{""adm2_code"":5414,""adm2_name"":""South Gippsland (S)""}]","[{""gid_2"":""AUS.10.19_1"",""migration_date"":""2025-12-20"",""migration_method"":""jaccard2"",""name_2"":""East Gippsland""},{""gid_2"":""AUS.10.62_1"",""migration_date"":""2025-12-20"",""migration_method"":""jaccard2"",""name_2"":""South Gippsland""}]",2019-03-06,2025-12-20
2018-0409-USA,No,nat-cli-wil-for,Natural,Climatological,Wildfire,Forest fire,,Camp Fire,USA,United States of America,Northern America,Americas,Butte county (North California),,,No,No,Yes,,,Km2,,,,2018,6,1,2018,12,31,88,,250000,,250000,,,12500000,16026203,16500000,21154588,77.99726519,"[{""adm2_code"":28868,""adm2_name"":""Butte""}]","[{""gid_2"":""USA.5.4_1"",""migration_date"":""2025-12-20"",""migration_method"":""jaccard2"",""name_2"":""Butte""}]",2018-11-09,2025-12-20
2020-0447-ISR,No,nat-cli-wil-wil,Natural,Climatological,Wildfire,Wildfire (General),GLIDE:FR-2020-000208,,ISR,Israel,Western Asia,Asia,"Nof Hagalil , Kfar Oranim (Cijordanie)",Heat wave,,No,No,No,,,Km2,,,,2020,10,9,2020,10,9,,,21,,21,,,,,,,80.39038301,"[{""adm1_code"":1610,""adm1_name"":""Central District""},{""adm1_code"":1613,""adm1_name"":""Northern""}]","[{""gid_1"":""ISR.4_1"",""migration_date"":""2025-12-20"",""migration_method"":""jaccard1"",""name_1"":""HaMerkaz""},{""gid_1"":""ISR.5_1"",""migration_date"":""2025-12-20"",""migration_method"":""jaccard1"",""name_1"":""HaZafon""}]",2020-10-16,2025-12-20
2020-0441-USA,No,nat-cli-wil-for,Natural,Climatological,Wildfire,Forest fire,,August Complex fire,USA,United States of America,Northern America,Americas,"Californie, Washington, Oregon, Colorado",,,No,No,No,,,Km2,,,,2020,8,16,2020,10,1,32,,,,,,,7500000,9329474,11000000,13683229,80.39038301,"[{""adm1_code"":3218,""adm1_name"":""California""},{""adm1_code"":3219,""adm1_name"":""Colorado""},{""adm1_code"":3251,""adm1_name"":""Oregon""},{""adm1_code"":3261,""adm1_name"":""Washington""}]","[{""gid_1"":""USA.38_1"",""migration_date"":""2025-12-20"",""migration_method"":""jaccard1"",""name_1"":""Oregon""},{""gid_1"":""USA.48_1"",""migration_date"":""2025-12-20"",""migration_method"":""jaccard1"",""name_1"":""Washington""},{""gid_1"":""USA.5_1"",""migration_date"":""2025-12-20"",""migration_method"":""jaccard1"",""name_1"":""California""},{""gid_1"":""USA.6_1"",""migration_date"":""2025-12-20"",""migration_method"":""jaccard1"",""name_1"":""Colorado""}]",2020-10-15,2025-12-20
2021-0129-ARG,No,nat-cli-wil-for,Natural,Climatological,Wildfire,Forest fire,,,ARG,Argentina,Latin America and the Caribbean,Americas,"Cholila (Cushamen), Lago Puelo (Cushamen), El Bolsón (Bariloche), El Maitén (Cushamen), Epuyén (Cushamen), Futaleufú and El Hoyo Towns (Cushamen) in Chubut and Santa Cruz Provinces; Rio Negro, Neuquen provinces (Patagonia)",,,No,No,No,,,Km2,,,,2021,3,8,2021,3,12,15,7,1200,,1207,,,,,,,84.16698296,"[{""adm1_code"":443,""adm1_name"":""Neuquen""},{""adm1_code"":444,""adm1_name"":""Rio Negro""},{""adm1_code"":448,""adm1_name"":""Santa Cruz""},{""adm2_code"":4552,""adm2_name"":""Cushamen""},{""adm2_code"":4557,""adm2_name"":""Futaleufu""}]","[{""gid_1"":""ARG.15_1"",""migration_date"":""2025-12-20"",""migration_method"":""jaccard1"",""name_1"":""Neuquén""},{""gid_1"":""ARG.16_1"",""migration_date"":""2025-12-20"",""migration_method"":""jaccard1"",""name_1"":""Río Negro""},{""gid_1"":""ARG.20_1"",""migration_date"":""2025-12-20"",""migration_method"":""jaccard1"",""name_1"":""Santa Cruz""},{""gid_2"":""ARG.4.2_1"",""migration_date"":""2025-12-20"",""migration_method"":""jaccard2"",""name_2"":""Cushamen""},{""gid_2"":""ARG.4.5_1"",""migration_date"":""2025-12-20"",""migration_method"":""jaccard2"",""name_2"":""Futaleufú""}]",2021-03-15,2025-12-20
2021-0433-USA,No,nat-cli-wil-for,Natural,Climatological,Wildfire,Forest fire,,Dixie fire,USA,United States of America,Northern America,Americas,Plumas County (California),"Heat, drought and winds",,No,No,No,,,Km2,,,,2021,7,13,2021,8,11,3,13,36,1212,1261,,,,,3000000,3564343,84.16698296,"[{""adm2_code"":28896,""adm2_name"":""Plumas""}]","[{""gid_2"":""USA.5.32_1"",""migration_date"":""2025-12-20"",""migration_method"":""jaccard2"",""name_2"":""Plumas""}]",2021-07-26,2025-12-20
2021-0506-MKD,No,nat-cli-wil-for,Natural,Climatological,Wildfire,Forest fire,GLIDE:WF-2021-000109,,MKD,North Macedonia,Southern Europe,Europe,"Strumica, Kochani, Kumanovo, Gevgelija, Valandovo, Bitola, Prilep, Shtip, Skopje, Tetovo, Radovish, Ohrid, Berovo, Delchevo, Kichevo, Veles, Probishtip, Kriva Palanka regions",,Heat wave,Yes,No,Yes,,,Km2,,,,2021,7,30,2021,9,,1,,80000,,80000,,,,,,,84.16698296,"[{""adm1_code"":2927,""adm1_name"":""Berovo""},{""adm1_code"":2928,""adm1_name"":""Bitola""},{""adm1_code"":2931,""adm1_name"":""Delcevo""},{""adm1_code"":2933,""adm1_name"":""Gevgelija""},{""adm1_code"":2936,""adm1_name"":""Kicevo""},{""adm1_code"":2937,""adm1_name"":""Kocani""},{""adm1_code"":2939,""adm1_name"":""Kriva Palanka""},{""adm1_code"":2941,""adm1_name"":""Kumanovo""},{""adm1_code"":2943,""adm1_name"":""Ohrid""},{""adm1_code"":2944,""adm1_name"":""Prilep""},{""adm1_code"":2945,""adm1_name"":""Probistip""},{""adm1_code"":2946,""adm1_name"":""Radovic""},{""adm1_code"":2948,""adm1_name"":""Skopje""},{""adm1_code"":2949,""adm1_name"":""Stip""},{""adm1_code"":2951,""adm1_name"":""Strumica""},{""adm1_code"":2953,""adm1_name"":""Tetovo""},{""adm1_code"":2954,""adm1_name"":""Valandovo""},{""adm1_code"":2955,""adm1_name"":""Veles""}]","[{""gid_1"":""MKD.10_1"",""migration_date"":""2025-12-20"",""migration_method"":""puzzle1_1"",""name_1"":""Čair""},{""gid_1"":""MKD.11_1"",""migration_date"":""2025-12-20"",""migration_method"":""puzzle1_1"",""name_1"":""Čaška""},{""gid_1"":""MKD.12_1"",""migration_date"":""2025-12-20"",""migration_method"":""puzzle1_1"",""name_1"":""Centar""},{""gid_1"":""MKD.14_1"",""migration_date"":""2025-12-20"",""migration_method"":""puzzle1_1"",""name_1"":""Češinovo-Obleševo""},{""gid_1"":""MKD.15_1"",""migration_date"":""2025-12-20"",""migration_method"":""puzzle1_1"",""name_1"":""Čučer Sandevo""},{""gid_1"":""MKD.17_1"",""migration_date"":""2025-12-20"",""migration_method"":""puzzle1_1"",""name_1"":""Debarca""},{""gid_1"":""MKD.18_1"",""migration_date"":""2025-12-20"",""migration_method"":""bufhaus1"",""name_1"":""Delčevo""},{""gid_1"":""MKD.1_1"",""migration_date"":""2025-12-20"",""migration_method"":""puzzle1_1"",""name_1"":""Aerodrom""},{""gid_1"":""MKD.21_1"",""migration_date"":""2025-12-20"",""migration_method"":""puzzle1_1"",""name_1"":""Dolneni""},{""gid_1"":""MKD.23_1"",""migration_date"":""2025-12-20"",""migration_method"":""puzzle1_1"",""name_1"":""Gazi Baba""},{""gid_1"":""MKD.24_1"",""migration_date"":""2025-12-20"",""migration_method"":""puzzle1_1"",""name_1"":""Gevgelija""},{""gid_1"":""MKD.25_1"",""migration_date"":""2025-12-20"",""migration_method"":""puzzle1_1"",""name_1"":""Gjorče Petrov""},{""gid_1"":""MKD.27_1"",""migration_date"":""2025-12-20"",""migration_method"":""puzzle1_1"",""name_1"":""Gradsko""},{""gid_1"":""MKD.28_1"",""migration_date"":""2025-12-20"",""migration_method"":""puzzle1_1"",""name_1"":""Ilinden""},{""gid_1"":""MKD.29_1"",""migration_date"":""2025-12-20"",""migration_method"":""puzzle1_1"",""name_1"":""Jegunovtse""},{""gid_1"":""MKD.2_1"",""migration_date"":""2025-12-20"",""migration_method"":""puzzle1_1"",""name_1"":""Aracinovo""},{""gid_1"":""MKD.30_1"",""migration_date"":""2025-12-20"",""migration_method"":""puzzle1_1"",""name_1"":""Karbinci""},{""gid_1"":""MKD.31_1"",""migration_date"":""2025-12-20"",""migration_method"":""puzzle1_1"",""name_1"":""Karpoš""},{""gid_1"":""MKD.33_1"",""migration_date"":""2025-12-20"",""migration_method"":""jaccard1"",""name_1"":""Kičevo""},{""gid_1"":""MKD.34_1"",""migration_date"":""2025-12-20"",""migration_method"":""puzzle1_1"",""name_1"":""Kisela Voda""},{""gid_1"":""MKD.35_1"",""migration_date"":""2025-12-20"",""migration_method"":""puzzle1_1"",""name_1"":""Kočani""},{""gid_1"":""MKD.36_1"",""migration_date"":""2025-12-20"",""migration_method"":""puzzle1_1"",""name_1"":""Konče""},{""gid_1"":""MKD.38_1"",""migration_date"":""2025-12-20"",""migration_method"":""puzzle1_1"",""name_1"":""Kriva Palanka""},{""gid_1"":""MKD.39_1"",""migration_date"":""2025-12-20"",""migration_method"":""puzzle1_1"",""name_1"":""Krivogaštani""},{""gid_1"":""MKD.3_1"",""migration_date"":""2025-12-20"",""migration_method"":""puzzle1_1"",""name_1"":""Berovo""},{""gid_1"":""MKD.41_1"",""migration_date"":""2025-12-20"",""migration_method"":""puzzle1_1"",""name_1"":""Kumanovo""},{""gid_1"":""MKD.42_1"",""migration_date"":""2025-12-20"",""migration_method"":""puzzle1_1"",""name_1"":""Lake Ohrid""},{""gid_1"":""MKD.43_1"",""migration_date"":""2025-12-20"",""migration_method"":""puzzle1_1"",""name_1"":""Lipkovo""},{""gid_1"":""MKD.45_1"",""migration_date"":""2025-12-20"",""migration_method"":""puzzle1_1"",""name_1"":""Makedonska Kamenica""},{""gid_1"":""MKD.48_1"",""migration_date"":""2025-12-20"",""migration_method"":""puzzle1_1"",""name_1"":""Mogila""},{""gid_1"":""MKD.4_1"",""migration_date"":""2025-12-20"",""migration_method"":""puzzle1_1"",""name_1"":""Bitola""},{""gid_1"":""MKD.50_1"",""migration_date"":""2025-12-20"",""migration_method"":""puzzle1_1"",""name_1"":""Novatsi""},{""gid_1"":""MKD.51_1"",""migration_date"":""2025-12-20"",""migration_method"":""puzzle1_1"",""name_1"":""Novo Selo""},{""gid_1"":""MKD.52_1"",""migration_date"":""2025-12-20"",""migration_method"":""puzzle1_1"",""name_1"":""Ohrid""},{""gid_1"":""MKD.54_1"",""migration_date"":""2025-12-20"",""migration_method"":""puzzle1_1"",""name_1"":""Pehčevo""},{""gid_1"":""MKD.55_1"",""migration_date"":""2025-12-20"",""migration_method"":""puzzle1_1"",""name_1"":""Petrovec""},{""gid_1"":""MKD.57_1"",""migration_date"":""2025-12-20"",""migration_method"":""puzzle1_1"",""name_1"":""Prilep""},{""gid_1"":""MKD.58_1"",""migration_date"":""2025-12-20"",""migration_method"":""bufhaus1"",""name_1"":""Probištip""},{""gid_1"":""MKD.59_1"",""migration_date"":""2025-12-20"",""migration_method"":""puzzle1_1"",""name_1"":""Radoviš""},{""gid_1"":""MKD.5_1"",""migration_date"":""2025-12-20"",""migration_method"":""puzzle1_1"",""name_1"":""Bogdanci""},{""gid_1"":""MKD.60_1"",""migration_date"":""2025-12-20"",""migration_method"":""puzzle1_1"",""name_1"":""Rankovce""},{""gid_1"":""MKD.63_1"",""migration_date"":""2025-12-20"",""migration_method"":""puzzle1_1"",""name_1"":""Saraj""},{""gid_1"":""MKD.64_1"",""migration_date"":""2025-12-20"",""migration_method"":""puzzle1_1"",""name_1"":""Sopište""},{""gid_1"":""MKD.65_1"",""migration_date"":""2025-12-20"",""migration_method"":""puzzle1_1"",""name_1"":""Star Dojran""},{""gid_1"":""MKD.66_1"",""migration_date"":""2025-12-20"",""migration_method"":""puzzle1_1"",""name_1"":""Staro Nagoričane""},{""gid_1"":""MKD.67_1"",""migration_date"":""2025-12-20"",""migration_method"":""puzzle1_1"",""name_1"":""Štip""},{""gid_1"":""MKD.69_1"",""migration_date"":""2025-12-20"",""migration_method"":""puzzle1_1"",""name_1"":""Strumitsa""},{""gid_1"":""MKD.6_1"",""migration_date"":""2025-12-20"",""migration_method"":""puzzle1_1"",""name_1"":""Bogovinje""},{""gid_1"":""MKD.70_1"",""migration_date"":""2025-12-20"",""migration_method"":""puzzle1_1"",""name_1"":""Studeničani""},{""gid_1"":""MKD.71_1"",""migration_date"":""2025-12-20"",""migration_method"":""puzzle1_1"",""name_1"":""Šuto Orizari""},{""gid_1"":""MKD.73_1"",""migration_date"":""2025-12-20"",""migration_method"":""puzzle1_1"",""name_1"":""Tearce""},{""gid_1"":""MKD.74_1"",""migration_date"":""2025-12-20"",""migration_method"":""puzzle1_1"",""name_1"":""Tetovo""},{""gid_1"":""MKD.75_1"",""migration_date"":""2025-12-20"",""migration_method"":""jaccard1"",""name_1"":""Valandovo""},{""gid_1"":""MKD.76_1"",""migration_date"":""2025-12-20"",""migration_method"":""puzzle1_1"",""name_1"":""Vasilevo""},{""gid_1"":""MKD.77_1"",""migration_date"":""2025-12-20"",""migration_method"":""puzzle1_1"",""name_1"":""Veles""},{""gid_1"":""MKD.7_1"",""migration_date"":""2025-12-20"",""migration_method"":""puzzle1_1"",""name_1"":""Bosilovo""},{""gid_1"":""MKD.83_1"",""migration_date"":""2025-12-20"",""migration_method"":""puzzle1_1"",""name_1"":""Zelenikovo""},{""gid_1"":""MKD.84_1"",""migration_date"":""2025-12-20"",""migration_method"":""puzzle1_1"",""name_1"":""Želino""},{""gid_1"":""MKD.85_1"",""migration_date"":""2025-12-20"",""migration_method"":""puzzle1_1"",""name_1"":""Zrnovci""},{""gid_1"":""MKD.8_1"",""migration_date"":""2025-12-20"",""migration_method"":""puzzle1_1"",""name_1"":""Brvenica""},{""gid_1"":""MKD.9_1"",""migration_date"":""2025-12-20"",""migration_method"":""puzzle1_1"",""name_1"":""Butel""}]",2021-08-12,2025-12-20
2021-0643-HND,No,nat-cli-wil-wil,Natural,Climatological,Wildfire,Wildfire (General),GLIDE:WF-2021-000154,,HND,Honduras,Latin America and the Caribbean,Americas,Guanaja Island (Islas de la Bahía Department),Unclear,,No,No,Yes,,,Km2,,,,2021,10,2,2021,10,3,,3,2500,,2503,,,,,,,84.16698296,"[{""adm2_code"":17345,""adm2_name"":""Guanaja""}]","[{""gid_2"":""HND.11.1_1"",""migration_date"":""2025-12-20"",""migration_method"":""jaccard2"",""name_2"":""Guanaja""}]",2021-10-05,2025-12-20
2022-0323-PAK,No,nat-cli-wil-for,Natural,Climatological,Wildfire,Forest fire,,,PAK,Pakistan,Southern Asia,Asia,"Sherani district, north-west of Balochistan Province, Khyber-Pakhtunkhwa",,,No,No,Yes,,,Km2,,,,2022,5,15,2022,5,24,4,4,4000,,4004,,,,,,,90.90269746,"[{""adm1_code"":2272,""adm1_name"":""Balochistan""},{""adm2_code"":23632,""adm2_name"":""Khyber Agency""}]","[{""gid_1"":""PAK.2_1"",""migration_date"":""2025-12-20"",""migration_method"":""jaccard1"",""name_1"":""Balochistan""},{""gid_1"":""PAK.3_1"",""migration_date"":""2025-12-20"",""migration_method"":""within2_1"",""name_1"":""Federally Administered Tribal Ar""}]",2022-05-30,2025-12-20
2022-0132-USA,No,nat-cli-wil-wil,Natural,Climatological,Wildfire,Wildfire (General),,Adkins Ave Fire and Bertha Swamp Road Fires; Cottonwood Complex Fires,USA,United States of America,Northern America,Americas,"Calhoun and Gulf Counties (Florida); Reno, Harvey Counties (Kansas)","Prolonged period of dry conditions, steady winds, and abundant fuels",,No,No,No,,,Km2,,,,2022,3,4,2022,3,9,,,156,108,264,,,,,,,90.90269746,"[{""adm2_code"":29004,""adm2_name"":""Calhoun""},{""adm2_code"":29019,""adm2_name"":""Gulf""},{""adm2_code"":29605,""adm2_name"":""Harvey""},{""adm2_code"":29643,""adm2_name"":""Reno""}]","[{""gid_2"":""USA.10.22_1"",""migration_date"":""2025-12-20"",""migration_method"":""jaccard2"",""name_2"":""Gulf""},{""gid_2"":""USA.10.7_1"",""migration_date"":""2025-12-20"",""migration_method"":""jaccard2"",""name_2"":""Calhoun""},{""gid_2"":""USA.17.40_1"",""migration_date"":""2025-12-20"",""migration_method"":""jaccard2"",""name_2"":""Harvey""},{""gid_2"":""USA.17.78_1"",""migration_date"":""2025-12-20"",""migration_method"":""jaccard2"",""name_2"":""Reno""}]",2022-03-16,2025-12-20
2022-0215-USA,No,nat-cli-wil-wil,Natural,Climatological,Wildfire,Wildfire (General),,"McBride, Nogal Canyon, Hermits Peak Fires",USA,United States of America,Northern America,Americas,"Lincoln, San Miguel Counties (New Mexico)","Ongoing severe drought, strong winds and low relative humidity",,No,No,No,,,Km2,,,,2022,4,12,2022,5,,2,49,600,,649,,,,,155000,170512,90.90269746,"[{""adm2_code"":28787,""adm2_name"":""Santa Cruz""},{""adm2_code"":30486,""adm2_name"":""Lincoln""},{""adm2_code"":30496,""adm2_name"":""San Miguel""}]","[{""gid_2"":""USA.3.13_1"",""migration_date"":""2025-12-20"",""migration_method"":""jaccard2"",""name_2"":""Santa Cruz""},{""gid_2"":""USA.32.15_1"",""migration_date"":""2025-12-20"",""migration_method"":""jaccard2"",""name_2"":""Lincoln""},{""gid_2"":""USA.32.25_1"",""migration_date"":""2025-12-20"",""migration_method"":""jaccard2"",""name_2"":""San Miguel""}]",2022-04-15,2025-12-20
2022-0275-RUS,No,nat-cli-wil-for,Natural,Climatological,Wildfire,Forest fire,,,RUS,Russian Federation,Eastern Europe,Europe,"Krasnoïarsk, Kemerovo, Omsk, Kurgan, Irkutsk, and Novosibirsk regions (Siberia)",Violent wind,,No,No,No,,,Km2,,,,2022,5,6,2022,5,10,16,12,,2190,2202,,,,,,,90.90269746,"[{""adm1_code"":2506,""adm1_name"":""Irkutskaya Oblast""},{""adm1_code"":2515,""adm1_name"":""Kemerovskaya Oblast""},{""adm1_code"":2524,""adm1_name"":""Krasnodarskiy Kray""},{""adm1_code"":2526,""adm1_name"":""Kurganskaya Oblast""},{""adm1_code"":2541,""adm1_name"":""Novosibirskaya Oblast""},{""adm1_code"":2542,""adm1_name"":""Omskaya Oblast""}]","[{""gid_1"":""RUS.18_1"",""migration_date"":""2025-12-20"",""migration_method"":""jaccard1"",""name_1"":""Irkutsk""},{""gid_1"":""RUS.27_1"",""migration_date"":""2025-12-20"",""migration_method"":""jaccard1"",""name_1"":""Kemerovo""},{""gid_1"":""RUS.34_1"",""migration_date"":""2025-12-20"",""migration_method"":""jaccard1"",""name_1"":""Krasnodar""},{""gid_1"":""RUS.36_1"",""migration_date"":""2025-12-20"",""migration_method"":""jaccard1"",""name_1"":""Kurgan""},{""gid_1"":""RUS.50_1"",""migration_date"":""2025-12-20"",""migration_method"":""jaccard1"",""name_1"":""Novosibirsk""},{""gid_1"":""RUS.51_1"",""migration_date"":""2025-12-20"",""migration_method"":""jaccard1"",""name_1"":""Omsk""}]",2022-05-10,2025-12-20
2023-0524-USA,No,nat-cli-wil-wil,Natural,Climatological,Wildfire,Wildfire (General),GLIDE:WF-2023-000140,'Lahaina' wildfire,USA,United States of America,Northern America,Americas,Maui and Kula City (Hawai),,,No,No,Yes,,,Km2,,,,2023,8,9,2023,8,10,128,,7695,,7695,,,3500000,3698044,5500000,5811212,94.64462201,"[{""adm1_code"":3225,""adm1_name"":""Hawaii""}]","[{""gid_1"":""USA.12_1"",""migration_date"":""2025-12-20"",""migration_method"":""jaccard1"",""name_1"":""Hawaii""}]",2023-08-09,2025-12-20
2023-0507-PRT,No,nat-cli-wil-wil,Natural,Climatological,Wildfire,Wildfire (General),,,PRT,Portugal,Southern Europe,Europe,Odemira Municipality,,,No,No,No,,,Km2,,,,2023,8,5,2023,8,9,,35,1400,,1435,,,,,,,94.64462201,,,2023-08-09,2023-09-26
2023-0727-ESP,No,nat-cli-wil-wil,Natural,Climatological,Wildfire,Wildfire (General),,,ESP,Spain,Southern Europe,Europe,Montitxelvo municipality (Valencia),,,No,No,No,,,Km2,,,,2023,11,2,2023,11,3,,,800,,800,,,,,,,94.64462201,,,2023-11-06,2025-03-18
2023-0529-FRA,No,nat-cli-wil-wil,Natural,Climatological,Wildfire,Wildfire (General),,,FRA,France,Western Europe,Europe,Saint-André and Argelès-sur-Mer (Pyrénées-Orientales department),,,No,No,No,,,Km2,,,,2023,8,14,2023,8,17,,51,90,,141,,,,,,,94.64462201,"[{""adm2_code"":16289,""adm2_name"":""Pyrenees-Orientales""}]","[{""gid_2"":""FRA.11.11_1"",""migration_date"":""2025-12-20"",""migration_method"":""jaccard2"",""name_2"":""Pyrénées-Orientales""}]",2023-08-21,2025-12-20
2023-0535-GRC,No,nat-cli-wil-for,Natural,Climatological,Wildfire,Forest fire,GLIDE:WF-2023-000153,,GRC,Greece,Southern Europe,Europe,"Alexandroupolis-Feres and Rodopi in East Macedonia, in Viotia (Central Greece), Parrnitha (Attica), Evia Island, and Kythnos Island",,,No,No,No,,,Km2,,,,2023,8,19,2023,8,27,20,,,,,,,,,200000,211317,94.64462201,,,2023-08-23,2025-03-12
2023-0884-SYR,No,nat-cli-wil-wil,Natural,Climatological,Wildfire,Wildfire (General),GLIDE:WF-2023-000129,,SYR,Syrian Arab Republic,Western Asia,Asia,"Hama, Homs, Lattakia, Tartous",,,No,No,No,,,Km2,,,,2023,6,,2023,7,,,5,50000,,50005,,,,,,,94.64462201,,,2025-07-18,2025-07-18
2024-0044-ZAF,No,nat-cli-wil-wil,Natural,Climatological,Wildfire,Wildfire (General),,,ZAF,South Africa,Sub-Saharan Africa,Africa,Overberg District; ape Winelands District Municipality (Greater Cape Town and Cape Peninsula (Western Cape Province),,,No,No,No,,,Km2,,,,2024,1,,2024,1,31,,,250,,250,,,,,,,97.43617562,,,2024-02-01,2024-02-13
2024-0056-CHL,No,nat-cli-wil-wil,Natural,Climatological,Wildfire,Wildfire (General),GLIDE:WF-2024-000010,Tablax Complex fire,CHL,Chile,Latin America and the Caribbean,Americas,"Viña del Mar City, Quilpué City (Marga Marga Province; Valparaíso Region); O'Higgins, Maule, Ñuble, Los Ríos, Arucania, Aysén regions",,,No,No,Yes,,,Km2,,,,2024,2,1,2024,2,7,135,1250,39528,,40778,,,,,1000000,1026313,97.43617562,,,2024-02-08,2025-03-28
2024-0226-GTM,No,nat-cli-wil-wil,Natural,Climatological,Wildfire,Wildfire (General),,,GTM,Guatemala,Latin America and the Caribbean,Americas,"Guatemala, Escuintla, and Sacatepéquez",,,No,No,Yes,,,Km2,,,,2024,1,1,2024,4,11,,200,,,200,,,,,,,97.43617562,,,2024-04-17,2024-04-30
2024-0288-CAN,No,nat-cli-wil-for,Natural,Climatological,Wildfire,Forest fire,,,CAN,Canada,Northern America,Americas,"Fort Nelson, Carpenter Lake, Fontas, and Doig River First Nation reserve (British Columbia); Alberta, Manitoba Provinces",,,No,No,No,,,Km2,,,,2024,5,12,2024,5,13,,,3500,,3500,,,,,,,97.43617562,,,2024-05-13,2024-06-12
2024-0524-CAN,No,nat-cli-wil-wil,Natural,Climatological,Wildfire,Wildfire (General),,Jasper Complex Fire,CAN,Canada,Northern America,Americas,National park Jasper (Alberta province); Colombie-Britannique,"Warm temperatures, dry conditions, and strong winds, lightenings",,No,No,Yes,,,Km2,,,,2024,7,22,2024,8,7,1,,,,,,,800000,821050,1000000,1026313,97.43617562,,,2024-07-25,2025-01-09
2024-0623-TUR,No,nat-cli-wil-wil,Natural,Climatological,Wildfire,Wildfire (General),,,TUR,Türkiye,Western Asia,Asia,"Izmir, Manisa, Bolu, and Aydin",Strong winds and warm temperatures,,No,No,No,,,Km2,,,,2024,8,13,2024,8,18,,,,,,,,,,,,97.43617562,,,2024-08-21,2024-10-28
2024-0700-PER,No,nat-cli-wil-wil,Natural,Climatological,Wildfire,Wildfire (General),,,PER,Peru,Latin America and the Caribbean,Americas,"Amazonas, San Martin and Ucayali",,,No,No,Yes,,,Km2,,,,2024,7,1,2024,9,30,14,9,1876,,1885,,,,,190000,194999,97.43617562,,,2024-09-30,2024-11-28
2024-0827-USA,No,nat-cli-wil-wil,Natural,Climatological,Wildfire,Wildfire (General),,'Mountain fire',USA,United States of America,Northern America,Americas,Ventura county (California),,,No,No,Yes,,,Km2,,,,2024,11,6,2024,11,8,,6,381,729,1116,,,,,100000,102631,97.43617562,,,2024-11-08,2024-11-15
2025-0313-ISR,No,nat-cli-wil-wil,Natural,Climatological,Wildfire,Wildfire (General),,,ISR,Israel,Western Asia,Asia,"Near Judean Mountain range, around Jerusalem","Hot and dry conditions, strong winds",,No,No,Yes,,,Km2,,,,2025,4,30,2025,5,3,,23,,,23,,,,,,,100,,,2025-05-05,2025-05-09
2025-0721-BOL,No,nat-cli-wil-wil,Natural,Climatological,Wildfire,Wildfire (General),GLIDE:WF-2025-000163,,BOL,Bolivia (Plurinational State of),Latin America and the Caribbean,Americas,"Santa Cruz, Beni, Potosí, and Cochabamba departments",,,No,No,Yes,,,Km2,,,,2025,8,17,2025,8,31,,,14000,,14000,,,,,,,100,,,2025-08-26,2025-12-03
2025-1057-IRN,No,nat-cli-wil-wil,Natural,Climatological,Wildfire,Wildfire (General),GLIDE:WF-2025-000221,,IRN,Iran (Islamic Republic of),Southern Asia,Asia,"Azarbayejan Sharghi, Golestan, Mazandaran",,,No,Yes,No,,,Km2,,,,2025,10,31,2025,11,,,,50000,,50000,,,,,,,100,,,2025-12-18,2026-02-16
2026-0280-USA,No,nat-cli-wil-wil,Natural,Climatological,Wildfire,Wildfire (General),,,USA,United States of America,Northern America,Americas,"Brantley, Clinch and Echols counties (Georgia); Levy, Putnam and Clay counties (Florida)",,,No,No,Yes,,,Km2,,,,2026,4,21,2026,4,23,1,,249,310,559,,,,,,,,,,2026-04-23,2026-05-04
2000-0231-RUS,No,nat-cli-wil-for,Natural,Climatological,Wildfire,Forest fire,,,RUS,Russian Federation,Eastern Europe,Europe,"Buryatiya Rep., Irkutskaya Oblast, Chitinskaya Oblast, Aginskiy Buryatskiy A. Okrug provinces",,,No,No,No,,930,Km2,,,,2000,5,,2000,5,,,,,,,,,,,,,53.48773668,"[{""adm1_code"":2488,""adm1_name"":""Aginskiy Buryatskiy A. Okrug""},{""adm1_code"":2497,""adm1_name"":""Buryatiya Rep.""},{""adm1_code"":2500,""adm1_name"":""Chitinskaya Oblast""},{""adm1_code"":2506,""adm1_name"":""Irkutskaya Oblast""}]","[{""gid_1"":""RUS.18_1"",""migration_date"":""2025-12-20"",""migration_method"":""jaccard1"",""name_1"":""Irkutsk""},{""gid_1"":""RUS.83_1"",""migration_date"":""2025-12-20"",""migration_method"":""jaccard1"",""name_1"":""Zabaykal'ye""},{""gid_1"":""RUS.9_1"",""migration_date"":""2025-12-20"",""migration_method"":""jaccard1"",""name_1"":""Buryat""}]",2003-07-01,2025-12-20
2000-0279-USA,No,nat-cli-wil-for,Natural,Climatological,Wildfire,Forest fire,,,USA,United States of America,Northern America,Americas,Sarasota district (Florida province),,,No,No,No,,16,Km2,,,,2000,5,14,2000,5,14,,,,,,,,,,,,53.48773668,"[{""adm2_code"":29053,""adm2_name"":""Sarasota""}]","[{""gid_2"":""USA.10.58_1"",""migration_date"":""2025-12-20"",""migration_method"":""jaccard2"",""name_2"":""Sarasota""}]",2003-07-01,2025-12-20
2000-0528-HRV,No,nat-cli-wil-for,Natural,Climatological,Wildfire,Forest fire,,,HRV,Croatia,Southern Europe,Europe,"Split, Omis cities (Split-dalmatija province), Slano, Metkovic cities (Dubrovnik-neretva province)",,,No,No,No,,203,Km2,,,,2000,8,,2000,8,,1,,,,,,,,,17750,33185,53.48773668,"[{""adm1_code"":989,""adm1_name"":""Dubrovnik-neretva""},{""adm1_code"":1003,""adm1_name"":""Split-dalmatija""}]","[{""gid_1"":""HRV.16_1"",""migration_date"":""2025-12-20"",""migration_method"":""jaccard1"",""name_1"":""Splitsko-Dalmatinska""},{""gid_1"":""HRV.3_1"",""migration_date"":""2025-12-20"",""migration_method"":""jaccard1"",""name_1"":""Dubrovacko-Neretvanska""}]",2003-07-01,2025-12-20
2001-0340-CAN,No,nat-cli-wil-for,Natural,Climatological,Wildfire,Forest fire,,,CAN,Canada,Northern America,Americas,Alberta province,,,No,No,No,,,Km2,,,,2001,5,28,2001,5,28,,,1200,,1200,,,,,,,54.99938527,"[{""adm1_code"":825,""adm1_name"":""Alberta""}]","[{""gid_1"":""CAN.1_1"",""migration_date"":""2025-12-20"",""migration_method"":""jaccard1"",""name_1"":""Alberta""}]",2003-07-01,2025-12-20
2001-0499-COL,No,nat-cli-wil-for,Natural,Climatological,Wildfire,Forest fire,,,COL,Colombia,Latin America and the Caribbean,Americas,"Amazonas, Arauca, Boyaca, Caqueta, Casanare, Guainia, Guaviare, Meta, Norte De Santander, Putumayo, Vaupes, Vichada provinces",,,No,No,No,,120,Km2,,,,2001,8,,2001,8,,,,,,,,,,,,,54.99938527,"[{""adm1_code"":934,""adm1_name"":""Amazonas""},{""adm1_code"":936,""adm1_name"":""Arauca""},{""adm1_code"":939,""adm1_name"":""Boyaca""},{""adm1_code"":942,""adm1_name"":""Caqueta""},{""adm1_code"":943,""adm1_name"":""Casanare""},{""adm1_code"":951,""adm1_name"":""Guaviare""},{""adm1_code"":954,""adm1_name"":""Meta""},{""adm1_code"":956,""adm1_name"":""Norte De Santander""},{""adm1_code"":957,""adm1_name"":""Putumayo""},{""adm1_code"":965,""adm1_name"":""Vaupes""},{""adm1_code"":966,""adm1_name"":""Vichada""}]","[{""gid_1"":""COL.10_2"",""migration_date"":""2025-12-20"",""migration_method"":""jaccard1"",""name_1"":""Casanare""},{""gid_1"":""COL.17_2"",""migration_date"":""2025-12-20"",""migration_method"":""jaccard1"",""name_1"":""Guaviare""},{""gid_1"":""COL.1_2"",""migration_date"":""2025-12-20"",""migration_method"":""jaccard1"",""name_1"":""Amazonas""},{""gid_1"":""COL.21_2"",""migration_date"":""2025-12-20"",""migration_method"":""jaccard1"",""name_1"":""Meta""},{""gid_1"":""COL.23_2"",""migration_date"":""2025-12-20"",""migration_method"":""jaccard1"",""name_1"":""Norte de Santander""},{""gid_1"":""COL.24_2"",""migration_date"":""2025-12-20"",""migration_method"":""jaccard1"",""name_1"":""Putumayo""},{""gid_1"":""COL.32_2"",""migration_date"":""2025-12-20"",""migration_method"":""jaccard1"",""name_1"":""Vaupés""},{""gid_1"":""COL.33_2"",""migration_date"":""2025-12-20"",""migration_method"":""jaccard1"",""name_1"":""Vichada""},{""gid_1"":""COL.3_2"",""migration_date"":""2025-12-20"",""migration_method"":""jaccard1"",""name_1"":""Arauca""},{""gid_1"":""COL.7_2"",""migration_date"":""2025-12-20"",""migration_method"":""jaccard1"",""name_1"":""Boyacá""},{""gid_1"":""COL.9_2"",""migration_date"":""2025-12-20"",""migration_method"":""jaccard1"",""name_1"":""Caquetá""}]",2003-07-01,2025-12-20
2001-0500-ZAF,No,nat-cli-wil-lan,Natural,Climatological,Wildfire,"Land fire (Brush, Bush, Pasture)",,,ZAF,South Africa,Sub-Saharan Africa,Africa,"Elhanzeni District Municipality, Mopani District Municipality, Vhelbe District Municipality",,,No,No,No,,,Km2,,,,2001,9,4,2001,9,4,20,,,,,,,,,,,54.99938527,"[{""adm2_code"":77342,""adm2_name"":""Mopani District Municipality""},{""adm2_code"":77343,""adm2_name"":""Vhembe District Municipality""},{""adm2_code"":77341,""adm2_name"":""Ehlanzeni District Municipality""}]","[{""gid_2"":""ZAF.5.2_1"",""migration_date"":""2025-12-20"",""migration_method"":""jaccard2"",""name_2"":""Mopani""},{""gid_2"":""ZAF.5.4_1"",""migration_date"":""2025-12-20"",""migration_method"":""jaccard2"",""name_2"":""Vhembe""},{""gid_2"":""ZAF.6.1_1"",""migration_date"":""2025-12-20"",""migration_method"":""jaccard2"",""name_2"":""Ehlanzeni""}]",2003-07-01,2025-12-20
2001-0504-BGR,No,nat-cli-wil-for,Natural,Climatological,Wildfire,Forest fire,,,BGR,Bulgaria,Eastern Europe,Europe,"Blagoevgrad, Haskovo, Kardzhali, Smoljan provinces",,,No,No,No,,50,Km2,,,,2001,8,,2001,8,,,,,,,,,,,,,54.99938527,"[{""adm1_code"":702,""adm1_name"":""Blagoevgrad""},{""adm1_code"":706,""adm1_name"":""Haskovo""},{""adm1_code"":708,""adm1_name"":""Kardzhali""},{""adm1_code"":721,""adm1_name"":""Smoljan""}]","[{""gid_1"":""BGR.1_1"",""migration_date"":""2025-12-20"",""migration_method"":""jaccard1"",""name_1"":""Blagoevgrad""},{""gid_1"":""BGR.20_1"",""migration_date"":""2025-12-20"",""migration_method"":""jaccard1"",""name_1"":""Smolyan""},{""gid_1"":""BGR.6_1"",""migration_date"":""2025-12-20"",""migration_method"":""jaccard1"",""name_1"":""Haskovo""},{""gid_1"":""BGR.7_1"",""migration_date"":""2025-12-20"",""migration_method"":""jaccard1"",""name_1"":""Kardzhali""}]",2003-07-01,2025-12-20
2001-0558-PRT,No,nat-cli-wil-for,Natural,Climatological,Wildfire,Forest fire,,,PRT,Portugal,Southern Europe,Europe,"Guarda, Vila Real, Viseu provinces",,,No,No,No,,428,Km2,,,,2001,9,,2001,9,,,,,,,,,,,,,54.99938527,"[{""adm1_code"":2394,""adm1_name"":""Guarda""},{""adm1_code"":2412,""adm1_name"":""Vila Real""},{""adm1_code"":2413,""adm1_name"":""Viseu""}]","[{""gid_1"":""PRT.10_1"",""migration_date"":""2025-12-20"",""migration_method"":""jaccard1"",""name_1"":""Guarda""},{""gid_1"":""PRT.19_1"",""migration_date"":""2025-12-20"",""migration_method"":""jaccard1"",""name_1"":""Vila Real""},{""gid_1"":""PRT.20_1"",""migration_date"":""2025-12-20"",""migration_method"":""jaccard1"",""name_1"":""Viseu""}]",2003-07-01,2025-12-20
2001-0655-AUS,No,nat-cli-wil-lan,Natural,Climatological,Wildfire,"Land fire (Brush, Bush, Pasture)",,,AUS,Australia,Australia and New Zealand,Oceania,New South Wales province,,,No,No,No,,280,Km2,,,,2001,10,,2001,10,,,,,,,,,,,,,54.99938527,"[{""adm1_code"":470,""adm1_name"":""New South Wales""}]","[{""gid_1"":""AUS.5_1"",""migration_date"":""2025-12-20"",""migration_method"":""jaccard1"",""name_1"":""New South Wales""}]",2003-07-01,2025-12-20
2002-0197-VNM,No,nat-cli-wil-for,Natural,Climatological,Wildfire,Forest fire,,,VNM,Viet Nam,South-eastern Asia,Asia,"U Minh Thuong National Park (Kien Giang province), U Minh Ha (Ca Mau province)",,,Yes,No,No,50,55,Km2,,,,2002,3,24,2002,4,12,,,,,,,,,,,,55.87169607,"[{""adm1_code"":3339,""adm1_name"":""Ca Mau""},{""adm1_code"":3356,""adm1_name"":""Kien Giang""}]","[{""gid_1"":""VNM.13_1"",""migration_date"":""2025-12-20"",""migration_method"":""jaccard1"",""name_1"":""Cà Mau""},{""gid_1"":""VNM.33_1"",""migration_date"":""2025-12-20"",""migration_method"":""jaccard1"",""name_1"":""Kiên Giang""}]",2005-04-19,2025-12-20
2002-0331-USA,No,nat-cli-wil-for,Natural,Climatological,Wildfire,Forest fire,,,USA,United States of America,Northern America,Americas,"Georgia, Alaska provinces",,,No,No,No,,414,Km2,,,,2002,5,,2002,5,,,,,,,,,,,,,55.87169607,"[{""adm1_code"":3215,""adm1_name"":""Alaska""},{""adm1_code"":3224,""adm1_name"":""Georgia""}]","[{""gid_1"":""USA.11_1"",""migration_date"":""2025-12-20"",""migration_method"":""jaccard1"",""name_1"":""Georgia""},{""gid_1"":""USA.2_1"",""migration_date"":""2025-12-20"",""migration_method"":""jaccard1"",""name_1"":""Alaska""}]",2003-07-01,2025-12-20
2002-0469-RUS,No,nat-cli-wil-for,Natural,Climatological,Wildfire,Forest fire,,,RUS,Russian Federation,Eastern Europe,Europe,"Sakha Rep., Chukotskiy Okrug provinces",,,No,No,No,,1880,Km2,,,,2002,7,,2002,7,,,,,,,,,,,,,55.87169607,"[{""adm1_code"":2501,""adm1_name"":""Chukotskiy Okrug""},{""adm1_code"":2551,""adm1_name"":""Sakha Rep.""}]","[{""gid_1"":""RUS.12_1"",""migration_date"":""2025-12-20"",""migration_method"":""jaccard1"",""name_1"":""Chukot""},{""gid_1"":""RUS.60_1"",""migration_date"":""2025-12-20"",""migration_method"":""jaccard1"",""name_1"":""Sakha""}]",2003-07-01,2025-12-20
2002-0565-RUS,No,nat-cli-wil-for,Natural,Climatological,Wildfire,Forest fire,,,RUS,Russian Federation,Eastern Europe,Europe,"Shatura, Dmitrov, Balashikha, Noginsk, Pavlovo-Posad cities (Moskovskaya Oblast province)",,,No,No,No,,6,Km2,,,,2002,7,,2002,7,,,,,,,,,,,,,55.87169607,"[{""adm1_code"":2534,""adm1_name"":""Moskovskaya Oblast""}]","[{""gid_1"":""RUS.44_1"",""migration_date"":""2025-12-20"",""migration_method"":""jaccard1"",""name_1"":""Moskva""}]",2003-07-01,2025-12-20
2002-0618-USA,No,nat-cli-wil-for,Natural,Climatological,Wildfire,Forest fire,,,USA,United States of America,Northern America,Americas,"Claremont, Glendora, La Verne areas (Los Angeles district, California province))",,,No,No,No,,93,Km2,,,,2002,9,22,2002,9,22,,,2000,213,2213,,,,,,,55.87169607,"[{""adm2_code"":28883,""adm2_name"":""Los Angeles""}]","[{""gid_2"":""USA.5.19_1"",""migration_date"":""2025-12-20"",""migration_method"":""jaccard2"",""name_2"":""Los Angeles""}]",2003-07-01,2025-12-20
2003-0299-USA,No,nat-cli-wil-for,Natural,Climatological,Wildfire,Forest fire,,,USA,United States of America,Northern America,Americas,"Summerhaven area (Pima district, Arizona province), Lemmon mount (Pima district, Arizona province)",,,No,No,No,,16,Km2,,,,2003,6,17,2003,6,20,,,,750,750,,,,,,,57.14003527,"[{""adm2_code"":28785,""adm2_name"":""Pima""}]","[{""gid_2"":""USA.3.11_1"",""migration_date"":""2025-12-20"",""migration_method"":""jaccard2"",""name_2"":""Pima""}]",2003-06-26,2025-12-20
2003-0369-CAN,No,nat-cli-wil-for,Natural,Climatological,Wildfire,Forest fire,,,CAN,Canada,Northern America,Americas,"British Columbia, Alberta, Saskatchewan, Manitoba provinces",,,No,No,No,,2500,Km2,,,,2003,8,1,2003,9,14,1,,,,,,,155000,271263,545000,953797,57.14003527,"[{""adm1_code"":825,""adm1_name"":""Alberta""},{""adm1_code"":826,""adm1_name"":""British Columbia / Colombie-Britannique""},{""adm1_code"":827,""adm1_name"":""Manitoba""},{""adm1_code"":836,""adm1_name"":""Saskatchewan""}]","[{""gid_1"":""CAN.12_1"",""migration_date"":""2025-12-20"",""migration_method"":""jaccard1"",""name_1"":""Saskatchewan""},{""gid_1"":""CAN.1_1"",""migration_date"":""2025-12-20"",""migration_method"":""jaccard1"",""name_1"":""Alberta""},{""gid_1"":""CAN.2_1"",""migration_date"":""2025-12-20"",""migration_method"":""jaccard1"",""name_1"":""British Columbia""},{""gid_1"":""CAN.3_1"",""migration_date"":""2025-12-20"",""migration_method"":""jaccard1"",""name_1"":""Manitoba""}]",2004-03-10,2025-12-20
2005-0014-AUS,No,nat-cli-wil-for,Natural,Climatological,Wildfire,Forest fire,,,AUS,Australia,Australia and New Zealand,Oceania,"Eyre peninsula (Ceduna (DC), Cleve (DC), Elliston (DC), Franklin Harbour (DC), Kimba (DC), Lower Eyre Peninsula (DC), Port Augusta (C), Port Lincoln (C), Streaky Bay (DC), Tumby Bay (DC), Whyalla (C), Wudinna (DC) districts, South Australia province)","High temperature, violent winds",,No,No,No,,1000,Km2,,,,2005,1,4,2005,1,26,12,20,200,,220,,,20000,32970,40000,65941,60.66033175,"[{""adm2_code"":5264,""adm2_name"":""Ceduna (DC)""},{""adm2_code"":5267,""adm2_name"":""Cleve (DC)""},{""adm2_code"":5270,""adm2_name"":""Elliston (DC)""},{""adm2_code"":5272,""adm2_name"":""Franklin Harbour (DC)""},{""adm2_code"":5279,""adm2_name"":""Kimba (DC)""},{""adm2_code"":5281,""adm2_name"":""Wudinna (DC)""},{""adm2_code"":5283,""adm2_name"":""Lower Eyre Peninsula (DC)""},{""adm2_code"":5301,""adm2_name"":""Port Augusta (C)""},{""adm2_code"":5302,""adm2_name"":""Port Lincoln (C)""},{""adm2_code"":5310,""adm2_name"":""Streaky Bay (DC)""},{""adm2_code"":5314,""adm2_name"":""Tumby Bay (DC)""},{""adm2_code"":5322,""adm2_name"":""Whyalla (C)""}]","[{""gid_2"":""AUS.8.10_1"",""migration_date"":""2025-12-20"",""migration_method"":""jaccard2"",""name_2"":""Ceduna""},{""gid_2"":""AUS.8.13_1"",""migration_date"":""2025-12-20"",""migration_method"":""jaccard2"",""name_2"":""Cleve""},{""gid_2"":""AUS.8.16_1"",""migration_date"":""2025-12-20"",""migration_method"":""jaccard2"",""name_2"":""Elliston""},{""gid_2"":""AUS.8.18_1"",""migration_date"":""2025-12-20"",""migration_method"":""jaccard2"",""name_2"":""Franklin Harbour""},{""gid_2"":""AUS.8.25_1"",""migration_date"":""2025-12-20"",""migration_method"":""jaccard2"",""name_2"":""Kimba""},{""gid_2"":""AUS.8.28_1"",""migration_date"":""2025-12-20"",""migration_method"":""jaccard2"",""name_2"":""Lower Eyre Peninsula""},{""gid_2"":""AUS.8.47_1"",""migration_date"":""2025-12-20"",""migration_method"":""jaccard2"",""name_2"":""Port Augusta""},{""gid_2"":""AUS.8.48_1"",""migration_date"":""2025-12-20"",""migration_method"":""jaccard2"",""name_2"":""Port Lincoln""},{""gid_2"":""AUS.8.56_1"",""migration_date"":""2025-12-20"",""migration_method"":""jaccard2"",""name_2"":""Streaky Bay""},{""gid_2"":""AUS.8.60_1"",""migration_date"":""2025-12-20"",""migration_method"":""jaccard2"",""name_2"":""Tumby Bay""},{""gid_2"":""AUS.8.68_1"",""migration_date"":""2025-12-20"",""migration_method"":""jaccard2"",""name_2"":""Whyalla""},{""gid_2"":""AUS.8.69_1"",""migration_date"":""2025-12-20"",""migration_method"":""jaccard2"",""name_2"":""Wudinna""}]",2005-12-01,2025-12-20
2005-0367-PRT,No,nat-cli-wil-for,Natural,Climatological,Wildfire,Forest fire,,,PRT,Portugal,Southern Europe,Europe,"Porto, Castelo Branco provinces",,,No,No,No,,,Km2,,,,2005,5,15,2005,7,14,15,136,,,136,,,,,1650000,2720064,60.66033175,"[{""adm1_code"":2390,""adm1_name"":""Castelo Branco""},{""adm1_code"":2408,""adm1_name"":""Porto""}]","[{""gid_1"":""PRT.15_1"",""migration_date"":""2025-12-20"",""migration_method"":""jaccard1"",""name_1"":""Porto""},{""gid_1"":""PRT.6_1"",""migration_date"":""2025-12-20"",""migration_method"":""jaccard1"",""name_1"":""Castelo Branco""}]",2007-02-21,2025-12-20
2005-0430-MYS,No,nat-cli-wil-for,Natural,Climatological,Wildfire,Forest fire,,,MYS,Malaysia,South-eastern Asia,Asia,"Port Klang city (Kelang district, Selangor province), Kuala Selangor district (Selangor province)",,Pollution,No,No,Yes,,,Km2,,,,2005,8,9,2005,8,9,,,,,,,,,,,,60.66033175,"[{""adm2_code"":37456,""adm2_name"":""Kelang""},{""adm2_code"":37458,""adm2_name"":""Kuala Selangor""}]","[{""gid_2"":""MYS.15.4_1"",""migration_date"":""2025-12-20"",""migration_method"":""jaccard2"",""name_2"":""Klang""},{""gid_2"":""MYS.15.6_1"",""migration_date"":""2025-12-20"",""migration_method"":""jaccard2"",""name_2"":""Kuala Selangor""}]",2005-09-12,2025-12-20
2005-0430-THA,No,nat-cli-wil-for,Natural,Climatological,Wildfire,Forest fire,,,THA,Thailand,South-eastern Asia,Asia,"Satun, Phatthalung, Pattani, Yala, Narathiwat, Phuket, Songkhla provinces",,Pollution,No,No,No,,,Km2,,,,2005,8,,2005,8,,,,,,,,,,,,,60.66033175,"[{""adm1_code"":2882,""adm1_name"":""Narathiwat""},{""adm1_code"":2887,""adm1_name"":""Pattani""},{""adm1_code"":2890,""adm1_name"":""Phatthalung""},{""adm1_code"":2898,""adm1_name"":""Phuket""},{""adm1_code"":2910,""adm1_name"":""Satun""},{""adm1_code"":2913,""adm1_name"":""Songkhla""},{""adm1_code"":2925,""adm1_name"":""Yala""}]","[{""gid_1"":""THA.33_1"",""migration_date"":""2025-12-20"",""migration_method"":""jaccard1"",""name_1"":""Narathiwat""},{""gid_1"":""THA.38_1"",""migration_date"":""2025-12-20"",""migration_method"":""jaccard1"",""name_1"":""Pattani""},{""gid_1"":""THA.40_1"",""migration_date"":""2025-12-20"",""migration_method"":""jaccard1"",""name_1"":""Phatthalung""},{""gid_1"":""THA.48_1"",""migration_date"":""2025-12-20"",""migration_method"":""jaccard1"",""name_1"":""Phuket""},{""gid_1"":""THA.61_1"",""migration_date"":""2025-12-20"",""migration_method"":""jaccard1"",""name_1"":""Satun""},{""gid_1"":""THA.64_1"",""migration_date"":""2025-12-20"",""migration_method"":""jaccard1"",""name_1"":""Songkhla""},{""gid_1"":""THA.76_1"",""migration_date"":""2025-12-20"",""migration_method"":""jaccard1"",""name_1"":""Yala""}]",2005-09-12,2025-12-20
2005-0460-CAN,No,nat-cli-wil-for,Natural,Climatological,Wildfire,Forest fire,,,CAN,Canada,Northern America,Americas,Ontario province,Dry wetaher and heat wave,,No,No,No,,275,Km2,,,,2005,8,,2005,8,,,,,,,,,,,,,60.66033175,"[{""adm1_code"":833,""adm1_name"":""Ontario""}]","[{""gid_2"":""CAN.9.10_1"",""migration_date"":""2025-12-20"",""migration_method"":""puzzle1_2"",""name_2"":""Frontenac""},{""gid_2"":""CAN.9.11_1"",""migration_date"":""2025-12-20"",""migration_method"":""puzzle1_2"",""name_2"":""Greater Sudbury""},{""gid_2"":""CAN.9.12_1"",""migration_date"":""2025-12-20"",""migration_method"":""puzzle1_2"",""name_2"":""Grey""},{""gid_2"":""CAN.9.13_1"",""migration_date"":""2025-12-20"",""migration_method"":""puzzle1_2"",""name_2"":""Haldimand-Norfolk""},{""gid_2"":""CAN.9.14_1"",""migration_date"":""2025-12-20"",""migration_method"":""puzzle1_2"",""name_2"":""Haliburton""},{""gid_2"":""CAN.9.15_1"",""migration_date"":""2025-12-20"",""migration_method"":""puzzle1_2"",""name_2"":""Halton""},{""gid_2"":""CAN.9.16_1"",""migration_date"":""2025-12-20"",""migration_method"":""puzzle1_2"",""name_2"":""Hamilton""},{""gid_2"":""CAN.9.17_1"",""migration_date"":""2025-12-20"",""migration_method"":""puzzle1_2"",""name_2"":""Hastings""},{""gid_2"":""CAN.9.18_1"",""migration_date"":""2025-12-20"",""migration_method"":""puzzle1_2"",""name_2"":""Huron""},{""gid_2"":""CAN.9.19_1"",""migration_date"":""2025-12-20"",""migration_method"":""puzzle1_2"",""name_2"":""Kawartha Lakes""},{""gid_2"":""CAN.9.1_1"",""migration_date"":""2025-12-20"",""migration_method"":""puzzle1_2"",""name_2"":""Algoma""},{""gid_2"":""CAN.9.20_1"",""migration_date"":""2025-12-20"",""migration_method"":""puzzle1_2"",""name_2"":""Kenora""},{""gid_2"":""CAN.9.25_1"",""migration_date"":""2025-12-20"",""migration_method"":""puzzle1_2"",""name_2"":""Lambton""},{""gid_2"":""CAN.9.26_1"",""migration_date"":""2025-12-20"",""migration_method"":""puzzle1_2"",""name_2"":""Lanark""},{""gid_2"":""CAN.9.27_1"",""migration_date"":""2025-12-20"",""migration_method"":""puzzle1_2"",""name_2"":""Leeds and Grenville""},{""gid_2"":""CAN.9.28_1"",""migration_date"":""2025-12-20"",""migration_method"":""puzzle1_2"",""name_2"":""Lennox and Addington""},{""gid_2"":""CAN.9.29_1"",""migration_date"":""2025-12-20"",""migration_method"":""puzzle1_2"",""name_2"":""Manitoulin""},{""gid_2"":""CAN.9.2_1"",""migration_date"":""2025-12-20"",""migration_method"":""puzzle1_2"",""name_2"":""Brant""},{""gid_2"":""CAN.9.30_1"",""migration_date"":""2025-12-20"",""migration_method"":""puzzle1_2"",""name_2"":""Middlesex""},{""gid_2"":""CAN.9.31_1"",""migration_date"":""2025-12-20"",""migration_method"":""puzzle1_2"",""name_2"":""Muskoka""},{""gid_2"":""CAN.9.32_1"",""migration_date"":""2025-12-20"",""migration_method"":""puzzle1_2"",""name_2"":""Niagara""},{""gid_2"":""CAN.9.33_1"",""migration_date"":""2025-12-20"",""migration_method"":""puzzle1_2"",""name_2"":""Nipissing""},{""gid_2"":""CAN.9.34_1"",""migration_date"":""2025-12-20"",""migration_method"":""puzzle1_2"",""name_2"":""Northumberland""},{""gid_2"":""CAN.9.35_1"",""migration_date"":""2025-12-20"",""migration_method"":""puzzle1_2"",""name_2"":""Ottawa""},{""gid_2"":""CAN.9.36_1"",""migration_date"":""2025-12-20"",""migration_method"":""puzzle1_2"",""name_2"":""Oxford""},{""gid_2"":""CAN.9.37_1"",""migration_date"":""2025-12-20"",""migration_method"":""puzzle1_2"",""name_2"":""Parry Sound""},{""gid_2"":""CAN.9.38_1"",""migration_date"":""2025-12-20"",""migration_method"":""puzzle1_2"",""name_2"":""Peel""},{""gid_2"":""CAN.9.39_1"",""migration_date"":""2025-12-20"",""migration_method"":""puzzle1_2"",""name_2"":""Perth""},{""gid_2"":""CAN.9.3_1"",""migration_date"":""2025-12-20"",""migration_method"":""puzzle1_2"",""name_2"":""Bruce""},{""gid_2"":""CAN.9.40_1"",""migration_date"":""2025-12-20"",""migration_method"":""puzzle1_2"",""name_2"":""Peterborough""},{""gid_2"":""CAN.9.41_1"",""migration_date"":""2025-12-20"",""migration_method"":""puzzle1_2"",""name_2"":""Prescott and Russell""},{""gid_2"":""CAN.9.42_1"",""migration_date"":""2025-12-20"",""migration_method"":""puzzle1_2"",""name_2"":""Prince Edward""},{""gid_2"":""CAN.9.43_1"",""migration_date"":""2025-12-20"",""migration_method"":""puzzle1_2"",""name_2"":""Rainy River""},{""gid_2"":""CAN.9.44_1"",""migration_date"":""2025-12-20"",""migration_method"":""puzzle1_2"",""name_2"":""Renfrew""},{""gid_2"":""CAN.9.45_1"",""migration_date"":""2025-12-20"",""migration_method"":""puzzle1_2"",""name_2"":""Simcoe""},{""gid_2"":""CAN.9.46_1"",""migration_date"":""2025-12-20"",""migration_method"":""puzzle1_2"",""name_2"":""Stormont, Dundas and Glengarry""},{""gid_2"":""CAN.9.47_1"",""migration_date"":""2025-12-20"",""migration_method"":""puzzle1_2"",""name_2"":""Sudbury""},{""gid_2"":""CAN.9.48_1"",""migration_date"":""2025-12-20"",""migration_method"":""puzzle1_2"",""name_2"":""Thunder Bay""},{""gid_2"":""CAN.9.49_1"",""migration_date"":""2025-12-20"",""migration_method"":""puzzle1_2"",""name_2"":""Timiskaming""},{""gid_2"":""CAN.9.4_1"",""migration_date"":""2025-12-20"",""migration_method"":""puzzle1_2"",""name_2"":""Chatham-Kent""},{""gid_2"":""CAN.9.50_1"",""migration_date"":""2025-12-20"",""migration_method"":""puzzle1_2"",""name_2"":""Toronto""},{""gid_2"":""CAN.9.51_1"",""migration_date"":""2025-12-20"",""migration_method"":""puzzle1_2"",""name_2"":""Waterloo""},{""gid_2"":""CAN.9.52_1"",""migration_date"":""2025-12-20"",""migration_method"":""puzzle1_2"",""name_2"":""Wellington""},{""gid_2"":""CAN.9.53_1"",""migration_date"":""2025-12-20"",""migration_method"":""puzzle1_2"",""name_2"":""York""},{""gid_2"":""CAN.9.5_1"",""migration_date"":""2025-12-20"",""migration_method"":""puzzle1_2"",""name_2"":""Cochrane""},{""gid_2"":""CAN.9.6_1"",""migration_date"":""2025-12-20"",""migration_method"":""puzzle1_2"",""name_2"":""Dufferin""},{""gid_2"":""CAN.9.7_1"",""migration_date"":""2025-12-20"",""migration_method"":""puzzle1_2"",""name_2"":""Durham""},{""gid_2"":""CAN.9.8_1"",""migration_date"":""2025-12-20"",""migration_method"":""puzzle1_2"",""name_2"":""Elgin""},{""gid_2"":""CAN.9.9_1"",""migration_date"":""2025-12-20"",""migration_method"":""puzzle1_2"",""name_2"":""Essex""}]",2005-09-06,2025-12-20
2005-0724-USA,No,nat-cli-wil-for,Natural,Climatological,Wildfire,Forest fire,,,USA,United States of America,Northern America,Americas,"Texas, Oklahoma provinces",,,No,No,Yes,,,Km2,,,,2005,12,27,2006,1,4,5,,,1410,1410,,,,,100000,164852,60.66033175,"[{""adm1_code"":3250,""adm1_name"":""Oklahoma""},{""adm1_code"":3257,""adm1_name"":""Texas""}]","[{""gid_1"":""USA.37_1"",""migration_date"":""2025-12-20"",""migration_method"":""jaccard1"",""name_1"":""Oklahoma""},{""gid_1"":""USA.44_1"",""migration_date"":""2025-12-20"",""migration_method"":""jaccard1"",""name_1"":""Texas""}]",2007-01-17,2025-12-20
2006-0444-ESP,No,nat-cli-wil-for,Natural,Climatological,Wildfire,Forest fire,,,ESP,Spain,Southern Europe,Europe,Galicia province,Human,,No,No,No,,,Km2,,,,2006,8,4,2006,8,15,4,,,,,,,120000,191641,659000,1052427,62.61719478,"[{""adm1_code"":2728,""adm1_name"":""Galicia""}]","[{""gid_1"":""ESP.12_1"",""migration_date"":""2025-12-20"",""migration_method"":""jaccard1"",""name_1"":""Galicia""}]",2006-08-24,2025-12-20
2006-0374-USA,No,nat-cli-wil-wil,Natural,Climatological,Wildfire,Wildfire (General),,,USA,United States of America,Northern America,Americas,California province,,,No,No,Yes,,350,Km2,,,,2006,7,9,2006,7,14,1,17,,150,167,,,,,16000,25552,62.61719478,"[{""adm1_code"":3218,""adm1_name"":""California""}]","[{""gid_1"":""USA.5_1"",""migration_date"":""2025-12-20"",""migration_method"":""jaccard1"",""name_1"":""California""}]",2006-07-20,2025-12-20
2006-0759-USA,No,nat-cli-wil-wil,Natural,Climatological,Wildfire,Wildfire (General),,East Amarillo Complex Fire,USA,United States of America,Northern America,Americas,Texas,,,No,No,No,,,Km2,,,,2006,3,,2006,3,,12,,,300,300,,,,,150000,239551,62.61719478,"[{""adm1_code"":3257,""adm1_name"":""Texas""}]","[{""gid_1"":""USA.44_1"",""migration_date"":""2025-12-20"",""migration_method"":""jaccard1"",""name_1"":""Texas""}]",2024-03-11,2025-12-20
2007-0294-ITA,No,nat-cli-wil-for,Natural,Climatological,Wildfire,Forest fire,,,ITA,Italy,Southern Europe,Europe,"Abruzzi, Sardegna, Sicilia, Calabria provinces, Napoli district (Campania province),",,,No,No,Yes,,,Km2,,,,2007,7,,2007,8,,11,,,,,,,,,,,64.40346368,"[{""adm1_code"":1616,""adm1_name"":""Abruzzi""},{""adm1_code"":1618,""adm1_name"":""Calabria""},{""adm1_code"":1629,""adm1_name"":""Sardegna""},{""adm1_code"":1630,""adm1_name"":""Sicilia""},{""adm2_code"":18332,""adm2_name"":""Napoli""}]","[{""gid_1"":""ITA.14_1"",""migration_date"":""2025-12-20"",""migration_method"":""jaccard1"",""name_1"":""Sardegna""},{""gid_1"":""ITA.15_1"",""migration_date"":""2025-12-20"",""migration_method"":""jaccard1"",""name_1"":""Sicily""},{""gid_1"":""ITA.1_1"",""migration_date"":""2025-12-20"",""migration_method"":""jaccard1"",""name_1"":""Abruzzo""},{""gid_1"":""ITA.4_1"",""migration_date"":""2025-12-20"",""migration_method"":""jaccard1"",""name_1"":""Calabria""},{""gid_2"":""ITA.5.4_1"",""migration_date"":""2025-12-20"",""migration_method"":""jaccard2"",""name_2"":""Napoli""}]",2008-01-10,2025-12-20
2007-0329-SPI,No,nat-cli-wil-for,Natural,Climatological,Wildfire,Forest fire,,,SPI,Canary Islands,Northern Africa,Africa,"Grand Canaria Island (Las Palmas district, Canarias province), Tenerife Island (Santa Cruz de Tenerife district, Canarias province)",,,No,No,No,,,Km2,,,,2007,7,,2007,8,,,,300,105,405,,,,,,,64.40346368,"[{""adm2_code"":25789,""adm2_name"":""Las Palmas""},{""adm2_code"":25790,""adm2_name"":""Santa Cruz de Tenerife""}]","[{""gid_2"":""ESP.14.1_1"",""migration_date"":""2025-12-20"",""migration_method"":""jaccard2"",""name_2"":""Las Palmas""},{""gid_2"":""ESP.14.2_1"",""migration_date"":""2025-12-20"",""migration_method"":""jaccard2"",""name_2"":""Santa Cruz de Tenerife""}]",2007-08-07,2025-12-20
2007-0519-USA,No,nat-cli-wil-lan,Natural,Climatological,Wildfire,"Land fire (Brush, Bush, Pasture)",,,USA,United States of America,Northern America,Americas,"Los Angeles, Orange, Riverside, San Bernardino, San Diego, Santa Barbara, Ventura districts (California province)",,Storm,No,No,Yes,,,Km2,,,,2007,10,21,2007,10,24,8,64,640000,,640064,,,1900000,2950152,2500000,3881779,64.40346368,"[{""adm2_code"":28883,""adm2_name"":""Los Angeles""},{""adm2_code"":28894,""adm2_name"":""Orange""},{""adm2_code"":28897,""adm2_name"":""Riverside""},{""adm2_code"":28900,""adm2_name"":""San Bernardino""},{""adm2_code"":28901,""adm2_name"":""San Diego""},{""adm2_code"":28906,""adm2_name"":""Santa Barbara""},{""adm2_code"":28920,""adm2_name"":""Ventura""}]","[{""gid_2"":""USA.5.19_1"",""migration_date"":""2025-12-20"",""migration_method"":""jaccard2"",""name_2"":""Los Angeles""},{""gid_2"":""USA.5.30_1"",""migration_date"":""2025-12-20"",""migration_method"":""jaccard2"",""name_2"":""Orange""},{""gid_2"":""USA.5.33_1"",""migration_date"":""2025-12-20"",""migration_method"":""jaccard2"",""name_2"":""Riverside""},{""gid_2"":""USA.5.36_1"",""migration_date"":""2025-12-20"",""migration_method"":""jaccard2"",""name_2"":""San Bernardino""},{""gid_2"":""USA.5.37_1"",""migration_date"":""2025-12-20"",""migration_method"":""jaccard2"",""name_2"":""San Diego""},{""gid_2"":""USA.5.42_1"",""migration_date"":""2025-12-20"",""migration_method"":""jaccard2"",""name_2"":""Santa Barbara""},{""gid_2"":""USA.5.56_1"",""migration_date"":""2025-12-20"",""migration_method"":""jaccard2"",""name_2"":""Ventura""}]",2008-03-12,2025-12-20
2008-0253-USA,No,nat-cli-wil-for,Natural,Climatological,Wildfire,Forest fire,,,USA,United States of America,Northern America,Americas,California province,"Lightening, drought, wind",,No,No,Yes,,3500,Km2,,,,2008,6,20,2008,7,9,1,,,300,300,,,,,102000,152521,66.87597418,"[{""adm1_code"":3218,""adm1_name"":""California""}]","[{""gid_1"":""USA.5_1"",""migration_date"":""2025-12-20"",""migration_method"":""jaccard1"",""name_1"":""California""}]",2008-08-12,2025-12-20
2008-0392-MOZ,No,nat-cli-wil-wil,Natural,Climatological,Wildfire,Wildfire (General),,,MOZ,Mozambique,Sub-Saharan Africa,Africa,"Manica, Sofala, Zambezia provinces",,,No,No,No,,,Km2,,,,2008,9,1,2008,9,2,49,23,,3000,3023,,,,,,,66.87597418,"[{""adm1_code"":2115,""adm1_name"":""Manica""},{""adm1_code"":2120,""adm1_name"":""Sofala""},{""adm1_code"":2122,""adm1_name"":""Zambezia""}]","[{""gid_1"":""MOZ.11_1"",""migration_date"":""2025-12-20"",""migration_method"":""jaccard1"",""name_1"":""Zambezia""},{""gid_1"":""MOZ.4_1"",""migration_date"":""2025-12-20"",""migration_method"":""jaccard1"",""name_1"":""Manica""},{""gid_1"":""MOZ.9_1"",""migration_date"":""2025-12-20"",""migration_method"":""jaccard1"",""name_1"":""Sofala""}]",2008-09-12,2025-12-20
2009-0178-USA,No,nat-cli-wil-lan,Natural,Climatological,Wildfire,"Land fire (Brush, Bush, Pasture)",,,USA,United States of America,Northern America,Americas,Santa Barbara district (California province),Record temperatures and strong winds,,No,No,No,,,Km2,,,,2009,5,5,2009,5,11,,29,,234,263,,,,,100000,150064,66.63820107,"[{""adm2_code"":28906,""adm2_name"":""Santa Barbara""}]","[{""gid_2"":""USA.5.42_1"",""migration_date"":""2025-12-20"",""migration_method"":""jaccard2"",""name_2"":""Santa Barbara""}]",2010-03-07,2025-12-20
2009-0264-COD,No,nat-cli-wil-lan,Natural,Climatological,Wildfire,"Land fire (Brush, Bush, Pasture)",,,COD,Democratic Republic of the Congo,Sub-Saharan Africa,Africa,"Tshikula, Dibaya cities (Lulua district, Kasai Occidental province), Kongolo city (Tanganyka district, Katanga province), Mukishi city (Haut-Lomani district, Katanga province)",,,No,No,No,,,Km2,,,,2009,7,12,2009,7,12,,,,125,125,,,,,,,66.63820107,"[{""adm2_code"":14976,""adm2_name"":""Lulua""},{""adm2_code"":14981,""adm2_name"":""Haut-Lomami""},{""adm2_code"":14986,""adm2_name"":""Tanganyka""}]","[{""gid_2"":""COD.24.10_1"",""migration_date"":""2025-12-20"",""migration_method"":""puzzle2_2"",""name_2"":""Nyunzu""},{""gid_2"":""COD.24.1_1"",""migration_date"":""2025-12-20"",""migration_method"":""puzzle2_2"",""name_2"":""Kabalo""},{""gid_2"":""COD.24.2_1"",""migration_date"":""2025-12-20"",""migration_method"":""puzzle2_2"",""name_2"":""Kalemie""},{""gid_2"":""COD.24.3_1"",""migration_date"":""2025-12-20"",""migration_method"":""puzzle2_2"",""name_2"":""Kalemie (ville)""},{""gid_2"":""COD.24.4_1"",""migration_date"":""2025-12-20"",""migration_method"":""puzzle2_2"",""name_2"":""Kaoze""},{""gid_2"":""COD.24.5_1"",""migration_date"":""2025-12-20"",""migration_method"":""puzzle2_2"",""name_2"":""Kongolo""},{""gid_2"":""COD.24.6_1"",""migration_date"":""2025-12-20"",""migration_method"":""puzzle2_2"",""name_2"":""Kongolo (ville)""},{""gid_2"":""COD.24.7_1"",""migration_date"":""2025-12-20"",""migration_method"":""puzzle2_2"",""name_2"":""Manono""},{""gid_2"":""COD.24.8_1"",""migration_date"":""2025-12-20"",""migration_method"":""puzzle2_2"",""name_2"":""Manono (ville)""},{""gid_2"":""COD.24.9_1"",""migration_date"":""2025-12-20"",""migration_method"":""puzzle2_2"",""name_2"":""Moba""},{""gid_2"":""COD.4.1_1"",""migration_date"":""2025-12-20"",""migration_method"":""puzzle2_2"",""name_2"":""Bukama""},{""gid_2"":""COD.4.2_1"",""migration_date"":""2025-12-20"",""migration_method"":""puzzle2_2"",""name_2"":""Kabongo""},{""gid_2"":""COD.4.3_1"",""migration_date"":""2025-12-20"",""migration_method"":""puzzle2_2"",""name_2"":""Kamina""},{""gid_2"":""COD.4.4_1"",""migration_date"":""2025-12-20"",""migration_method"":""puzzle2_2"",""name_2"":""Kamina (ville)""},{""gid_2"":""COD.4.5_1"",""migration_date"":""2025-12-20"",""migration_method"":""puzzle2_2"",""name_2"":""Kaniama""},{""gid_2"":""COD.4.6_1"",""migration_date"":""2025-12-20"",""migration_method"":""puzzle2_2"",""name_2"":""Malemba-Nkulu""},{""gid_2"":""COD.7.1_1"",""migration_date"":""2025-12-20"",""migration_method"":""puzzle2_2"",""name_2"":""Demba""},{""gid_2"":""COD.7.2_1"",""migration_date"":""2025-12-20"",""migration_method"":""puzzle2_2"",""name_2"":""Dibaya""},{""gid_2"":""COD.7.3_1"",""migration_date"":""2025-12-20"",""migration_method"":""puzzle2_2"",""name_2"":""Dimbelenge""},{""gid_2"":""COD.7.5_1"",""migration_date"":""2025-12-20"",""migration_method"":""puzzle2_2"",""name_2"":""Kazumba""},{""gid_2"":""COD.7.6_1"",""migration_date"":""2025-12-20"",""migration_method"":""puzzle2_2"",""name_2"":""Luiza""},{""gid_2"":""COD.7.7_1"",""migration_date"":""2025-12-20"",""migration_method"":""puzzle2_2"",""name_2"":""Tshimbulu""}]",2009-07-23,2025-12-20
2009-0271-ITA,No,nat-cli-wil-for,Natural,Climatological,Wildfire,Forest fire,,,ITA,Italy,Southern Europe,Europe,"Sardegna, Sicilia provinces",,,No,No,No,,,Km2,,,,2009,7,20,2009,7,27,2,,,,,,,,,115000,172574,66.63820107,"[{""adm1_code"":1629,""adm1_name"":""Sardegna""},{""adm1_code"":1630,""adm1_name"":""Sicilia""}]","[{""gid_1"":""ITA.14_1"",""migration_date"":""2025-12-20"",""migration_method"":""jaccard1"",""name_1"":""Sardegna""},{""gid_1"":""ITA.15_1"",""migration_date"":""2025-12-20"",""migration_method"":""jaccard1"",""name_1"":""Sicily""}]",2010-03-07,2025-12-20
2010-0352-RUS,No,nat-cli-wil-lan,Natural,Climatological,Wildfire,"Land fire (Brush, Bush, Pasture)",GLIDE:WF-2010-000147,,RUS,Russian Federation,Eastern Europe,Europe,"Nizhniy city (Krasnodarskiy Kray province), Novgorodskaya Oblast, Riazan city (Ryazanskaya Oblast province), Lipetskaya Oblast, Voronezhskaya Oblast, Belgorodskaya Oblast, Ivanovskaya Oblast, Moskva, Moskovskaya Oblast provinces",Heat wave and drought,Heat wave,Yes,No,Yes,700,,Km2,,,,2010,7,,2010,8,6,53,996,5000,,5996,,,20000,29529,1800000,2657568,67.73109453,"[{""adm1_code"":2495,""adm1_name"":""Belgorodskaya Oblast""},{""adm1_code"":2507,""adm1_name"":""Ivanovskaya Oblast""},{""adm1_code"":2530,""adm1_name"":""Lipetskaya Oblast""},{""adm1_code"":2534,""adm1_name"":""Moskovskaya Oblast""},{""adm1_code"":2535,""adm1_name"":""Moskva""},{""adm1_code"":2540,""adm1_name"":""Novgorodskaya Oblast""},{""adm1_code"":2574,""adm1_name"":""Voronezhskaya Oblast""}]","[{""gid_1"":""RUS.19_1"",""migration_date"":""2025-12-20"",""migration_method"":""jaccard1"",""name_1"":""Ivanovo""},{""gid_1"":""RUS.39_1"",""migration_date"":""2025-12-20"",""migration_method"":""jaccard1"",""name_1"":""Lipetsk""},{""gid_1"":""RUS.43_1"",""migration_date"":""2025-12-20"",""migration_method"":""bufhaus1"",""name_1"":""Moscow City""},{""gid_1"":""RUS.44_1"",""migration_date"":""2025-12-20"",""migration_method"":""jaccard1"",""name_1"":""Moskva""},{""gid_1"":""RUS.49_1"",""migration_date"":""2025-12-20"",""migration_method"":""jaccard1"",""name_1"":""Novgorod""},{""gid_1"":""RUS.79_1"",""migration_date"":""2025-12-20"",""migration_method"":""jaccard1"",""name_1"":""Voronezh""},{""gid_1"":""RUS.7_1"",""migration_date"":""2025-12-20"",""migration_method"":""jaccard1"",""name_1"":""Belgorod""}]",2014-07-28,2025-12-20
2010-0623-CHN,No,nat-cli-wil-lan,Natural,Climatological,Wildfire,"Land fire (Brush, Bush, Pasture)",GLIDE:WF-2010-000247,,CHN,China,Eastern Asia,Asia,"Daofu county (Garzê Tibetan district, Sichuan Sheng province)",,,No,No,No,,,Km2,,,,2010,12,5,2010,12,5,22,3,,,3,,,,,,,67.73109453,"[{""adm2_code"":13271,""adm2_name"":""Garzê Tibetan""}]","[{""gid_2"":""CHN.26.5_1"",""migration_date"":""2025-12-20"",""migration_method"":""jaccard2"",""name_2"":""Garzê Tibetan""}]",2010-12-07,2025-12-20
2010-0627-ISR,No,nat-cli-wil-for,Natural,Climatological,Wildfire,Forest fire,GLIDE:WF-2010-000246,,ISR,Israel,Western Asia,Asia,"Isfiya village (Carmel forest, Haifa province)",,,Yes,No,No,574,,Km2,,,,2010,12,2,2010,12,5,44,22,20000,,20022,,,,,270000,398635,67.73109453,"[{""adm1_code"":1611,""adm1_name"":""Haifa""}]","[{""gid_1"":""ISR.3_1"",""migration_date"":""2025-12-20"",""migration_method"":""jaccard1"",""name_1"":""Haifa""}]",2014-07-28,2025-12-20
2011-0349-USA,No,nat-cli-wil-for,Natural,Climatological,Wildfire,Forest fire,,,USA,United States of America,Northern America,Americas,Bastrop district (Texas province),"Drought, high temperatures and strong winds",,No,No,No,,,Km2,,,,2011,9,4,2011,9,9,4,,,4800,4800,,,450000,644060,1000000,1431245,69.86926351,"[{""adm2_code"":31210,""adm2_name"":""Bastrop""}]","[{""gid_2"":""USA.44.11_1"",""migration_date"":""2025-12-20"",""migration_method"":""jaccard2"",""name_2"":""Bastrop""}]",2012-04-05,2025-12-20
2011-0584-CHL,No,nat-cli-wil-for,Natural,Climatological,Wildfire,Forest fire,GLIDE:WF-2012-000001-CHL,,CHL,Chile,Latin America and the Caribbean,Americas,"Maule, Biobio, Magallanes y Antartica chilena, Araucania provinces","High temperatures, vrable winds, human beings",,No,No,Yes,,,Km2,,,,2011,12,29,2012,1,6,1,,,1082,1082,,,,,200000,286249,69.86926351,"[{""adm1_code"":884,""adm1_name"":""Araucania""},{""adm1_code"":887,""adm1_name"":""Biobio""},{""adm1_code"":891,""adm1_name"":""Magallanes y Antartica chilena""},{""adm1_code"":892,""adm1_name"":""Maule""}]","[{""gid_1"":""CHL.11_1"",""migration_date"":""2025-12-20"",""migration_method"":""jaccard1"",""name_1"":""Magallanes y Antártica Chilena""},{""gid_1"":""CHL.12_1"",""migration_date"":""2025-12-20"",""migration_method"":""jaccard1"",""name_1"":""Maule""},{""gid_1"":""CHL.13_1"",""migration_date"":""2025-12-20"",""migration_method"":""puzzle1_1"",""name_1"":""Ñuble""},{""gid_1"":""CHL.3_1"",""migration_date"":""2025-12-20"",""migration_method"":""jaccard1"",""name_1"":""Araucanía""},{""gid_1"":""CHL.6_1"",""migration_date"":""2025-12-20"",""migration_method"":""puzzle1_1"",""name_1"":""Bío-Bío""}]",2012-11-12,2025-12-20
2011-0630-CAN,No,nat-cli-wil-for,Natural,Climatological,Wildfire,Forest fire,,,CAN,Canada,Northern America,Americas,"Slave Lake area (Division No. 17 district, Alberta province)","Dry conditions, strong winds",,No,No,No,,,Km2,,,,2011,5,14,2011,5,16,1,,,7000,7000,,,720000,1030496,1500000,2146867,69.86926351,"[{""adm2_code"":12536,""adm2_name"":""Division No. 17""}]","[{""gid_2"":""CAN.1.8_1"",""migration_date"":""2025-12-20"",""migration_method"":""jaccard2"",""name_2"":""Division No. 17""}]",2012-04-05,2025-12-20
2011-0640-AUS,No,nat-cli-wil-lan,Natural,Climatological,Wildfire,"Land fire (Brush, Bush, Pasture)",,,AUS,Australia,Australia and New Zealand,Oceania,"Margaret river city (Augusta-Margaret River (S) district, Western Australia province)",,,No,No,No,,,Km2,,,,2011,8,23,2011,8,24,,,120,,120,,,,,54000,77287,69.86926351,"[{""adm2_code"":5436,""adm2_name"":""Augusta-Margaret River (S)""}]","[{""gid_2"":""AUS.11.4_1"",""migration_date"":""2025-12-20"",""migration_method"":""jaccard2"",""name_2"":""Augusta-Margaret River""}]",2012-04-05,2025-12-20
2013-0030-SLE,No,nat-cli-wil-wil,Natural,Climatological,Wildfire,Wildfire (General),GLIDE:FR-2013-000003,,SLE,Sierra Leone,Sub-Saharan Africa,Africa,"Blama Gbani community (Bo district, Southern province); Tiama community (Moyamba district, Southern province); Bompilia community (Bonthe district, Southern province); Rogbenk community (Port Loko district, Northern); Pujehun district (Southern province)",Dry Hamatan wind,,No,No,No,,,Km2,,,,2013,1,2,2013,1,28,,,,2257,2257,,,,,,,72.35973748,"[{""adm2_code"":25412,""adm2_name"":""Port Loko""},{""adm2_code"":25414,""adm2_name"":""Bo""},{""adm2_code"":25415,""adm2_name"":""Bonthe""},{""adm2_code"":25416,""adm2_name"":""Moyamba""},{""adm2_code"":25417,""adm2_name"":""Pujehun""}]","[{""gid_2"":""SLE.2.4_1"",""migration_date"":""2025-12-20"",""migration_method"":""jaccard2"",""name_2"":""Port Loko""},{""gid_2"":""SLE.3.1_1"",""migration_date"":""2025-12-20"",""migration_method"":""jaccard2"",""name_2"":""Bo""},{""gid_2"":""SLE.3.2_1"",""migration_date"":""2025-12-20"",""migration_method"":""jaccard2"",""name_2"":""Bonthe""},{""gid_2"":""SLE.3.3_1"",""migration_date"":""2025-12-20"",""migration_method"":""jaccard2"",""name_2"":""Moyamba""},{""gid_2"":""SLE.3.4_1"",""migration_date"":""2025-12-20"",""migration_method"":""jaccard2"",""name_2"":""Pujehun""}]",2014-03-20,2025-12-20
2013-0209-USA,No,nat-cli-wil-for,Natural,Climatological,Wildfire,Forest fire,,,USA,United States of America,Northern America,Americas,Los Angeles district (California province),"Hot temperatures, gusty winds, dry forest conditions",,No,No,No,,,Km2,,,,2013,5,30,2013,6,8,,8,12,90,110,,,,,21400,29574,72.35973748,"[{""adm2_code"":28883,""adm2_name"":""Los Angeles""}]","[{""gid_2"":""USA.5.19_1"",""migration_date"":""2025-12-20"",""migration_method"":""jaccard2"",""name_2"":""Los Angeles""}]",2013-11-20,2025-12-20
2013-0315-USA,No,nat-cli-wil-wil,Natural,Climatological,Wildfire,Wildfire (General),,,USA,United States of America,Northern America,Americas,"Yosemite valley (Mariposa district, California province)",,,No,No,Yes,,,Km2,,,,2013,8,3,2013,9,1,,3,,33,36,,,,,175000,241847,72.35973748,"[{""adm2_code"":28886,""adm2_name"":""Mariposa""}]","[{""gid_2"":""USA.5.22_1"",""migration_date"":""2025-12-20"",""migration_method"":""jaccard2"",""name_2"":""Mariposa""}]",2013-09-12,2025-12-20
2013-0376-BEN,No,nat-cli-wil-wil,Natural,Climatological,Wildfire,Wildfire (General),GLIDE:FR-2013-000007,,BEN,Benin,Sub-Saharan Africa,Africa,"Alloya village (Chee-Ahomadegbe, Lalo district, Couffo Province)",,,No,No,No,,,Km2,,,,2013,1,6,2013,1,6,1,,,2759,2759,,,,,,,72.35973748,"[{""adm2_code"":5902,""adm2_name"":""Lalo""}]","[{""gid_2"":""BEN.7.5_1"",""migration_date"":""2025-12-20"",""migration_method"":""jaccard2"",""name_2"":""Lalo""}]",2013-09-23,2025-12-20
2014-0118-CHL,No,nat-cli-wil-lan,Natural,Climatological,Wildfire,"Land fire (Brush, Bush, Pasture)",GLIDE:WF-2014-000050,,CHL,Chile,Latin America and the Caribbean,Americas,Valparaiso province,,,No,No,Yes,,,Km2,,,,2014,4,12,2014,4,21,12,500,12500,,13000,,,,,34000,46237,73.53357701,"[{""adm1_code"":149630,""adm1_name"":""Valparaiso""}]","[{""gid_1"":""CHL.16_1"",""migration_date"":""2025-12-20"",""migration_method"":""jaccard1"",""name_1"":""Valparaíso""}]",2014-05-09,2025-12-20
2014-0165-USA,No,nat-cli-wil-for,Natural,Climatological,Wildfire,Forest fire,,,USA,United States of America,Northern America,Americas,"Hutchinson district (Texas province), San Diego district (California province)","Excessive heat, drougth and winds",,No,No,No,,,Km2,,,,2014,5,11,2014,5,20,2,,429,,429,,,,,100000,135992,73.53357701,"[{""adm2_code"":28901,""adm2_name"":""San Diego""},{""adm2_code"":31316,""adm2_name"":""Hutchinson""}]","[{""gid_2"":""USA.44.117_1"",""migration_date"":""2025-12-20"",""migration_method"":""jaccard2"",""name_2"":""Hutchinson""},{""gid_2"":""USA.5.37_1"",""migration_date"":""2025-12-20"",""migration_method"":""jaccard2"",""name_2"":""San Diego""}]",2014-05-15,2025-12-20
2015-0312-USA,No,nat-cli-wil-wil,Natural,Climatological,Wildfire,Wildfire (General),,,USA,United States of America,Northern America,Americas,"Lake, Napa, Solano, Yolo, Modoc, Colusa districts (California province)","Drought conditions, gusty winds, warm temperatures, lightening",,No,No,Yes,,,Km2,,,,2015,7,22,2015,8,13,1,,,129,129,,,,,2000,2717,73.62080294,"[{""adm2_code"":28870,""adm2_name"":""Colusa""},{""adm2_code"":28881,""adm2_name"":""Lake""},{""adm2_code"":28889,""adm2_name"":""Modoc""},{""adm2_code"":28892,""adm2_name"":""Napa""},{""adm2_code"":28912,""adm2_name"":""Solano""},{""adm2_code"":28921,""adm2_name"":""Yolo""}]","[{""gid_2"":""USA.5.17_1"",""migration_date"":""2025-12-20"",""migration_method"":""jaccard2"",""name_2"":""Lake""},{""gid_2"":""USA.5.25_1"",""migration_date"":""2025-12-20"",""migration_method"":""jaccard2"",""name_2"":""Modoc""},{""gid_2"":""USA.5.28_1"",""migration_date"":""2025-12-20"",""migration_method"":""jaccard2"",""name_2"":""Napa""},{""gid_2"":""USA.5.48_1"",""migration_date"":""2025-12-20"",""migration_method"":""jaccard2"",""name_2"":""Solano""},{""gid_2"":""USA.5.57_1"",""migration_date"":""2025-12-20"",""migration_method"":""jaccard2"",""name_2"":""Yolo""},{""gid_2"":""USA.5.6_1"",""migration_date"":""2025-12-20"",""migration_method"":""jaccard2"",""name_2"":""Colusa""}]",2015-08-03,2025-12-20
2015-0421-USA,No,nat-cli-wil-lan,Natural,Climatological,Wildfire,"Land fire (Brush, Bush, Pasture)",GLIDE:WF-2015-000125,,USA,United States of America,Northern America,Americas,"Lake, Napa, Sonoma, Butte districts (California province)","High tempertaures, gusty winds, dry soil, vast swathes of dried vegetation and brush",,No,No,Yes,,,Km2,,,,2015,9,13,2015,9,20,4,,,7302,7302,,,960000,1303979,1400000,1901636,73.62080294,"[{""adm2_code"":28868,""adm2_name"":""Butte""},{""adm2_code"":28881,""adm2_name"":""Lake""},{""adm2_code"":28892,""adm2_name"":""Napa""},{""adm2_code"":28913,""adm2_name"":""Sonoma""}]","[{""gid_2"":""USA.5.17_1"",""migration_date"":""2025-12-20"",""migration_method"":""jaccard2"",""name_2"":""Lake""},{""gid_2"":""USA.5.28_1"",""migration_date"":""2025-12-20"",""migration_method"":""jaccard2"",""name_2"":""Napa""},{""gid_2"":""USA.5.49_1"",""migration_date"":""2025-12-20"",""migration_method"":""jaccard2"",""name_2"":""Sonoma""},{""gid_2"":""USA.5.4_1"",""migration_date"":""2025-12-20"",""migration_method"":""jaccard2"",""name_2"":""Butte""}]",2015-09-28,2025-12-20
2015-0613-USA,No,nat-cli-wil-lan,Natural,Climatological,Wildfire,"Land fire (Brush, Bush, Pasture)",,Butte fire,USA,United States of America,Northern America,Americas,"Amador, Calaveras (California)",,,No,No,No,,,Km2,,,,2015,9,9,2015,9,14,3,,,1425,1425,,,450000,611240,400000,543325,73.62080294,"[{""adm2_code"":28867,""adm2_name"":""Amador""},{""adm2_code"":28869,""adm2_name"":""Calaveras""}]","[{""gid_2"":""USA.5.3_1"",""migration_date"":""2025-12-20"",""migration_method"":""jaccard2"",""name_2"":""Amador""},{""gid_2"":""USA.5.5_1"",""migration_date"":""2025-12-20"",""migration_method"":""jaccard2"",""name_2"":""Calaveras""}]",2016-04-07,2025-12-20
2016-0014-AUS,No,nat-cli-wil-lan,Natural,Climatological,Wildfire,"Land fire (Brush, Bush, Pasture)",,Yarloop busfires,AUS,Australia,Australia and New Zealand,Oceania,"Yarloop, Cookernup areas (Harvey (S) district, Western Australia province), Hamel, Waroona areas (Waroona (S) district, Western Australia province)",Lighthning,,No,No,Yes,,,Km2,,,,2016,1,5,2016,1,10,2,,,540,540,,,50000,67069,110000,147553,74.54960299,"[{""adm2_code"":5489,""adm2_name"":""Harvey (S)""},{""adm2_code"":5560,""adm2_name"":""Waroona (S)""}]","[{""gid_2"":""AUS.11.128_1"",""migration_date"":""2025-12-20"",""migration_method"":""jaccard2"",""name_2"":""Waroona""},{""gid_2"":""AUS.11.56_1"",""migration_date"":""2025-12-20"",""migration_method"":""jaccard2"",""name_2"":""Harvey""}]",2016-02-02,2025-12-20
2016-0463-USA,No,nat-cli-wil-for,Natural,Climatological,Wildfire,Forest fire,,,USA,United States of America,Northern America,Americas,"Gatlinburg city (Sevier district, Tennessee province)",,,No,No,No,,,Km2,,,,2016,11,,2016,12,31,14,191,,6383,6574,,,600000,804833,1200000,1609667,74.54960299,"[{""adm2_code"":31182,""adm2_name"":""Sevier""}]","[{""gid_2"":""USA.43.78_1"",""migration_date"":""2025-12-20"",""migration_method"":""jaccard2"",""name_2"":""Sevier""}]",2016-12-01,2025-12-20
2017-0002-CHL,No,nat-cli-wil-for,Natural,Climatological,Wildfire,Forest fire,GLIDE:WF-2016-000136,,CHL,Chile,Latin America and the Caribbean,Americas,"Valparaiso, Santo Domingo (San Antonio), Casablanca (Valparaiso), Maule (Santa Olga), Biobio, Metropolitana, O'Higgins, Araucania",,Heat wave,Yes,No,Yes,,4670,Km2,,,,2017,1,15,2017,3,16,11,16,13592,6000,19608,,,165000,216713,550000,722376,76.13760371,"[{""adm1_code"":884,""adm1_name"":""Araucania""},{""adm1_code"":887,""adm1_name"":""Biobio""},{""adm1_code"":889,""adm1_name"":""Libertador Gral. Bernardo O'Higgins""},{""adm1_code"":892,""adm1_name"":""Maule""},{""adm1_code"":893,""adm1_name"":""Metropolitana""},{""adm1_code"":149630,""adm1_name"":""Valparaiso""}]","[{""gid_1"":""CHL.12_1"",""migration_date"":""2025-12-20"",""migration_method"":""jaccard1"",""name_1"":""Maule""},{""gid_1"":""CHL.13_1"",""migration_date"":""2025-12-20"",""migration_method"":""puzzle1_1"",""name_1"":""Ñuble""},{""gid_1"":""CHL.14_1"",""migration_date"":""2025-12-20"",""migration_method"":""jaccard1"",""name_1"":""Santiago Metropolitan""},{""gid_1"":""CHL.16_1"",""migration_date"":""2025-12-20"",""migration_method"":""jaccard1"",""name_1"":""Valparaíso""},{""gid_1"":""CHL.3_1"",""migration_date"":""2025-12-20"",""migration_method"":""jaccard1"",""name_1"":""Araucanía""},{""gid_1"":""CHL.6_1"",""migration_date"":""2025-12-20"",""migration_method"":""puzzle1_1"",""name_1"":""Bío-Bío""},{""gid_1"":""CHL.8_1"",""migration_date"":""2025-12-20"",""migration_method"":""jaccard1"",""name_1"":""Libertador General Bernardo O'Hi""}]",2017-01-03,2025-12-20
2017-0252-USA,No,nat-cli-wil-for,Natural,Climatological,Wildfire,Forest fire,,"Wall Fire, Alamo Fire, Whittier Fire",USA,United States of America,Northern America,Americas,"Butte (Oroville), San Luis Obispo, Santa Barbara (California)",Weather,,No,No,Yes,,190,Km2,,,,2017,7,6,2017,7,10,,,9,147,156,,,,,,,76.13760371,"[{""adm2_code"":28868,""adm2_name"":""Butte""},{""adm2_code"":28904,""adm2_name"":""San Luis Obispo""},{""adm2_code"":28906,""adm2_name"":""Santa Barbara""}]","[{""gid_2"":""USA.5.40_1"",""migration_date"":""2025-12-20"",""migration_method"":""jaccard2"",""name_2"":""San Luis Obispo""},{""gid_2"":""USA.5.42_1"",""migration_date"":""2025-12-20"",""migration_method"":""jaccard2"",""name_2"":""Santa Barbara""},{""gid_2"":""USA.5.4_1"",""migration_date"":""2025-12-20"",""migration_method"":""jaccard2"",""name_2"":""Butte""}]",2017-07-10,2025-12-20
2017-0434-USA,No,nat-cli-wil-lan,Natural,Climatological,Wildfire,"Land fire (Brush, Bush, Pasture)",GLIDE:WF-2017-000190,"Tubbs, Atlas, Nuns Fires",USA,United States of America,Northern America,Americas,"Napa, Sonoma, Mendocino, Lake, Solano, Butte, Yuba, Nevada, Humboldt, Calavaras, Orange counties (California)",,,No,No,No,,,Km2,,,,2017,6,1,2017,12,31,43,185,,9000,9185,,,9600000,12608750,13000000,17074349,76.13760371,"[{""adm2_code"":28868,""adm2_name"":""Butte""},{""adm2_code"":28869,""adm2_name"":""Calaveras""},{""adm2_code"":28876,""adm2_name"":""Humboldt""},{""adm2_code"":28881,""adm2_name"":""Lake""},{""adm2_code"":28887,""adm2_name"":""Mendocino""},{""adm2_code"":28892,""adm2_name"":""Napa""},{""adm2_code"":28893,""adm2_name"":""Nevada""},{""adm2_code"":28894,""adm2_name"":""Orange""},{""adm2_code"":28912,""adm2_name"":""Solano""},{""adm2_code"":28913,""adm2_name"":""Sonoma""},{""adm2_code"":28922,""adm2_name"":""Yuba""}]","[{""gid_2"":""USA.5.12_1"",""migration_date"":""2025-12-20"",""migration_method"":""jaccard2"",""name_2"":""Humboldt""},{""gid_2"":""USA.5.17_1"",""migration_date"":""2025-12-20"",""migration_method"":""jaccard2"",""name_2"":""Lake""},{""gid_2"":""USA.5.23_1"",""migration_date"":""2025-12-20"",""migration_method"":""jaccard2"",""name_2"":""Mendocino""},{""gid_2"":""USA.5.28_1"",""migration_date"":""2025-12-20"",""migration_method"":""jaccard2"",""name_2"":""Napa""},{""gid_2"":""USA.5.29_1"",""migration_date"":""2025-12-20"",""migration_method"":""jaccard2"",""name_2"":""Nevada""},{""gid_2"":""USA.5.30_1"",""migration_date"":""2025-12-20"",""migration_method"":""jaccard2"",""name_2"":""Orange""},{""gid_2"":""USA.5.48_1"",""migration_date"":""2025-12-20"",""migration_method"":""jaccard2"",""name_2"":""Solano""},{""gid_2"":""USA.5.49_1"",""migration_date"":""2025-12-20"",""migration_method"":""jaccard2"",""name_2"":""Sonoma""},{""gid_2"":""USA.5.4_1"",""migration_date"":""2025-12-20"",""migration_method"":""jaccard2"",""name_2"":""Butte""},{""gid_2"":""USA.5.58_1"",""migration_date"":""2025-12-20"",""migration_method"":""jaccard2"",""name_2"":""Yuba""},{""gid_2"":""USA.5.5_1"",""migration_date"":""2025-12-20"",""migration_method"":""jaccard2"",""name_2"":""Calaveras""}]",2017-11-06,2025-12-20
2017-0547-ZAF,No,nat-cli-wil-wil,Natural,Climatological,Wildfire,Wildfire (General),,Knysna fire,ZAF,South Africa,Sub-Saharan Africa,Africa,Knysna (Eden),,,No,No,No,,,Km2,,,,2017,6,7,2017,6,13,9,,,5500,5500,,,200000,262682,420000,551633,76.13760371,"[{""adm2_code"":77349,""adm2_name"":""Eden District Municipality""}]","[{""gid_2"":""ZAF.9.4_1"",""migration_date"":""2025-12-20"",""migration_method"":""jaccard2"",""name_2"":""Eden""}]",2018-02-27,2025-12-20
2018-0259-ESP,No,nat-cli-wil-for,Natural,Climatological,Wildfire,Forest fire,,,ESP,Spain,Southern Europe,Europe,"Llutxent (Vall d'Albaida county, Valencia province)",,,No,No,No,,,Km2,,,,2018,8,6,2018,8,9,,,,,,,,,,,,77.99726519,"[{""adm2_code"":25813,""adm2_name"":""Valencia/València""}]","[{""gid_2"":""ESP.10.3_1"",""migration_date"":""2025-12-20"",""migration_method"":""jaccard2"",""name_2"":""Valencia""}]",2018-08-09,2025-12-20
2018-0468-USA,No,nat-cli-wil-wil,Natural,Climatological,Wildfire,Wildfire (General),,Woolsey Fire,USA,United States of America,Northern America,Americas,"Thousand Oaks, Oak Park, Westlake Village, Agoura Hills, West Hills, Simi Valley, Chatsworth, Bell Canyon, Hidden Hills, Malibu and Calabasas (California)",,,No,No,No,,,Km2,,,,2018,11,8,2018,11,21,2,3,,,3,,,4000000,5128385,5200000,6666900,77.99726519,"[{""adm2_code"":28883,""adm2_name"":""Los Angeles""},{""adm2_code"":28920,""adm2_name"":""Ventura""}]","[{""gid_2"":""USA.5.19_1"",""migration_date"":""2025-12-20"",""migration_method"":""jaccard2"",""name_2"":""Los Angeles""},{""gid_2"":""USA.5.56_1"",""migration_date"":""2025-12-20"",""migration_method"":""jaccard2"",""name_2"":""Ventura""}]",2019-01-08,2025-12-20
2019-0189-SSD,No,nat-cli-wil-wil,Natural,Climatological,Wildfire,Wildfire (General),,,SSD,South Sudan,Sub-Saharan Africa,Africa,"Korok (Aweil, Lol state)",,,No,No,No,,,Km2,,,,2019,5,8,2019,5,8,50,12,,,12,,,,,,,79.4107846,"[{""adm2_code"":37077,""adm2_name"":""Aweil""}]","[{""gid_2"":""SSD.5.2_1"",""migration_date"":""2025-12-20"",""migration_method"":""jaccard2"",""name_2"":""Aweil""}]",2019-05-08,2025-12-20
2019-0428-BOL,No,nat-cli-wil-for,Natural,Climatological,Wildfire,Forest fire,,,BOL,Bolivia (Plurinational State of),Latin America and the Caribbean,Americas,"Santa Cruz, Beni, La Paz departments",,,Yes,No,No,,,Km2,,,,2019,8,,2019,9,,,,36000,,36000,,,,,,,79.4107846,"[{""adm1_code"":40443,""adm1_name"":""Beni""},{""adm1_code"":40446,""adm1_name"":""La Paz""},{""adm1_code"":40449,""adm1_name"":""Santa Cruz""}]","[{""gid_1"":""BOL.3_1"",""migration_date"":""2025-12-20"",""migration_method"":""jaccard1"",""name_1"":""Beni""},{""gid_1"":""BOL.4_1"",""migration_date"":""2025-12-20"",""migration_method"":""jaccard1"",""name_1"":""La Paz""},{""gid_1"":""BOL.8_1"",""migration_date"":""2025-12-20"",""migration_method"":""jaccard1"",""name_1"":""Santa Cruz""}]",2019-09-20,2025-12-20
2019-0428-BRA,No,nat-cli-wil-for,Natural,Climatological,Wildfire,Forest fire,,,BRA,Brazil,Latin America and the Caribbean,Americas,"Northwestern, Legal Amazon Area",,,Yes,No,No,,,Km2,,,,2019,1,,2019,8,,,2195,10000000,,10002195,,,,,,,79.4107846,"[{""adm1_code"":665,""adm1_name"":""Acre""},{""adm1_code"":667,""adm1_name"":""Amapa""},{""adm1_code"":668,""adm1_name"":""Amazonas""},{""adm1_code"":674,""adm1_name"":""Maranhao""},{""adm1_code"":675,""adm1_name"":""Mato Grosso""},{""adm1_code"":678,""adm1_name"":""Para""},{""adm1_code"":686,""adm1_name"":""Rondonia""},{""adm1_code"":687,""adm1_name"":""Roraima""},{""adm1_code"":691,""adm1_name"":""Tocantins""}]","[{""gid_1"":""BRA.10_1"",""migration_date"":""2025-12-20"",""migration_method"":""jaccard1"",""name_1"":""Maranhão""},{""gid_1"":""BRA.12_1"",""migration_date"":""2025-12-20"",""migration_method"":""jaccard1"",""name_1"":""Mato Grosso""},{""gid_1"":""BRA.14_1"",""migration_date"":""2025-12-20"",""migration_method"":""jaccard1"",""name_1"":""Pará""},{""gid_1"":""BRA.1_1"",""migration_date"":""2025-12-20"",""migration_method"":""jaccard1"",""name_1"":""Acre""},{""gid_1"":""BRA.22_1"",""migration_date"":""2025-12-20"",""migration_method"":""jaccard1"",""name_1"":""Rondônia""},{""gid_1"":""BRA.23_1"",""migration_date"":""2025-12-20"",""migration_method"":""jaccard1"",""name_1"":""Roraima""},{""gid_1"":""BRA.27_1"",""migration_date"":""2025-12-20"",""migration_method"":""jaccard1"",""name_1"":""Tocantins""},{""gid_1"":""BRA.3_1"",""migration_date"":""2025-12-20"",""migration_method"":""jaccard1"",""name_1"":""Amapá""},{""gid_1"":""BRA.4_1"",""migration_date"":""2025-12-20"",""migration_method"":""jaccard1"",""name_1"":""Amazonas""}]",2019-10-01,2025-12-20
2019-0517-USA,No,nat-cli-wil-for,Natural,Climatological,Wildfire,Forest fire,,Kincade Fire,USA,United States of America,Northern America,Americas,"Los Angeles, San Bernardino, Ventura, Sonoma Counties (California)",,,No,No,Yes,,,Km2,,,,2019,10,26,2019,10,31,,2,660,,662,,,800000,1007420,1300000,1637057,79.4107846,"[{""adm2_code"":28883,""adm2_name"":""Los Angeles""},{""adm2_code"":28900,""adm2_name"":""San Bernardino""},{""adm2_code"":28913,""adm2_name"":""Sonoma""},{""adm2_code"":28920,""adm2_name"":""Ventura""}]","[{""gid_2"":""USA.5.19_1"",""migration_date"":""2025-12-20"",""migration_method"":""jaccard2"",""name_2"":""Los Angeles""},{""gid_2"":""USA.5.36_1"",""migration_date"":""2025-12-20"",""migration_method"":""jaccard2"",""name_2"":""San Bernardino""},{""gid_2"":""USA.5.49_1"",""migration_date"":""2025-12-20"",""migration_method"":""jaccard2"",""name_2"":""Sonoma""},{""gid_2"":""USA.5.56_1"",""migration_date"":""2025-12-20"",""migration_method"":""jaccard2"",""name_2"":""Ventura""}]",2019-10-28,2025-12-20
2019-0646-IDN,No,nat-cli-wil-wil,Natural,Climatological,Wildfire,Wildfire (General),,,IDN,Indonesia,South-eastern Asia,Asia,"Riau, Jambi, South Sumatera, West Kalimantan, Central Kalimantan, South Kalimantan",,Pollution,No,No,Yes,,,Km2,,,,2019,2,,2019,9,,,,,,,,,,,,,79.4107846,"[{""adm1_code"":1518,""adm1_name"":""Jambi""},{""adm1_code"":1522,""adm1_name"":""Kalimantan Barat""},{""adm1_code"":1523,""adm1_name"":""Kalimantan Selatan""},{""adm1_code"":1524,""adm1_name"":""Kalimantan Tengah""},{""adm1_code"":73618,""adm1_name"":""Riau""},{""adm1_code"":73622,""adm1_name"":""Sumatera Selatan""}]","[{""gid_1"":""IDN.12_1"",""migration_date"":""2025-12-20"",""migration_method"":""jaccard1"",""name_1"":""Kalimantan Barat""},{""gid_1"":""IDN.13_1"",""migration_date"":""2025-12-20"",""migration_method"":""jaccard1"",""name_1"":""Kalimantan Selatan""},{""gid_1"":""IDN.14_1"",""migration_date"":""2025-12-20"",""migration_method"":""jaccard1"",""name_1"":""Kalimantan Tengah""},{""gid_1"":""IDN.24_1"",""migration_date"":""2025-12-20"",""migration_method"":""jaccard1"",""name_1"":""Riau""},{""gid_1"":""IDN.31_1"",""migration_date"":""2025-12-20"",""migration_method"":""jaccard1"",""name_1"":""Sumatera Selatan""},{""gid_1"":""IDN.8_1"",""migration_date"":""2025-12-20"",""migration_method"":""jaccard1"",""name_1"":""Jambi""}]",2020-01-10,2025-12-20
2020-0318-UKR,No,nat-cli-wil-for,Natural,Climatological,Wildfire,Forest fire,,,UKR,Ukraine,Eastern Europe,Europe,Novoaidar district (Luhansk region),,,No,No,No,,,Km2,,,,2020,7,6,2020,7,6,5,,300,,300,,,,,162000,201517,80.39038301,"[{""adm1_code"":3161,""adm1_name"":""Luhans'ka""}]","[{""gid_1"":""UKR.15_1"",""migration_date"":""2025-12-20"",""migration_method"":""jaccard1"",""name_1"":""Luhans'k""}]",2020-08-10,2025-12-20
2021-0058-AUS,No,nat-cli-wil-lan,Natural,Climatological,Wildfire,"Land fire (Brush, Bush, Pasture)",,,AUS,Australia,Australia and New Zealand,Oceania,Perth region,,,No,No,No,,,Km2,,,,2021,2,1,2021,2,7,,,,243,243,,,46000,54653,120000,142574,84.16698296,"[{""adm2_code"":5533,""adm2_name"":""Perth (C)""}]","[{""gid_2"":""AUS.11.101_1"",""migration_date"":""2025-12-20"",""migration_method"":""jaccard2"",""name_2"":""Perth""}]",2021-02-05,2025-12-20
2021-0367-CAN,No,nat-cli-wil-wil,Natural,Climatological,Wildfire,Wildfire (General),,,CAN,Canada,Northern America,Americas,Lytton (British Columbia),,Heat wave,No,No,No,,,Km2,,,,2021,6,30,2021,7,2,2,,250,,250,,,,,80912,96133,84.16698296,"[{""adm1_code"":826,""adm1_name"":""British Columbia / Colombie-Britannique""}]","[{""gid_1"":""CAN.2_1"",""migration_date"":""2025-12-20"",""migration_method"":""jaccard1"",""name_1"":""British Columbia""}]",2021-07-01,2025-12-20
2021-0370-CYP,No,nat-cli-wil-for,Natural,Climatological,Wildfire,Forest fire,,,CYP,Cyprus,Western Asia,Asia,Arakapas ( Limassol District),,Heat wave,No,No,No,,,Km2,,,,2021,7,3,2021,7,5,4,,150,,150,,,,,47000,55841,84.16698296,"[{""adm1_code"":1027,""adm1_name"":""Limassol""}]","[{""gid_1"":""CYP.3_1"",""migration_date"":""2025-12-20"",""migration_method"":""puzzle1_1"",""name_1"":""Limassol""},{""gid_1"":""XAD.1_1"",""migration_date"":""2025-12-20"",""migration_method"":""puzzle1_1"",""name_1"":""Akrotiri""}]",2021-07-05,2025-12-20
2021-0410-USA,No,nat-cli-wil-wil,Natural,Climatological,Wildfire,Wildfire (General),,Bootleg Fire,USA,United States of America,Northern America,Americas,"Arizona, California, Oregon",,,No,No,No,,,Km2,,,,2021,7,6,2021,7,31,,,,483,483,,,,,325000,386137,84.16698296,"[{""adm1_code"":3216,""adm1_name"":""Arizona""},{""adm1_code"":3218,""adm1_name"":""California""},{""adm1_code"":3251,""adm1_name"":""Oregon""}]","[{""gid_1"":""USA.38_1"",""migration_date"":""2025-12-20"",""migration_method"":""jaccard1"",""name_1"":""Oregon""},{""gid_1"":""USA.3_1"",""migration_date"":""2025-12-20"",""migration_method"":""jaccard1"",""name_1"":""Arizona""},{""gid_1"":""USA.5_1"",""migration_date"":""2025-12-20"",""migration_method"":""jaccard1"",""name_1"":""California""}]",2021-07-13,2025-12-20
2021-0454-TUR,No,nat-cli-wil-for,Natural,Climatological,Wildfire,Forest fire,GLIDE:WF-2021-000107,,TUR,Türkiye,Western Asia,Asia,"Antalya Mugla, Mersin, Adana, Osmaniye provinces",,Heat wave,No,No,No,,,Km2,,,,2021,7,28,2021,8,7,9,122,560966,,561088,,,,,232000,275643,84.16698296,"[{""adm1_code"":3017,""adm1_name"":""Adana""},{""adm1_code"":3024,""adm1_name"":""Antalya""},{""adm1_code"":3053,""adm1_name"":""Icel""},{""adm1_code"":3074,""adm1_name"":""Mugla""},{""adm1_code"":3079,""adm1_name"":""Osmaniye""}]","[{""gid_1"":""TUR.1_1"",""migration_date"":""2025-12-20"",""migration_method"":""jaccard1"",""name_1"":""Adana""},{""gid_1"":""TUR.58_1"",""migration_date"":""2025-12-20"",""migration_method"":""jaccard1"",""name_1"":""Mersin""},{""gid_1"":""TUR.59_1"",""migration_date"":""2025-12-20"",""migration_method"":""jaccard1"",""name_1"":""Mugla""},{""gid_1"":""TUR.64_1"",""migration_date"":""2025-12-20"",""migration_method"":""jaccard1"",""name_1"":""Osmaniye""},{""gid_1"":""TUR.8_1"",""migration_date"":""2025-12-20"",""migration_method"":""jaccard1"",""name_1"":""Antalya""}]",2021-07-29,2025-12-20
2021-0480-DZA,No,nat-cli-wil-wil,Natural,Climatological,Wildfire,Wildfire (General),GLIDE:WF-2021-000115,,DZA,Algeria,Northern Africa,Africa,"Tizi-Ouzou, Bouira, Sétif, Khenchela, Guelma, Bejaïa, Bordj Bou Arreridj, Boumerdès, Tiaret, Medea, Tébessa,Annaba, Souk Ahras, Ain Defla, Jijel, Batna, Blida and Skikda prefectures (Kabylia region)",,Heat wave,No,Yes,No,,,Km2,,,,2021,8,9,2021,8,16,90,3,42500,,42503,,,,,,,84.16698296,"[{""adm1_code"":342,""adm1_name"":""Ain-Defla""},{""adm1_code"":345,""adm1_name"":""Annaba""},{""adm1_code"":346,""adm1_name"":""Batna""},{""adm1_code"":348,""adm1_name"":""Bejaia""},{""adm1_code"":350,""adm1_name"":""Blida""},{""adm1_code"":351,""adm1_name"":""Bordj Bou Arrer""},{""adm1_code"":352,""adm1_name"":""Bouira""},{""adm1_code"":353,""adm1_name"":""Boumerdes""},{""adm1_code"":361,""adm1_name"":""Guelma""},{""adm1_code"":363,""adm1_name"":""Jijel""},{""adm1_code"":364,""adm1_name"":""Khenchela""},{""adm1_code"":367,""adm1_name"":""Medea""},{""adm1_code"":377,""adm1_name"":""Setif""},{""adm1_code"":379,""adm1_name"":""Skikda""},{""adm1_code"":380,""adm1_name"":""Souk-Ahras""},{""adm1_code"":382,""adm1_name"":""Tebessa""},{""adm1_code"":384,""adm1_name"":""Tiaret""},{""adm1_code"":387,""adm1_name"":""Tizi Ouzou""}]","[{""gid_1"":""DZA.10_1"",""migration_date"":""2025-12-20"",""migration_method"":""jaccard1"",""name_1"":""Blida""},{""gid_1"":""DZA.11_1"",""migration_date"":""2025-12-20"",""migration_method"":""jaccard1"",""name_1"":""Bordj Bou Arréridj""},{""gid_1"":""DZA.12_1"",""migration_date"":""2025-12-20"",""migration_method"":""jaccard1"",""name_1"":""Bouira""},{""gid_1"":""DZA.13_1"",""migration_date"":""2025-12-20"",""migration_method"":""jaccard1"",""name_1"":""Boumerdès""},{""gid_1"":""DZA.21_1"",""migration_date"":""2025-12-20"",""migration_method"":""jaccard1"",""name_1"":""Guelma""},{""gid_1"":""DZA.23_1"",""migration_date"":""2025-12-20"",""migration_method"":""jaccard1"",""name_1"":""Jijel""},{""gid_1"":""DZA.24_1"",""migration_date"":""2025-12-20"",""migration_method"":""jaccard1"",""name_1"":""Khenchela""},{""gid_1"":""DZA.28_1"",""migration_date"":""2025-12-20"",""migration_method"":""jaccard1"",""name_1"":""Médéa""},{""gid_1"":""DZA.2_1"",""migration_date"":""2025-12-20"",""migration_method"":""jaccard1"",""name_1"":""Aïn Defla""},{""gid_1"":""DZA.37_1"",""migration_date"":""2025-12-20"",""migration_method"":""jaccard1"",""name_1"":""Sétif""},{""gid_1"":""DZA.39_1"",""migration_date"":""2025-12-20"",""migration_method"":""jaccard1"",""name_1"":""Skikda""},{""gid_1"":""DZA.40_1"",""migration_date"":""2025-12-20"",""migration_method"":""jaccard1"",""name_1"":""Souk Ahras""},{""gid_1"":""DZA.42_1"",""migration_date"":""2025-12-20"",""migration_method"":""jaccard1"",""name_1"":""Tébessa""},{""gid_1"":""DZA.43_1"",""migration_date"":""2025-12-20"",""migration_method"":""jaccard1"",""name_1"":""Tiaret""},{""gid_1"":""DZA.47_1"",""migration_date"":""2025-12-20"",""migration_method"":""jaccard1"",""name_1"":""Tizi Ouzou""},{""gid_1"":""DZA.5_1"",""migration_date"":""2025-12-20"",""migration_method"":""jaccard1"",""name_1"":""Annaba""},{""gid_1"":""DZA.6_1"",""migration_date"":""2025-12-20"",""migration_method"":""jaccard1"",""name_1"":""Batna""},{""gid_1"":""DZA.8_1"",""migration_date"":""2025-12-20"",""migration_method"":""jaccard1"",""name_1"":""Béjaïa""}]",2021-08-11,2025-12-20
2021-0505-BGR,No,nat-cli-wil-wil,Natural,Climatological,Wildfire,Wildfire (General),,,BGR,Bulgaria,Eastern Europe,Europe,"Pernik, Plovdiv and Kyustendil districts",,Heat wave,No,No,No,,,Km2,,,,2021,8,2,2021,8,4,,,500,,500,,,,,,,84.16698296,"[{""adm1_code"":709,""adm1_name"":""Kustendil""},{""adm1_code"":713,""adm1_name"":""Pernik""},{""adm1_code"":715,""adm1_name"":""Plovdiv""}]","[{""gid_1"":""BGR.12_1"",""migration_date"":""2025-12-20"",""migration_method"":""jaccard1"",""name_1"":""Pernik""},{""gid_1"":""BGR.14_1"",""migration_date"":""2025-12-20"",""migration_method"":""jaccard1"",""name_1"":""Plovdiv""},{""gid_1"":""BGR.8_1"",""migration_date"":""2025-12-20"",""migration_method"":""jaccard1"",""name_1"":""Kyustendil""}]",2021-08-12,2025-12-20
2021-0626-USA,No,nat-cli-wil-wil,Natural,Climatological,Wildfire,Wildfire (General),,Fawn fire,USA,United States of America,Northern America,Americas,Shasta County (north California State),,,No,No,No,,,Km2,,,,2021,9,22,2021,9,30,,,63,315,378,,,,,,,84.16698296,"[{""adm2_code"":28909,""adm2_name"":""Shasta""}]","[{""gid_2"":""USA.5.45_1"",""migration_date"":""2025-12-20"",""migration_method"":""jaccard2"",""name_2"":""Shasta""}]",2021-09-29,2025-12-20
2022-0175-CAF,No,nat-cli-wil-wil,Natural,Climatological,Wildfire,Wildfire (General),GLIDE:FR-2022-000179,,CAF,Central African Republic,Sub-Saharan Africa,Africa,Bakala (Ouaka),Drought and very high temperatures,,No,No,No,,,Km2,,,,2022,2,24,2022,2,25,,,30000,,30000,,,,,,,90.90269746,"[{""adm2_code"":12882,""adm2_name"":""Bakala""}]","[{""gid_2"":""CAF.13.1_1"",""migration_date"":""2025-12-20"",""migration_method"":""jaccard2"",""name_2"":""Bakala""}]",2022-03-25,2025-12-20
2022-0246-USA,No,nat-cli-wil-wil,Natural,Climatological,Wildfire,Wildfire (General),,Calf Canyon and Hermits Peak Fires,USA,United States of America,Northern America,Americas,"Mora, Colfax, Lincoln, San Miguel, Valencia Counties (New Mexico); Colorado, Nebraska","Hot and dry conditions, severe drought, and very high winds",,No,No,Yes,,,Km2,,,,2022,4,6,2022,6,14,,138,756,,894,,,,,,,90.90269746,"[{""adm1_code"":3219,""adm1_name"":""Colorado""},{""adm1_code"":3241,""adm1_name"":""Nebraska""},{""adm2_code"":30476,""adm2_name"":""Colfax""},{""adm2_code"":30486,""adm2_name"":""Lincoln""},{""adm2_code"":30490,""adm2_name"":""Mora""},{""adm2_code"":30496,""adm2_name"":""San Miguel""},{""adm2_code"":30504,""adm2_name"":""Valencia""}]","[{""gid_1"":""USA.28_1"",""migration_date"":""2025-12-20"",""migration_method"":""jaccard1"",""name_1"":""Nebraska""},{""gid_1"":""USA.6_1"",""migration_date"":""2025-12-20"",""migration_method"":""jaccard1"",""name_1"":""Colorado""},{""gid_2"":""USA.32.15_1"",""migration_date"":""2025-12-20"",""migration_method"":""jaccard2"",""name_2"":""Lincoln""},{""gid_2"":""USA.32.19_1"",""migration_date"":""2025-12-20"",""migration_method"":""jaccard2"",""name_2"":""Mora""},{""gid_2"":""USA.32.25_1"",""migration_date"":""2025-12-20"",""migration_method"":""jaccard2"",""name_2"":""San Miguel""},{""gid_2"":""USA.32.33_1"",""migration_date"":""2025-12-20"",""migration_method"":""jaccard2"",""name_2"":""Valencia""},{""gid_2"":""USA.32.5_1"",""migration_date"":""2025-12-20"",""migration_method"":""jaccard2"",""name_2"":""Colfax""}]",2022-04-29,2025-12-20
2020-0447-SYR,No,nat-cli-wil-wil,Natural,Climatological,Wildfire,Wildfire (General),GLIDE:FR-2020-000208,,SYR,Syrian Arab Republic,Western Asia,Asia,"Latakia, Tartous, Homs",,,No,No,No,,,Km2,,,,2020,9,1,2020,10,15,3,79,140000,,140079,,,,,,,80.39038301,"[{""adm1_code"":2842,""adm1_name"":""Homs""},{""adm1_code"":2844,""adm1_name"":""Lattakia""},{""adm1_code"":2846,""adm1_name"":""Tartous""}]","[{""gid_1"":""SYR.11_1"",""migration_date"":""2025-12-20"",""migration_method"":""jaccard1"",""name_1"":""Lattakia""},{""gid_1"":""SYR.14_1"",""migration_date"":""2025-12-20"",""migration_method"":""jaccard1"",""name_1"":""Tartus""},{""gid_1"":""SYR.9_1"",""migration_date"":""2025-12-20"",""migration_method"":""jaccard1"",""name_1"":""Hims""}]",2020-10-16,2025-12-20
2020-0349-UKR,No,nat-cli-wil-for,Natural,Climatological,Wildfire,Forest fire,,,UKR,Ukraine,Eastern Europe,Europe,"Stanychno-Luhansk, Novoaidar, Severodonetsk districts",,,No,No,No,,,Km2,,,,2020,9,30,2020,10,8,11,18,1650,,1668,,,,,,,80.39038301,"[{""adm1_code"":3161,""adm1_name"":""Luhans'ka""}]","[{""gid_1"":""UKR.15_1"",""migration_date"":""2025-12-20"",""migration_method"":""jaccard1"",""name_1"":""Luhans'k""}]",2020-08-12,2025-12-20
2020-0427-BOL,No,nat-cli-wil-for,Natural,Climatological,Wildfire,Forest fire,,,BOL,Bolivia (Plurinational State of),Latin America and the Caribbean,Americas,"Santa Cruz, Beni (nord-est), Pando (nord), Chuquisaca (sud-est), Tarija (sud), La Paz",Drought,,Yes,No,Yes,,,Km2,,,,2020,1,,2020,10,,5,,126000,,126000,,,,,,,80.39038301,"[{""adm1_code"":648,""adm1_name"":""Pando""},{""adm1_code"":40443,""adm1_name"":""Beni""},{""adm1_code"":40444,""adm1_name"":""Chuquisaca""},{""adm1_code"":40446,""adm1_name"":""La Paz""},{""adm1_code"":40449,""adm1_name"":""Santa Cruz""},{""adm1_code"":40450,""adm1_name"":""Tarija""}]","[{""gid_1"":""BOL.1_1"",""migration_date"":""2025-12-20"",""migration_method"":""jaccard1"",""name_1"":""Chuquisaca""},{""gid_1"":""BOL.3_1"",""migration_date"":""2025-12-20"",""migration_method"":""jaccard1"",""name_1"":""Beni""},{""gid_1"":""BOL.4_1"",""migration_date"":""2025-12-20"",""migration_method"":""jaccard1"",""name_1"":""La Paz""},{""gid_1"":""BOL.6_1"",""migration_date"":""2025-12-20"",""migration_method"":""jaccard1"",""name_1"":""Pando""},{""gid_1"":""BOL.8_1"",""migration_date"":""2025-12-20"",""migration_method"":""jaccard1"",""name_1"":""Santa Cruz""},{""gid_1"":""BOL.9_1"",""migration_date"":""2025-12-20"",""migration_method"":""jaccard1"",""name_1"":""Tarija""}]",2020-10-15,2025-12-20
2021-0459-GRC,No,nat-cli-wil-for,Natural,Climatological,Wildfire,Forest fire,,,GRC,Greece,Southern Europe,Europe,"Elekistra, Karya, Neo Souli (Peloponnese); Patras; Evia Island; Stamata (Attica); Psathopyrgos Lampiri, Kamares, Ziria (Rodhes Island)",,Heat wave,Yes,No,No,,,Km2,,,,2021,7,29,2021,8,12,2,500,7000,,7500,,,,,580000,689106,84.16698296,"[{""adm1_code"":1337,""adm1_name"":""Attiki""},{""adm1_code"":1345,""adm1_name"":""Peloponnisos""},{""adm2_code"":16708,""adm2_name"":""Dodekanisou""}]","[{""gid_1"":""GRC.3_1"",""migration_date"":""2025-12-20"",""migration_method"":""jaccard1"",""name_1"":""Attica""},{""gid_2"":""GRC.1.2_1"",""migration_date"":""2025-12-20"",""migration_method"":""bufhaus2"",""name_2"":""South Aegean""},{""gid_2"":""GRC.7.2_1"",""migration_date"":""2025-12-20"",""migration_method"":""puzzle1_2"",""name_2"":""Peloponnese""}]",2021-08-02,2025-12-20
2021-0502-RUS,No,nat-cli-wil-for,Natural,Climatological,Wildfire,Forest fire,,,RUS,Russian Federation,Eastern Europe,Europe,Yakutia and Karelia,,Drought,No,No,No,,,Km2,,,,2021,7,,2021,8,26,,,120,,120,,,,,,,84.16698296,"[{""adm1_code"":2514,""adm1_name"":""Karelya Rep.""},{""adm1_code"":2551,""adm1_name"":""Sakha Rep.""}]","[{""gid_1"":""RUS.26_1"",""migration_date"":""2025-12-20"",""migration_method"":""jaccard1"",""name_1"":""Karelia""},{""gid_1"":""RUS.60_1"",""migration_date"":""2025-12-20"",""migration_method"":""jaccard1"",""name_1"":""Sakha""}]",2021-08-12,2025-12-20
2021-0526-USA,No,nat-cli-wil-for,Natural,Climatological,Wildfire,Forest fire,,Caldor fire,USA,United States of America,Northern America,Americas,El Dorado County (California),,,No,No,No,,,Km2,,,,2021,8,13,2021,8,31,,,55903,,55903,,,,,1500000,1782172,84.16698296,"[{""adm2_code"":28873,""adm2_name"":""El Dorado""}]","[{""gid_2"":""USA.5.9_1"",""migration_date"":""2025-12-20"",""migration_method"":""jaccard2"",""name_2"":""El Dorado""}]",2021-08-19,2025-12-20
2022-0407-GRC,No,nat-cli-wil-wil,Natural,Climatological,Wildfire,Wildfire (General),,,GRC,Greece,Southern Europe,Europe,"Portes village in Achaia Region (north-west Peloponnese Peninsula); Delphi municipality (central Greece); Itea; Amfissa; East Macedonia & Thrace, Epirus, Central Greece, North Aegean, Ionian Islands",High temperatures and increased wind intensity,,No,No,Yes,,,Km2,,,,2022,7,3,2022,7,23,,,55000,,55000,,,,,,,90.90269746,,"[{""gid_2"":""GRC.1.1_1"",""name_2"":""North Aegean""},{""gid_2"":""GRC.5.1_1"",""name_2"":""Epirus""},{""gid_2"":""GRC.6.2_1"",""name_2"":""East Macedonia and Thrace""},{""gid_2"":""GRC.7.1_1"",""name_2"":""Ionian Islands""},{""gid_2"":""GRC.7.3_1"",""name_2"":""West Greece""},{""gid_2"":""GRC.8.1_1"",""name_2"":""Central Greece""}]",2022-07-07,2026-02-11
2022-0355-ESP,No,nat-cli-wil-for,Natural,Climatological,Wildfire,Forest fire,,,ESP,Spain,Southern Europe,Europe,"Zamora Province (Castile and León Autonomous Community); Navarra Autonomous Community; Lleida Province (Catalonia Autonomous Community); Malaga province (Andalusia region); Cáceres (Extremadura region); Lugo and Ourense provnces (Galicia region); Cabezo-Ladrillar-Monsagro (Salamanca province, Castile and León region)",Long-lasting extreme heat,,No,No,No,,,Km2,,,,2022,6,18,2022,7,18,,,3500,,3500,,,,,,,90.90269746,"[{""adm1_code"":2732,""adm1_name"":""Comunidad Foral de Navarra""},{""adm2_code"":25782,""adm2_name"":""Málaga""},{""adm2_code"":25796,""adm2_name"":""Salamanca""},{""adm2_code"":25800,""adm2_name"":""Zamora""},{""adm2_code"":25808,""adm2_name"":""Lleida""},{""adm2_code"":25815,""adm2_name"":""Cáceres""},{""adm2_code"":25817,""adm2_name"":""Lugo""},{""adm2_code"":25818,""adm2_name"":""Ourense""}]","[{""gid_1"":""ESP.9_1"",""name_1"":""Comunidad Foral de Navarra""},{""gid_2"":""ESP.1.7_1"",""name_2"":""Málaga""},{""gid_2"":""ESP.11.2_1"",""name_2"":""Cáceres""},{""gid_2"":""ESP.12.2_1"",""name_2"":""Lugo""},{""gid_2"":""ESP.12.3_1"",""name_2"":""Ourense""},{""gid_2"":""ESP.5.5_1"",""name_2"":""Salamanca""},{""gid_2"":""ESP.5.9_1"",""name_2"":""Zamora""},{""gid_2"":""ESP.6.3_1"",""name_2"":""Lleida""}]",2022-06-29,2026-02-10
2022-0417-PRT,No,nat-cli-wil-wil,Natural,Climatological,Wildfire,Wildfire (General),,,PRT,Portugal,Southern Europe,Europe,"Leiria and Santarem districts in Ourém municipality (Santarem District); Porto district; Torre de Moncorvo, Bragança district",,Heat wave|Transport accident,No,No,No,,,Km2,,,,2022,7,9,2022,7,12,3,187,,,187,,,,,,,90.90269746,"[{""adm1_code"":2408,""adm1_name"":""Porto""},{""adm1_code"":2409,""adm1_name"":""Santarem""},{""adm2_code"":24712,""adm2_name"":""Torre De Moncorvo""}]","[{""gid_1"":""PRT.15_1"",""migration_date"":""2025-12-20"",""migration_method"":""jaccard1"",""name_1"":""Porto""},{""gid_1"":""PRT.16_1"",""migration_date"":""2025-12-20"",""migration_method"":""jaccard1"",""name_1"":""Santarém""},{""gid_2"":""PRT.5.9_1"",""migration_date"":""2025-12-20"",""migration_method"":""jaccard2"",""name_2"":""Torre de Moncorvo""}]",2022-07-12,2025-12-20
2022-0486-USA,No,nat-cli-wil-wil,Natural,Climatological,Wildfire,Wildfire (General),,McKinney & Yeti Complex fires,USA,United States of America,Northern America,Americas,Siskiyou County (California),"Vague de chaleur, de forts vents et des orages",Heat wave,No,No,No,,,Km2,,,,2022,7,29,2022,8,1,4,7,33,555,595,,,,,151000,166112,90.90269746,"[{""adm2_code"":28911,""adm2_name"":""Siskiyou""}]","[{""gid_2"":""USA.5.47_1"",""migration_date"":""2025-12-20"",""migration_method"":""jaccard2"",""name_2"":""Siskiyou""}]",2022-08-02,2025-12-20
2023-0050-CHL,No,nat-cli-wil-wil,Natural,Climatological,Wildfire,Wildfire (General),,,CHL,Chile,Latin America and the Caribbean,Americas,"Bío Bío, Araucanía, Ñuble, Maule, Los Ríos, Los Lagos, Aysén, O’Higgins, Valparaíso, and Santiago Metropolitan",Strong winds and high temperatures,Heat wave,No,No,No,,,Km2,,,,2023,2,1,2023,3,6,26,3034,7500,,10534,,,,,900000,950926,94.64462201,"[{""adm1_code"":884,""adm1_name"":""Araucania""},{""adm1_code"":892,""adm1_name"":""Maule""},{""adm1_code"":91501,""adm1_name"":""Los Lagos""},{""adm1_code"":91504,""adm1_name"":""Los Rios""},{""adm1_code"":149630,""adm1_name"":""Valparaiso""},{""adm2_code"":12947,""adm2_name"":""Ñuble""},{""adm2_code"":12971,""adm2_name"":""Santiago""}]","[{""gid_1"":""CHL.10_1"",""migration_date"":""2025-12-20"",""migration_method"":""jaccard1"",""name_1"":""Los Ríos""},{""gid_1"":""CHL.12_1"",""migration_date"":""2025-12-20"",""migration_method"":""jaccard1"",""name_1"":""Maule""},{""gid_1"":""CHL.16_1"",""migration_date"":""2025-12-20"",""migration_method"":""jaccard1"",""name_1"":""Valparaíso""},{""gid_1"":""CHL.3_1"",""migration_date"":""2025-12-20"",""migration_method"":""jaccard1"",""name_1"":""Araucanía""},{""gid_1"":""CHL.9_1"",""migration_date"":""2025-12-20"",""migration_method"":""jaccard1"",""name_1"":""Los Lagos""},{""gid_2"":""CHL.13.1_1"",""migration_date"":""2025-12-20"",""migration_method"":""puzzle2_2"",""name_2"":""Diguillín""},{""gid_2"":""CHL.13.2_1"",""migration_date"":""2025-12-20"",""migration_method"":""puzzle2_2"",""name_2"":""Itata""},{""gid_2"":""CHL.13.3_1"",""migration_date"":""2025-12-20"",""migration_method"":""puzzle2_2"",""name_2"":""Punilla""},{""gid_2"":""CHL.14.5_1"",""migration_date"":""2025-12-20"",""migration_method"":""jaccard2"",""name_2"":""Santiago""}]",2023-02-06,2025-12-20
2023-0334-KAZ,No,nat-cli-wil-wil,Natural,Climatological,Wildfire,Wildfire (General),GLIDE:WF-2023-000100,,KAZ,Kazakhstan,Central Asia,Asia,"Semei Ormany, Abai region",,Drought|Heat wave,No,No,No,,,Km2,,,,2023,6,8,2023,6,15,14,,300,,300,,,,,,,94.64462201,,,2023-06-27,2025-06-25
2023-0444-GRC,No,nat-cli-wil-for,Natural,Climatological,Wildfire,Forest fire,,Kallithea and Dervenochoria wildfires,GRC,Greece,Southern Europe,Europe,"Athenes; Neo Kouvaras village, Loutraki municipality, Rhodes ( north-eastern Peloponnese; Saronikou and Mandra muncipalities (Attica region); gia Sotira, Palaiokoundoura, Panorama and Palaiochori, Oinoi, and Erythrae (Western Attica); Attica, Boeotia, Evia, Corinthia, Argolis, Rhodes, Samos, Ikaria, Corfu",,Heat wave,No,No,No,,,Km2,,,,2023,7,17,2023,7,26,3,11,19000,,19011,,,,,,,94.64462201,,,2023-07-18,2023-09-26
2023-0760-BOL,No,nat-cli-wil-wil,Natural,Climatological,Wildfire,Wildfire (General),GLIDE:WF-2023-000239,,BOL,Bolivia (Plurinational State of),Latin America and the Caribbean,Americas,"Beni, La Paz, Santa Cruz, Suárez, Carmen Rivero Torrez, San José de Chiquitos, Urubicha departments",,,No,No,No,,,Km2,,,,2023,11,17,2023,11,22,12,,,,,,,,,,,94.64462201,,,2023-11-22,2025-03-12
2024-0158-CHN,No,nat-cli-wil-wil,Natural,Climatological,Wildfire,Wildfire (General),,,CHN,China,Eastern Asia,Asia,Yajiang County (Sichuan province); Lincang City Wenshan City (Yunnan Province),,,No,No,No,,,Km2,,,,2024,3,15,2024,3,21,4,,4900,,4900,,,,,,,97.43617562,,,2024-03-27,2024-03-29
2024-0353-GTM,No,nat-cli-wil-wil,Natural,Climatological,Wildfire,Wildfire (General),GLIDE:WF-2024-000090,,GTM,Guatemala,Latin America and the Caribbean,Americas,"Petén, Alta Verapaz and Izabal",Prolonged heat,,No,No,No,,,Km2,,,,2024,5,,2024,5,,,,,,,,,,,,,97.43617562,,,2024-06-11,2025-03-18
2024-0661-PRT,No,nat-cli-wil-wil,Natural,Climatological,Wildfire,Wildfire (General),GLIDE:WF-2024-000170,,PRT,Portugal,Southern Europe,Europe,"Castelo Branco, Coimbra, Aveiro, Viseu, Porto, Braga","Warm, windy, and dry weather in",,No,Yes,Yes,,,Km2,,,,2024,9,15,2024,9,20,9,170,41329,,41499,,,,,520000,533683,97.43617562,,,2024-09-23,2025-03-03
2024-0876-SYR,No,nat-cli-wil-wil,Natural,Climatological,Wildfire,Wildfire (General),GLIDE:FR-2024-000210,,SYR,Syrian Arab Republic,Western Asia,Asia,"Homs, Lattakia","Warm eastern winds, abundance of dry vegetation, human being activities",,No,No,No,,,Km2,,,,2024,11,23,2024,11,23,,,15000,,15000,,,,,,,97.43617562,,,2024-11-26,2025-01-21
2025-0008-USA,No,nat-cli-wil-wil,Natural,Climatological,Wildfire,Wildfire (General),,"'Palisades', 'Eaton', 'Sunset', 'Kenneth', 'Hurs't, 'Lidia' fires",USA,United States of America,Northern America,Americas,"Los Angeles County (northern of Los Angeles) and Pasadena cities (southern California); San Bernardino, Riverside, Orange, and San Diego counties","Strong wind, drought and heat",Storm,No,No,Yes,,,Km2,,,,2025,1,6,2025,2,10,31,4,,,4,,,40000000,40000000,53000000,53000000,100,,,2025-01-09,2026-02-25
2025-0047-AUS,No,nat-cli-wil-wil,Natural,Climatological,Wildfire,Wildfire (General),,,AUS,Australia,Australia and New Zealand,Oceania,"Dimbola and Wail towns, Little Desert National Park (Shire of Hindmarshand of the Wimmera region, Victoria state)",,,No,No,No,,,Km2,,,,2025,1,27,2025,1,29,,,260,,260,,,,,,,100,,,2025-01-29,2025-02-13
2025-0052-CHL,No,nat-cli-wil-wil,Natural,Climatological,Wildfire,Wildfire (General),,Fires 'Villaboro',CHL,Chile,Latin America and the Caribbean,Americas,"San Javier de Loncomilla, Chocol (Maule region)",,,No,No,No,,,Km2,,,,2025,1,27,2025,1,27,,2,500,,502,,,,,,,100,,,2025-01-29,2026-01-08
2025-0195-USA,No,nat-cli-wil-wil,Natural,Climatological,Wildfire,Wildfire (General),,,USA,United States of America,Northern America,Americas,"Payne, Pawnee, Cleveland, Oklahoma, Lincoln, Creek, and Logan counties (Oklahoma state)",,,No,No,Yes,,,Km2,,,,2025,3,19,2025,3,20,4,200,1611,,1811,,,,,,,100,,,2025-03-20,2026-02-25
2025-0211-JPN,No,nat-cli-wil-wil,Natural,Climatological,Wildfire,Wildfire (General),,,JPN,Japan,Eastern Asia,Asia,"Imabari City, Ehime prefecture, Shikoku Island; Kumamoto prefecture, Kyushu island; Okayama prefecture, Honshu island",,,No,No,No,,,Km2,,,,2025,3,23,2025,3,24,,2,2800,,2802,,,,,,,100,,,2025-03-25,2025-04-01
2025-0418-TUR,No,nat-cli-wil-wil,Natural,Climatological,Wildfire,Wildfire (General),,,TUR,Türkiye,Western Asia,Asia,"Izmir, Mugla, Antalya, Çanakkale, Bilecik, Hatay, and Sakarya cities (Hatay and Antakya regions); Foça and Aliaga, Bornova, Çesme, Gaziemir, Menderes, Ödemis, Buca and Seferihisar",,,No,No,No,,,Km2,,,,2025,6,25,2025,7,8,2,510,684,,1194,,,,,,,100,,,2025-06-30,2025-07-14
2025-0607-TUR,No,nat-cli-wil-wil,Natural,Climatological,Wildfire,Wildfire (General),,,TUR,Türkiye,Western Asia,Asia,Near Eskişehir,High temperatures reaching 40 °C (104 °C) and strong winds,Heat wave,No,No,No,,,Km2,,,,2025,7,23,2025,7,23,10,14,,,14,,,,,,,100,,,2025-07-25,2026-02-02
2025-0669-PRT,No,nat-cli-wil-wil,Natural,Climatological,Wildfire,Wildfire (General),,,PRT,Portugal,Southern Europe,Europe,"Trancoso e Freches, Covilhã and Sobral de São Miguel (Beiras e Serra da Estrela); Guarda, Castel Branco, Coimbra, Viseu, and Braganca regions",,,No,No,No,,,Km2,,,,2025,8,9,2025,8,25,3,246,,,246,,,,,,,100,,,2025-08-12,2025-12-12
2025-0700-USA,No,nat-cli-wil-wil,Natural,Climatological,Wildfire,Wildfire (General),,"Fires 'Lee', 'Red Canyon', 'Sunset', 'Flat(, 'Picket'",USA,United States of America,Northern America,Americas,"Colorado; Los Angeles, Ventura, San Luis Obispo and Santa Barbara counties (California); Oregon, Idaho,Wyoming",,,No,No,No,,,Km2,,,,2025,8,,2025,8,,,13,,336,349,,,,,,,100,,,2025-08-20,2025-08-27
2000-0117-IDN,No,nat-cli-wil-for,Natural,Climatological,Wildfire,Forest fire,,,IDN,Indonesia,South-eastern Asia,Asia,"Riau province (Sumatra Isl.), Kalimatan Barat, Kalimatan Tengah provinces (Borneo Isl.)",,,No,No,No,,,Km2,,,,2000,2,,2000,2,,,,,,,,,,,,,53.48773668,"[{""adm1_code"":1522,""adm1_name"":""Kalimantan Barat""},{""adm1_code"":1524,""adm1_name"":""Kalimantan Tengah""},{""adm1_code"":73618,""adm1_name"":""Riau""}]","[{""gid_1"":""IDN.12_1"",""migration_date"":""2025-12-20"",""migration_method"":""jaccard1"",""name_1"":""Kalimantan Barat""},{""gid_1"":""IDN.14_1"",""migration_date"":""2025-12-20"",""migration_method"":""jaccard1"",""name_1"":""Kalimantan Tengah""},{""gid_1"":""IDN.24_1"",""migration_date"":""2025-12-20"",""migration_method"":""jaccard1"",""name_1"":""Riau""}]",2003-07-01,2025-12-20
2000-0188-TUR,No,nat-cli-wil-for,Natural,Climatological,Wildfire,Forest fire,,,TUR,Türkiye,Western Asia,Asia,"Bursa, Canakkale, Balikesir provinces",,,No,No,No,,8,Km2,,,,2000,4,5,2000,4,5,,,,350,350,,,,,,,53.48773668,"[{""adm1_code"":3028,""adm1_name"":""Balikesir""},{""adm1_code"":3037,""adm1_name"":""Bursa""},{""adm1_code"":3038,""adm1_name"":""Canakkale""}]","[{""gid_1"":""TUR.12_1"",""migration_date"":""2025-12-20"",""migration_method"":""jaccard1"",""name_1"":""Balikesir""},{""gid_1"":""TUR.21_1"",""migration_date"":""2025-12-20"",""migration_method"":""jaccard1"",""name_1"":""Bursa""},{""gid_1"":""TUR.22_1"",""migration_date"":""2025-12-20"",""migration_method"":""jaccard1"",""name_1"":""Çanakkale""}]",2003-07-01,2025-12-20
2000-0194-KOR,No,nat-cli-wil-for,Natural,Climatological,Wildfire,Forest fire,,,KOR,Republic of Korea,Eastern Asia,Asia,"Kangnung, Tonghae, Samchok cities (Kang-won-do province)",,,No,No,No,,100,Km2,,,,2000,4,6,2000,4,6,2,15,,1518,1533,,,,,,,53.48773668,"[{""adm1_code"":2437,""adm1_name"":""Kang-won-do""}]","[{""gid_1"":""KOR.6_1"",""migration_date"":""2025-12-20"",""migration_method"":""jaccard1"",""name_1"":""Gangwon-do""}]",2003-07-01,2025-12-20
2000-0215-HND,No,nat-cli-wil-for,Natural,Climatological,Wildfire,Forest fire,,,HND,Honduras,Latin America and the Caribbean,Americas,"Atlantida, Choluteca, Colon, Comayagua, Copan, Cortes, Francisco Morazan, Gracias A Dios, Intibuca, Islas De Bahia, La Paz, Lempira, Name Unknown, Ocotepeque, Olancho, Paraiso, Santa Barbara, Valle, Yoro provinces",,,No,No,No,,125,Km2,,,,2000,2,,2000,2,,,,,,,,,,,,,53.48773668,"[{""adm1_code"":1420,""adm1_name"":""Atlantida""},{""adm1_code"":1421,""adm1_name"":""Choluteca""},{""adm1_code"":1422,""adm1_name"":""Colon""},{""adm1_code"":1423,""adm1_name"":""Comayagua""},{""adm1_code"":1424,""adm1_name"":""Copan""},{""adm1_code"":1425,""adm1_name"":""Cortes""},{""adm1_code"":1426,""adm1_name"":""Francisco Morazan""},{""adm1_code"":1427,""adm1_name"":""Gracias A Dios""},{""adm1_code"":1428,""adm1_name"":""Intibuca""},{""adm1_code"":1429,""adm1_name"":""Islas De Bahia""},{""adm1_code"":1430,""adm1_name"":""La Paz""},{""adm1_code"":1431,""adm1_name"":""Lempira""},{""adm1_code"":1432,""adm1_name"":""Name Unknown""},{""adm1_code"":1433,""adm1_name"":""Ocotepeque""},{""adm1_code"":1434,""adm1_name"":""Olancho""},{""adm1_code"":1435,""adm1_name"":""Paraiso""},{""adm1_code"":1436,""adm1_name"":""Santa Barbara""},{""adm1_code"":1437,""adm1_name"":""Valle""},{""adm1_code"":1438,""adm1_name"":""Yoro""}]","[{""gid_1"":""HND.10_1"",""migration_date"":""2025-12-20"",""migration_method"":""jaccard1"",""name_1"":""Intibucá""},{""gid_1"":""HND.11_1"",""migration_date"":""2025-12-20"",""migration_method"":""jaccard1"",""name_1"":""Islas de la Bahía""},{""gid_1"":""HND.12_1"",""migration_date"":""2025-12-20"",""migration_method"":""jaccard1"",""name_1"":""La Paz""},{""gid_1"":""HND.13_1"",""migration_date"":""2025-12-20"",""migration_method"":""jaccard1"",""name_1"":""Lempira""},{""gid_1"":""HND.14_1"",""migration_date"":""2025-12-20"",""migration_method"":""jaccard1"",""name_1"":""Ocotepeque""},{""gid_1"":""HND.16_1"",""migration_date"":""2025-12-20"",""migration_method"":""jaccard1"",""name_1"":""Santa Bárbara""},{""gid_1"":""HND.17_1"",""migration_date"":""2025-12-20"",""migration_method"":""jaccard1"",""name_1"":""Valle""},{""gid_1"":""HND.18_1"",""migration_date"":""2025-12-20"",""migration_method"":""jaccard1"",""name_1"":""Yoro""},{""gid_1"":""HND.2_1"",""migration_date"":""2025-12-20"",""migration_method"":""jaccard1"",""name_1"":""Choluteca""},{""gid_1"":""HND.4_1"",""migration_date"":""2025-12-20"",""migration_method"":""jaccard1"",""name_1"":""Comayagua""},{""gid_1"":""HND.5_1"",""migration_date"":""2025-12-20"",""migration_method"":""jaccard1"",""name_1"":""Copán""},{""gid_1"":""HND.6_1"",""migration_date"":""2025-12-20"",""migration_method"":""jaccard1"",""name_1"":""Cortés""},{""gid_1"":""HND.8_1"",""migration_date"":""2025-12-20"",""migration_method"":""jaccard1"",""name_1"":""Francisco Morazán""},{""gid_1"":""HND.9_1"",""migration_date"":""2025-12-20"",""migration_method"":""jaccard1"",""name_1"":""Gracias a Dios""},{""gid_2"":""HND.1.1_1"",""migration_date"":""2025-12-20"",""migration_method"":""puzzle1_2"",""name_2"":""Arizona""},{""gid_2"":""HND.1.2_1"",""migration_date"":""2025-12-20"",""migration_method"":""puzzle1_2"",""name_2"":""El Porvenir""},{""gid_2"":""HND.1.3_1"",""migration_date"":""2025-12-20"",""migration_method"":""puzzle1_2"",""name_2"":""Esparta""},{""gid_2"":""HND.1.4_1"",""migration_date"":""2025-12-20"",""migration_method"":""puzzle1_2"",""name_2"":""Jutiapa""},{""gid_2"":""HND.1.5_1"",""migration_date"":""2025-12-20"",""migration_method"":""puzzle1_2"",""name_2"":""La Ceiba""},{""gid_2"":""HND.1.6_1"",""migration_date"":""2025-12-20"",""migration_method"":""puzzle1_2"",""name_2"":""La Masica""},{""gid_2"":""HND.1.7_1"",""migration_date"":""2025-12-20"",""migration_method"":""puzzle1_2"",""name_2"":""San Francisco""},{""gid_2"":""HND.1.8_1"",""migration_date"":""2025-12-20"",""migration_method"":""puzzle1_2"",""name_2"":""Tela""},{""gid_2"":""HND.15.10_1"",""migration_date"":""2025-12-20"",""migration_method"":""puzzle1_2"",""name_2"":""Guayape""},{""gid_2"":""HND.15.11_1"",""migration_date"":""2025-12-20"",""migration_method"":""puzzle1_2"",""name_2"":""Jano""},{""gid_2"":""HND.15.12_1"",""migration_date"":""2025-12-20"",""migration_method"":""puzzle1_2"",""name_2"":""Juticalpa""},{""gid_2"":""HND.15.13_1"",""migration_date"":""2025-12-20"",""migration_method"":""puzzle1_2"",""name_2"":""La Unión""},{""gid_2"":""HND.15.14_1"",""migration_date"":""2025-12-20"",""migration_method"":""puzzle1_2"",""name_2"":""Mangulile""},{""gid_2"":""HND.15.15_1"",""migration_date"":""2025-12-20"",""migration_method"":""puzzle1_2"",""name_2"":""Manto""},{""gid_2"":""HND.15.16_1"",""migration_date"":""2025-12-20"",""migration_method"":""puzzle1_2"",""name_2"":""Patuca""},{""gid_2"":""HND.15.17_1"",""migration_date"":""2025-12-20"",""migration_method"":""puzzle1_2"",""name_2"":""Salamá""},{""gid_2"":""HND.15.18_1"",""migration_date"":""2025-12-20"",""migration_method"":""puzzle1_2"",""name_2"":""San Esteban""},{""gid_2"":""HND.15.19_1"",""migration_date"":""2025-12-20"",""migration_method"":""puzzle1_2"",""name_2"":""San Francisco de Becerra""},{""gid_2"":""HND.15.1_1"",""migration_date"":""2025-12-20"",""migration_method"":""puzzle1_2"",""name_2"":""Campamento""},{""gid_2"":""HND.15.20_1"",""migration_date"":""2025-12-20"",""migration_method"":""puzzle1_2"",""name_2"":""San Francisco de la Paz""},{""gid_2"":""HND.15.21_1"",""migration_date"":""2025-12-20"",""migration_method"":""puzzle1_2"",""name_2"":""Santa Maria del Real""},{""gid_2"":""HND.15.22_1"",""migration_date"":""2025-12-20"",""migration_method"":""puzzle1_2"",""name_2"":""Silca""},{""gid_2"":""HND.15.23_1"",""migration_date"":""2025-12-20"",""migration_method"":""puzzle1_2"",""name_2"":""Yocón""},{""gid_2"":""HND.15.2_1"",""migration_date"":""2025-12-20"",""migration_method"":""puzzle1_2"",""name_2"":""Catacamas""},{""gid_2"":""HND.15.3_1"",""migration_date"":""2025-12-20"",""migration_method"":""puzzle1_2"",""name_2"":""Concordia""},{""gid_2"":""HND.15.4_1"",""migration_date"":""2025-12-20"",""migration_method"":""puzzle1_2"",""name_2"":""Dulce Nombre de Culmí""},{""gid_2"":""HND.15.5_1"",""migration_date"":""2025-12-20"",""migration_method"":""puzzle1_2"",""name_2"":""El Rosario""},{""gid_2"":""HND.15.6_1"",""migration_date"":""2025-12-20"",""migration_method"":""puzzle1_2"",""name_2"":""Esquipulas del Norte""},{""gid_2"":""HND.15.7_1"",""migration_date"":""2025-12-20"",""migration_method"":""puzzle1_2"",""name_2"":""Gualaco""},{""gid_2"":""HND.15.8_1"",""migration_date"":""2025-12-20"",""migration_method"":""puzzle1_2"",""name_2"":""Guarizama""},{""gid_2"":""HND.15.9_1"",""migration_date"":""2025-12-20"",""migration_method"":""puzzle1_2"",""name_2"":""Guata""},{""gid_2"":""HND.3.10_1"",""migration_date"":""2025-12-20"",""migration_method"":""puzzle1_2"",""name_2"":""Trujillo""},{""gid_2"":""HND.3.1_1"",""migration_date"":""2025-12-20"",""migration_method"":""puzzle1_2"",""name_2"":""Balfate""},{""gid_2"":""HND.3.2_1"",""migration_date"":""2025-12-20"",""migration_method"":""puzzle1_2"",""name_2"":""Bonito Oriental""},{""gid_2"":""HND.3.3_1"",""migration_date"":""2025-12-20"",""migration_method"":""puzzle1_2"",""name_2"":""Iriona""},{""gid_2"":""HND.3.4_1"",""migration_date"":""2025-12-20"",""migration_method"":""puzzle1_2"",""name_2"":""Limón""},{""gid_2"":""HND.3.5_1"",""migration_date"":""2025-12-20"",""migration_method"":""puzzle1_2"",""name_2"":""Sabá""},{""gid_2"":""HND.3.6_1"",""migration_date"":""2025-12-20"",""migration_method"":""puzzle1_2"",""name_2"":""Santa Fé""},{""gid_2"":""HND.3.7_1"",""migration_date"":""2025-12-20"",""migration_method"":""puzzle1_2"",""name_2"":""Santa Rosa de Aguán""},{""gid_2"":""HND.3.8_1"",""migration_date"":""2025-12-20"",""migration_method"":""puzzle1_2"",""name_2"":""Sonaguera""},{""gid_2"":""HND.3.9_1"",""migration_date"":""2025-12-20"",""migration_method"":""puzzle1_2"",""name_2"":""Tocoa""},{""gid_2"":""HND.7.10_1"",""migration_date"":""2025-12-20"",""migration_method"":""puzzle1_2"",""name_2"":""San Antonio de Flores""},{""gid_2"":""HND.7.11_1"",""migration_date"":""2025-12-20"",""migration_method"":""puzzle1_2"",""name_2"":""San Lucas""},{""gid_2"":""HND.7.12_1"",""migration_date"":""2025-12-20"",""migration_method"":""puzzle1_2"",""name_2"":""San Matías""},{""gid_2"":""HND.7.13_1"",""migration_date"":""2025-12-20"",""migration_method"":""puzzle1_2"",""name_2"":""Soledad""},{""gid_2"":""HND.7.14_1"",""migration_date"":""2025-12-20"",""migration_method"":""puzzle1_2"",""name_2"":""Teupasenti""},{""gid_2"":""HND.7.15_1"",""migration_date"":""2025-12-20"",""migration_method"":""puzzle1_2"",""name_2"":""Texiguat""},{""gid_2"":""HND.7.16_1"",""migration_date"":""2025-12-20"",""migration_method"":""puzzle1_2"",""name_2"":""Trojes""},{""gid_2"":""HND.7.17_1"",""migration_date"":""2025-12-20"",""migration_method"":""puzzle1_2"",""name_2"":""Vado Ancho""},{""gid_2"":""HND.7.18_1"",""migration_date"":""2025-12-20"",""migration_method"":""puzzle1_2"",""name_2"":""Yauyupe""},{""gid_2"":""HND.7.19_1"",""migration_date"":""2025-12-20"",""migration_method"":""puzzle1_2"",""name_2"":""Yuscarán""},{""gid_2"":""HND.7.1_1"",""migration_date"":""2025-12-20"",""migration_method"":""puzzle1_2"",""name_2"":""Alauca""},{""gid_2"":""HND.7.2_1"",""migration_date"":""2025-12-20"",""migration_method"":""puzzle1_2"",""name_2"":""Danlí""},{""gid_2"":""HND.7.3_1"",""migration_date"":""2025-12-20"",""migration_method"":""puzzle1_2"",""name_2"":""El Paraíso""},{""gid_2"":""HND.7.4_1"",""migration_date"":""2025-12-20"",""migration_method"":""puzzle1_2"",""name_2"":""Guinope""},{""gid_2"":""HND.7.5_1"",""migration_date"":""2025-12-20"",""migration_method"":""puzzle1_2"",""name_2"":""Jacaleapa""},{""gid_2"":""HND.7.6_1"",""migration_date"":""2025-12-20"",""migration_method"":""puzzle1_2"",""name_2"":""Liure""},{""gid_2"":""HND.7.7_1"",""migration_date"":""2025-12-20"",""migration_method"":""puzzle1_2"",""name_2"":""Morocelí""},{""gid_2"":""HND.7.8_1"",""migration_date"":""2025-12-20"",""migration_method"":""puzzle1_2"",""name_2"":""Oropolí""},{""gid_2"":""HND.7.9_1"",""migration_date"":""2025-12-20"",""migration_method"":""puzzle1_2"",""name_2"":""Potrerillos""}]",2003-07-01,2025-12-20
2000-0240-USA,No,nat-cli-wil-for,Natural,Climatological,Wildfire,Forest fire,,,USA,United States of America,Northern America,Americas,"Los Alamos, Rio Arriba, Sandoval, Santa Fe districts (New Mexico province)",,,No,No,No,,194,Km2,,,,2000,5,,2000,9,,,,25000,400,25400,,,200500,374852,1500000,2804381,53.48773668,"[{""adm2_code"":30487,""adm2_name"":""Los Alamos""},{""adm2_code"":30493,""adm2_name"":""Rio Arriba""},{""adm2_code"":30497,""adm2_name"":""Sandoval""},{""adm2_code"":30498,""adm2_name"":""Santa Fe""}]","[{""gid_2"":""USA.32.16_1"",""migration_date"":""2025-12-20"",""migration_method"":""jaccard2"",""name_2"":""Los Alamos""},{""gid_2"":""USA.32.22_1"",""migration_date"":""2025-12-20"",""migration_method"":""jaccard2"",""name_2"":""Rio Arriba""},{""gid_2"":""USA.32.26_1"",""migration_date"":""2025-12-20"",""migration_method"":""jaccard2"",""name_2"":""Sandoval""},{""gid_2"":""USA.32.27_1"",""migration_date"":""2025-12-20"",""migration_method"":""jaccard2"",""name_2"":""Santa Fe""}]",2006-08-15,2025-12-20
2000-0523-SVK,No,nat-cli-wil-for,Natural,Climatological,Wildfire,Forest fire,,,SVK,Slovakia,Eastern Europe,Europe,"Near Hrabusice city, Spisska Nova Ves district (Kosice province)",,,No,No,No,,,Km2,,,,2000,10,,2000,10,,6,,,,,,,,,,,53.48773668,"[{""adm2_code"":25458,""adm2_name"":""Spisska Nova Ves""}]","[{""gid_2"":""SVK.3.10_1"",""migration_date"":""2025-12-20"",""migration_method"":""jaccard2"",""name_2"":""Spišská Nová Ves""}]",2003-07-01,2025-12-20
2001-0442-ARG,No,nat-cli-wil-for,Natural,Climatological,Wildfire,Forest fire,,,ARG,Argentina,Latin America and the Caribbean,Americas,La Rioja province,,,No,No,No,,600,Km2,,,,2001,8,,2001,8,,,,,,,,,,,,,54.99938527,"[{""adm1_code"":440,""adm1_name"":""La Rioja""}]","[{""gid_1"":""ARG.12_1"",""migration_date"":""2025-12-20"",""migration_method"":""jaccard1"",""name_1"":""La Rioja""}]",2003-07-01,2025-12-20
2001-0451-USA,No,nat-cli-wil-for,Natural,Climatological,Wildfire,Forest fire,,,USA,United States of America,Northern America,Americas,"Oregon, Washington, Idaho, California, Nevada, Colorado, Arizona, Wyoming, Texas, Oklahoma provinces",,,No,No,No,,797,Km2,,,,2001,8,,2001,8,,,,,,,,,,,,,54.99938527,"[{""adm1_code"":3216,""adm1_name"":""Arizona""},{""adm1_code"":3218,""adm1_name"":""California""},{""adm1_code"":3219,""adm1_name"":""Colorado""},{""adm1_code"":3226,""adm1_name"":""Idaho""},{""adm1_code"":3242,""adm1_name"":""Nevada""},{""adm1_code"":3250,""adm1_name"":""Oklahoma""},{""adm1_code"":3251,""adm1_name"":""Oregon""},{""adm1_code"":3257,""adm1_name"":""Texas""},{""adm1_code"":3261,""adm1_name"":""Washington""},{""adm1_code"":3264,""adm1_name"":""Wyoming""}]","[{""gid_1"":""USA.13_1"",""migration_date"":""2025-12-20"",""migration_method"":""jaccard1"",""name_1"":""Idaho""},{""gid_1"":""USA.29_1"",""migration_date"":""2025-12-20"",""migration_method"":""jaccard1"",""name_1"":""Nevada""},{""gid_1"":""USA.37_1"",""migration_date"":""2025-12-20"",""migration_method"":""jaccard1"",""name_1"":""Oklahoma""},{""gid_1"":""USA.38_1"",""migration_date"":""2025-12-20"",""migration_method"":""jaccard1"",""name_1"":""Oregon""},{""gid_1"":""USA.3_1"",""migration_date"":""2025-12-20"",""migration_method"":""jaccard1"",""name_1"":""Arizona""},{""gid_1"":""USA.44_1"",""migration_date"":""2025-12-20"",""migration_method"":""jaccard1"",""name_1"":""Texas""},{""gid_1"":""USA.48_1"",""migration_date"":""2025-12-20"",""migration_method"":""jaccard1"",""name_1"":""Washington""},{""gid_1"":""USA.51_1"",""migration_date"":""2025-12-20"",""migration_method"":""jaccard1"",""name_1"":""Wyoming""},{""gid_1"":""USA.5_1"",""migration_date"":""2025-12-20"",""migration_method"":""jaccard1"",""name_1"":""California""},{""gid_1"":""USA.6_1"",""migration_date"":""2025-12-20"",""migration_method"":""jaccard1"",""name_1"":""Colorado""}]",2003-07-01,2025-12-20
2002-0181-JPN,No,nat-cli-wil-for,Natural,Climatological,Wildfire,Forest fire,,,JPN,Japan,Eastern Asia,Asia,"Matsumoto city (Nagano province), Tookyoo province",,,No,No,No,,2,Km2,,,,2002,3,22,2002,3,22,,,222,,222,,,,,,,55.87169607,"[{""adm1_code"":1675,""adm1_name"":""Nagano""},{""adm1_code"":1690,""adm1_name"":""Tookyoo""}]","[{""gid_1"":""JPN.26_1"",""migration_date"":""2025-12-20"",""migration_method"":""jaccard1"",""name_1"":""Nagano""},{""gid_1"":""JPN.41_1"",""migration_date"":""2025-12-20"",""migration_method"":""jaccard1"",""name_1"":""Tokyo""}]",2003-07-01,2025-12-20
2002-0184-USA,No,nat-cli-wil-for,Natural,Climatological,Wildfire,Forest fire,,,USA,United States of America,Northern America,Americas,Lincoln district (New Mexico province),,,No,No,No,,149,Km2,,,,2002,3,,2002,3,,,,,1300,1300,,,,,5000,8949,55.87169607,"[{""adm2_code"":30486,""adm2_name"":""Lincoln""}]","[{""gid_2"":""USA.32.15_1"",""migration_date"":""2025-12-20"",""migration_method"":""jaccard2"",""name_2"":""Lincoln""}]",2003-07-01,2025-12-20
2002-0279-RUS,No,nat-cli-wil-for,Natural,Climatological,Wildfire,Forest fire,,,RUS,Russian Federation,Eastern Europe,Europe,"Irkutskaya Oblast, Khabarovskiy Kray provinces",,,No,No,No,,2000,Km2,,,,2002,5,11,2002,5,11,,,,120,120,,,,,,,55.87169607,"[{""adm1_code"":2506,""adm1_name"":""Irkutskaya Oblast""},{""adm1_code"":2516,""adm1_name"":""Khabarovskiy Kray""}]","[{""gid_1"":""RUS.18_1"",""migration_date"":""2025-12-20"",""migration_method"":""jaccard1"",""name_1"":""Irkutsk""},{""gid_1"":""RUS.28_1"",""migration_date"":""2025-12-20"",""migration_method"":""jaccard1"",""name_1"":""Khabarovsk""}]",2003-07-01,2025-12-20
2002-0615-IDN,No,nat-cli-wil-for,Natural,Climatological,Wildfire,Forest fire,,,IDN,Indonesia,South-eastern Asia,Asia,"Kalimatan Barat, Kalimatan Tengah provinces (Borneo Isl.), Riau province (Sumatra Isl.)",,,No,No,No,,,Km2,,,,2002,8,,2002,8,,,200,,,200,,,,,,,55.87169607,"[{""adm1_code"":1522,""adm1_name"":""Kalimantan Barat""},{""adm1_code"":1524,""adm1_name"":""Kalimantan Tengah""},{""adm1_code"":73618,""adm1_name"":""Riau""}]","[{""gid_1"":""IDN.12_1"",""migration_date"":""2025-12-20"",""migration_method"":""jaccard1"",""name_1"":""Kalimantan Barat""},{""gid_1"":""IDN.14_1"",""migration_date"":""2025-12-20"",""migration_method"":""jaccard1"",""name_1"":""Kalimantan Tengah""},{""gid_1"":""IDN.24_1"",""migration_date"":""2025-12-20"",""migration_method"":""jaccard1"",""name_1"":""Riau""}]",2003-07-01,2025-12-20
2002-0625-USA,No,nat-cli-wil-for,Natural,Climatological,Wildfire,Forest fire,,,USA,United States of America,Northern America,Americas,Oregon province,,,No,No,No,,2023,Km2,,,,2002,7,,2002,7,,,,,,,,,,,,,55.87169607,"[{""adm1_code"":3251,""adm1_name"":""Oregon""}]","[{""gid_1"":""USA.38_1"",""migration_date"":""2025-12-20"",""migration_method"":""jaccard1"",""name_1"":""Oregon""}]",2003-07-01,2025-12-20
2003-0042-CHL,No,nat-cli-wil-lan,Natural,Climatological,Wildfire,"Land fire (Brush, Bush, Pasture)",,,CHL,Chile,Latin America and the Caribbean,Americas,Valparaiso province,,,No,No,No,,,Km2,,,,2003,1,23,2003,1,23,,,,285,285,,,,,,,57.14003527,"[{""adm1_code"":149630,""adm1_name"":""Valparaiso""}]","[{""gid_1"":""CHL.16_1"",""migration_date"":""2025-12-20"",""migration_method"":""jaccard1"",""name_1"":""Valparaíso""}]",2003-08-13,2025-12-20
2003-0198-RUS,No,nat-cli-wil-for,Natural,Climatological,Wildfire,Forest fire,,,RUS,Russian Federation,Eastern Europe,Europe,"Chitinskaya Oblast, Aginskiy Buryatskiy A. Okrug, Buryatiya Rep. provinces",,,No,No,Yes,,17000,Km2,,,,2003,4,,2003,7,,,,,,,,,,,,,57.14003527,"[{""adm1_code"":2488,""adm1_name"":""Aginskiy Buryatskiy A. Okrug""},{""adm1_code"":2497,""adm1_name"":""Buryatiya Rep.""},{""adm1_code"":2500,""adm1_name"":""Chitinskaya Oblast""}]","[{""gid_1"":""RUS.83_1"",""migration_date"":""2025-12-20"",""migration_method"":""jaccard1"",""name_1"":""Zabaykal'ye""},{""gid_1"":""RUS.9_1"",""migration_date"":""2025-12-20"",""migration_method"":""jaccard1"",""name_1"":""Buryat""}]",2003-10-07,2025-12-20
2003-0202-CHN,No,nat-cli-wil-for,Natural,Climatological,Wildfire,Forest fire,,,CHN,China,Eastern Asia,Asia,"Mangui village (Hulunbuir district, Nei Mongol Zizhiqu province), Heilongjiang Sheng, Yunnan Sheng provinces",Drought,,No,No,No,,,Km2,,,,2003,4,,2003,4,,,,,300,300,,,,,,,57.14003527,"[{""adm1_code"":908,""adm1_name"":""Heilongjiang Sheng""},{""adm1_code"":917,""adm1_name"":""Nei Mongol Zizhiqu""},{""adm1_code"":929,""adm1_name"":""Yunnan Sheng""}]","[{""gid_1"":""CHN.11_1"",""migration_date"":""2025-12-20"",""migration_method"":""jaccard1"",""name_1"":""Heilongjiang""},{""gid_1"":""CHN.19_1"",""migration_date"":""2025-12-20"",""migration_method"":""jaccard1"",""name_1"":""Nei Mongol""},{""gid_1"":""CHN.30_1"",""migration_date"":""2025-12-20"",""migration_method"":""jaccard1"",""name_1"":""Yunnan""}]",2003-10-08,2025-12-20
2003-0347-HRV,No,nat-cli-wil-for,Natural,Climatological,Wildfire,Forest fire,,,HRV,Croatia,Southern Europe,Europe,"Dubrovnik-neretva, Lika-Senj provinces",,,No,No,No,,6,Km2,,,,2003,7,18,2003,7,23,,,,,,,,,,20000,35002,57.14003527,"[{""adm1_code"":989,""adm1_name"":""Dubrovnik-neretva""},{""adm1_code"":995,""adm1_name"":""Lika-senj""}]","[{""gid_1"":""HRV.3_1"",""migration_date"":""2025-12-20"",""migration_method"":""jaccard1"",""name_1"":""Dubrovacko-Neretvanska""},{""gid_1"":""HRV.9_1"",""migration_date"":""2025-12-20"",""migration_method"":""jaccard1"",""name_1"":""Licko-Senjska""}]",2003-07-30,2025-12-20
2004-0196-USA,No,nat-cli-wil-for,Natural,Climatological,Wildfire,Forest fire,,,USA,United States of America,Northern America,Americas,"Los Angeles, Riverside, San Diego, Santa Barbara districts (California province)",,Heat wave,No,No,No,,66,Km2,,,,2004,5,2,2004,5,4,,,15000,,15000,,,,,,,58.66980929,"[{""adm2_code"":28883,""adm2_name"":""Los Angeles""},{""adm2_code"":28897,""adm2_name"":""Riverside""},{""adm2_code"":28901,""adm2_name"":""San Diego""},{""adm2_code"":28906,""adm2_name"":""Santa Barbara""}]","[{""gid_2"":""USA.5.19_1"",""migration_date"":""2025-12-20"",""migration_method"":""jaccard2"",""name_2"":""Los Angeles""},{""gid_2"":""USA.5.33_1"",""migration_date"":""2025-12-20"",""migration_method"":""jaccard2"",""name_2"":""Riverside""},{""gid_2"":""USA.5.37_1"",""migration_date"":""2025-12-20"",""migration_method"":""jaccard2"",""name_2"":""San Diego""},{""gid_2"":""USA.5.42_1"",""migration_date"":""2025-12-20"",""migration_method"":""jaccard2"",""name_2"":""Santa Barbara""}]",2004-05-10,2025-12-20
2004-0208-RUS,No,nat-cli-wil-for,Natural,Climatological,Wildfire,Forest fire,,,RUS,Russian Federation,Eastern Europe,Europe,"Kurgan, Omskaya Oblast, Novosibirskaya Oblast, Kemerovskaya Oblast, Tomskaya Oblast, Irkutskaya Oblast, Chitinskaya Oblast, Aginskiy Buryatskiy A. Okrug, Altay Rep., Krasnoyarskiy Kray provinces",Dry and hot weather,,No,No,No,,245,Km2,,,,2004,5,14,2004,5,16,9,,,1000,1000,,,,,,,58.66980929,"[{""adm1_code"":2489,""adm1_name"":""Altay Rep.""},{""adm1_code"":2500,""adm1_name"":""Chitinskaya Oblast""},{""adm1_code"":2506,""adm1_name"":""Irkutskaya Oblast""},{""adm1_code"":2515,""adm1_name"":""Kemerovskaya Oblast""},{""adm1_code"":2525,""adm1_name"":""Krasnoyarskiy Kray""},{""adm1_code"":2541,""adm1_name"":""Novosibirskaya Oblast""},{""adm1_code"":2542,""adm1_name"":""Omskaya Oblast""},{""adm1_code"":2563,""adm1_name"":""Tomskaya Oblast""}]","[{""gid_1"":""RUS.16_1"",""migration_date"":""2025-12-20"",""migration_method"":""jaccard1"",""name_1"":""Gorno-Altay""},{""gid_1"":""RUS.18_1"",""migration_date"":""2025-12-20"",""migration_method"":""jaccard1"",""name_1"":""Irkutsk""},{""gid_1"":""RUS.27_1"",""migration_date"":""2025-12-20"",""migration_method"":""jaccard1"",""name_1"":""Kemerovo""},{""gid_1"":""RUS.50_1"",""migration_date"":""2025-12-20"",""migration_method"":""jaccard1"",""name_1"":""Novosibirsk""},{""gid_1"":""RUS.51_1"",""migration_date"":""2025-12-20"",""migration_method"":""jaccard1"",""name_1"":""Omsk""},{""gid_1"":""RUS.69_1"",""migration_date"":""2025-12-20"",""migration_method"":""jaccard1"",""name_1"":""Tomsk""},{""gid_1"":""RUS.83_1"",""migration_date"":""2025-12-20"",""migration_method"":""jaccard1"",""name_1"":""Zabaykal'ye""},{""gid_2"":""RUS.35.10_1"",""migration_date"":""2025-12-20"",""migration_method"":""puzzle1_2"",""name_2"":""Bol'shemurtinskiy rayon""},{""gid_2"":""RUS.35.11_1"",""migration_date"":""2025-12-20"",""migration_method"":""puzzle1_2"",""name_2"":""Bol'sheuluyskiy rayon""},{""gid_2"":""RUS.35.12_1"",""migration_date"":""2025-12-20"",""migration_method"":""puzzle1_2"",""name_2"":""Borodino""},{""gid_2"":""RUS.35.14_1"",""migration_date"":""2025-12-20"",""migration_method"":""puzzle1_2"",""name_2"":""Divnogorsk""},{""gid_2"":""RUS.35.16_1"",""migration_date"":""2025-12-20"",""migration_method"":""puzzle1_2"",""name_2"":""Dzerzhinskiy rayon""},{""gid_2"":""RUS.35.17_1"",""migration_date"":""2025-12-20"",""migration_method"":""puzzle1_2"",""name_2"":""Emel'yanovskiy rayon""},{""gid_2"":""RUS.35.18_1"",""migration_date"":""2025-12-20"",""migration_method"":""puzzle1_2"",""name_2"":""Eniseyskiy rayon""},{""gid_2"":""RUS.35.19_1"",""migration_date"":""2025-12-20"",""migration_method"":""puzzle1_2"",""name_2"":""Ermakovskiy rayon""},{""gid_2"":""RUS.35.1_1"",""migration_date"":""2025-12-20"",""migration_method"":""puzzle1_2"",""name_2"":""Abanskiy rayon""},{""gid_2"":""RUS.35.20_1"",""migration_date"":""2025-12-20"",""migration_method"":""puzzle1_2"",""name_2"":""Idrinskiy rayon""},{""gid_2"":""RUS.35.21_1"",""migration_date"":""2025-12-20"",""migration_method"":""puzzle1_2"",""name_2"":""Igarka gorsovet""},{""gid_2"":""RUS.35.22_1"",""migration_date"":""2025-12-20"",""migration_method"":""puzzle1_2"",""name_2"":""Ilanskiy rayon""},{""gid_2"":""RUS.35.24_1"",""migration_date"":""2025-12-20"",""migration_method"":""puzzle1_2"",""name_2"":""Irbeyskiy rayon""},{""gid_2"":""RUS.35.25_1"",""migration_date"":""2025-12-20"",""migration_method"":""puzzle1_2"",""name_2"":""Kansk""},{""gid_2"":""RUS.35.26_1"",""migration_date"":""2025-12-20"",""migration_method"":""puzzle1_2"",""name_2"":""Kanskiy rayon""},{""gid_2"":""RUS.35.27_1"",""migration_date"":""2025-12-20"",""migration_method"":""puzzle1_2"",""name_2"":""Karatuzskiy rayon""},{""gid_2"":""RUS.35.28_1"",""migration_date"":""2025-12-20"",""migration_method"":""puzzle1_2"",""name_2"":""Kazachinskiy rayon""},{""gid_2"":""RUS.35.29_1"",""migration_date"":""2025-12-20"",""migration_method"":""puzzle1_2"",""name_2"":""Kezhemskiy rayon""},{""gid_2"":""RUS.35.2_1"",""migration_date"":""2025-12-20"",""migration_method"":""puzzle1_2"",""name_2"":""Achinskiy rayon""},{""gid_2"":""RUS.35.31_1"",""migration_date"":""2025-12-20"",""migration_method"":""puzzle1_2"",""name_2"":""Kozul'skiy rayon""},{""gid_2"":""RUS.35.32_1"",""migration_date"":""2025-12-20"",""migration_method"":""puzzle1_2"",""name_2"":""Krasnoturanskiy rayon""},{""gid_2"":""RUS.35.33_1"",""migration_date"":""2025-12-20"",""migration_method"":""puzzle1_2"",""name_2"":""Krasnoyarsk""},{""gid_2"":""RUS.35.34_1"",""migration_date"":""2025-12-20"",""migration_method"":""puzzle1_2"",""name_2"":""Kuraginskiy rayon""},{""gid_2"":""RUS.35.35_1"",""migration_date"":""2025-12-20"",""migration_method"":""puzzle1_2"",""name_2"":""Manskiy rayon""},{""gid_2"":""RUS.35.36_1"",""migration_date"":""2025-12-20"",""migration_method"":""puzzle1_2"",""name_2"":""Minusinsk""},{""gid_2"":""RUS.35.37_1"",""migration_date"":""2025-12-20"",""migration_method"":""puzzle1_2"",""name_2"":""Minusinskiy rayon""},{""gid_2"":""RUS.35.38_1"",""migration_date"":""2025-12-20"",""migration_method"":""puzzle1_2"",""name_2"":""Motyginskiy rayon""},{""gid_2"":""RUS.35.39_1"",""migration_date"":""2025-12-20"",""migration_method"":""puzzle1_2"",""name_2"":""Nazarovskiy rayon""},{""gid_2"":""RUS.35.3_1"",""migration_date"":""2025-12-20"",""migration_method"":""puzzle1_2"",""name_2"":""Balakhtinskiy rayon""},{""gid_2"":""RUS.35.40_1"",""migration_date"":""2025-12-20"",""migration_method"":""puzzle1_2"",""name_2"":""Nizhneingashskiy rayon""},{""gid_2"":""RUS.35.41_1"",""migration_date"":""2025-12-20"",""migration_method"":""puzzle1_2"",""name_2"":""Novoselovskiy rayon""},{""gid_2"":""RUS.35.42_1"",""migration_date"":""2025-12-20"",""migration_method"":""puzzle1_2"",""name_2"":""Partizanskiy rayon""},{""gid_2"":""RUS.35.43_1"",""migration_date"":""2025-12-20"",""migration_method"":""puzzle1_2"",""name_2"":""Pirovskiy rayon""},{""gid_2"":""RUS.35.44_1"",""migration_date"":""2025-12-20"",""migration_method"":""puzzle1_2"",""name_2"":""Rybinskiy rayon""},{""gid_2"":""RUS.35.45_1"",""migration_date"":""2025-12-20"",""migration_method"":""puzzle1_2"",""name_2"":""Sayanskiy rayon""},{""gid_2"":""RUS.35.46_1"",""migration_date"":""2025-12-20"",""migration_method"":""puzzle1_2"",""name_2"":""Severo-Eniseyskiy rayon""},{""gid_2"":""RUS.35.47_1"",""migration_date"":""2025-12-20"",""migration_method"":""puzzle1_2"",""name_2"":""Sharypovskiy rayon""},{""gid_2"":""RUS.35.48_1"",""migration_date"":""2025-12-20"",""migration_method"":""puzzle1_2"",""name_2"":""Shushenskiy rayon""},{""gid_2"":""RUS.35.49_1"",""migration_date"":""2025-12-20"",""migration_method"":""puzzle1_2"",""name_2"":""Sosnovoborsk""},{""gid_2"":""RUS.35.50_1"",""migration_date"":""2025-12-20"",""migration_method"":""puzzle1_2"",""name_2"":""Sukhobuzimskiy rayon""},{""gid_2"":""RUS.35.51_1"",""migration_date"":""2025-12-20"",""migration_method"":""puzzle1_2"",""name_2"":""Taseevskiy rayon""},{""gid_2"":""RUS.35.53_1"",""migration_date"":""2025-12-20"",""migration_method"":""puzzle1_2"",""name_2"":""Turukhanskiy rayon""},{""gid_2"":""RUS.35.54_1"",""migration_date"":""2025-12-20"",""migration_method"":""puzzle1_2"",""name_2"":""Tyukhtetskiy rayon""},{""gid_2"":""RUS.35.56_1"",""migration_date"":""2025-12-20"",""migration_method"":""puzzle1_2"",""name_2"":""Uyarskiy rayon""},{""gid_2"":""RUS.35.57_1"",""migration_date"":""2025-12-20"",""migration_method"":""puzzle1_2"",""name_2"":""Uzhurskiy rayon""},{""gid_2"":""RUS.35.58_1"",""migration_date"":""2025-12-20"",""migration_method"":""puzzle1_2"",""name_2"":""Zaozyorny""},{""gid_2"":""RUS.35.5_1"",""migration_date"":""2025-12-20"",""migration_method"":""puzzle1_2"",""name_2"":""Berezovskiy rayon""},{""gid_2"":""RUS.35.6_1"",""migration_date"":""2025-12-20"",""migration_method"":""puzzle1_2"",""name_2"":""Birilyusskiy rayon""},{""gid_2"":""RUS.35.7_1"",""migration_date"":""2025-12-20"",""migration_method"":""puzzle1_2"",""name_2"":""Bogotol""},{""gid_2"":""RUS.35.8_1"",""migration_date"":""2025-12-20"",""migration_method"":""puzzle1_2"",""name_2"":""Bogotol'skiy rayon""},{""gid_2"":""RUS.35.9_1"",""migration_date"":""2025-12-20"",""migration_method"":""puzzle1_2"",""name_2"":""Boguchanskiy rayon""}]",2004-06-14,2025-12-20
2005-0367-FRA,No,nat-cli-wil-for,Natural,Climatological,Wildfire,Forest fire,,,FRA,France,Western Europe,Europe,"Gardanne, Aix en Provence, Meyreuil, Lançon-de-Provence, Val-de-Cibourg (Bouches du Rhone), Calvi, Calenzana, Haut Nebbio, Pieve, Vallecalle, Murato, Montemaggiore, Montegrosso, Zilia, Avapessa et Aregno (Haute Corse), Saint-Zacharie, Draguignan, Saint-Tropez, Vidauban, Muy (Var) , Meze (Herault)",,,No,No,No,,35.5,Km2,,,,2005,6,20,2005,8,26,2,,,,,,,,,10000,16485,60.66033175,"[{""adm2_code"":16271,""adm2_name"":""Haute-Corse""},{""adm2_code"":16287,""adm2_name"":""Herault""},{""adm2_code"":16322,""adm2_name"":""Bouches-du-Rhone""},{""adm2_code"":16324,""adm2_name"":""Var""}]","[{""gid_2"":""FRA.11.8_1"",""migration_date"":""2025-12-20"",""migration_method"":""jaccard2"",""name_2"":""Hérault""},{""gid_2"":""FRA.13.3_1"",""migration_date"":""2025-12-20"",""migration_method"":""jaccard2"",""name_2"":""Bouches-du-Rhône""},{""gid_2"":""FRA.13.5_1"",""migration_date"":""2025-12-20"",""migration_method"":""jaccard2"",""name_2"":""Var""},{""gid_2"":""FRA.5.2_1"",""migration_date"":""2025-12-20"",""migration_method"":""jaccard2"",""name_2"":""Haute-Corse""}]",2007-02-21,2025-12-20
2005-0380-ESP,No,nat-cli-wil-for,Natural,Climatological,Wildfire,Forest fire,GLIDE:WF-2005-000116,,ESP,Spain,Southern Europe,Europe,Guadalajara district (Castilla-La Mancha province),Barbecue and high winds,,No,No,No,,,Km2,,,,2005,7,18,2005,7,18,11,1,,,1,,,,,2050000,3379474,60.66033175,"[{""adm2_code"":25804,""adm2_name"":""Guadalajara""}]","[{""gid_2"":""ESP.4.4_1"",""migration_date"":""2025-12-20"",""migration_method"":""jaccard2"",""name_2"":""Guadalajara""}]",2005-07-19,2025-12-20
2005-0430-IDN,No,nat-cli-wil-for,Natural,Climatological,Wildfire,Forest fire,,,IDN,Indonesia,South-eastern Asia,Asia,"Sintang, Sanggau, Ketapang districts (Kalimatan Barat province), Kotawaringin Timur, Katingan, Seruyan, Kapuas (Kalimantan Tengah province), Kota Baru, Tapin, Hulusungai Selatan, Banjar, Tanahlaut (Kalimantan Selatan province) (Sumatra Isl.)",,,No,No,No,,,Km2,,,,2005,8,9,2005,8,9,,,,,,,,,,,,60.66033175,"[{""adm2_code"":18102,""adm2_name"":""Ketapang""},{""adm2_code"":73839,""adm2_name"":""Sanggau""},{""adm2_code"":73851,""adm2_name"":""Sintang""},{""adm2_code"":18108,""adm2_name"":""Banjar""},{""adm2_code"":18110,""adm2_name"":""Hulusungai Selatan""},{""adm2_code"":18114,""adm2_name"":""Kota Baru""},{""adm2_code"":18116,""adm2_name"":""Tanahlaut""},{""adm2_code"":18117,""adm2_name"":""Tapin""},{""adm2_code"":73689,""adm2_name"":""Kapuas""},{""adm2_code"":73691,""adm2_name"":""Katingan""},{""adm2_code"":73763,""adm2_name"":""Kotawaringin Timur""},{""adm2_code"":73848,""adm2_name"":""Seruyan""}]","[{""gid_2"":""IDN.12.11_1"",""migration_date"":""2025-12-20"",""migration_method"":""jaccard2"",""name_2"":""Sanggau""},{""gid_2"":""IDN.12.14_1"",""migration_date"":""2025-12-20"",""migration_method"":""jaccard2"",""name_2"":""Sintang""},{""gid_2"":""IDN.12.3_1"",""migration_date"":""2025-12-20"",""migration_method"":""puzzle2_2"",""name_2"":""Kayong Utara""},{""gid_2"":""IDN.12.4_1"",""migration_date"":""2025-12-20"",""migration_method"":""puzzle2_2"",""name_2"":""Ketapang""},{""gid_2"":""IDN.13.12_1"",""migration_date"":""2025-12-20"",""migration_method"":""jaccard2"",""name_2"":""Tanah Laut""},{""gid_2"":""IDN.13.13_1"",""migration_date"":""2025-12-20"",""migration_method"":""jaccard2"",""name_2"":""Tapin""},{""gid_2"":""IDN.13.3_1"",""migration_date"":""2025-12-20"",""migration_method"":""jaccard2"",""name_2"":""Banjar""},{""gid_2"":""IDN.13.6_1"",""migration_date"":""2025-12-20"",""migration_method"":""jaccard2"",""name_2"":""Hulu Sungai Selatan""},{""gid_2"":""IDN.13.9_1"",""migration_date"":""2025-12-20"",""migration_method"":""jaccard2"",""name_2"":""Kota Baru""},{""gid_2"":""IDN.14.13_1"",""migration_date"":""2025-12-20"",""migration_method"":""jaccard2"",""name_2"":""Seruyan""},{""gid_2"":""IDN.14.5_1"",""migration_date"":""2025-12-20"",""migration_method"":""bufhaus2"",""name_2"":""Kapuas""},{""gid_2"":""IDN.14.6_1"",""migration_date"":""2025-12-20"",""migration_method"":""jaccard2"",""name_2"":""Katingan""},{""gid_2"":""IDN.14.8_1"",""migration_date"":""2025-12-20"",""migration_method"":""jaccard2"",""name_2"":""Kotawaringin Timur""}]",2005-09-12,2025-12-20
2005-0739-DOM,No,nat-cli-wil-for,Natural,Climatological,Wildfire,Forest fire,,,DOM,Dominican Republic,Latin America and the Caribbean,Americas,"Bohechio, San Juan de la Maguana districts (San Juan province), San José de Las Matas district (Santiago province), San Ignacio de Sabaneta district (Santiago Rodriguez province)",Drought,,Yes,No,No,,1000,Km2,,,,2005,3,11,2005,3,11,,,,,,,,,,,,60.66033175,"[{""adm2_code"":36985,""adm2_name"":""Bohech¡o""},{""adm2_code"":36989,""adm2_name"":""San Juan de la Maguana""},{""adm2_code"":37010,""adm2_name"":""San Jos de Las Matas""},{""adm2_code"":37002,""adm2_name"":""San Ignacio de Sabaneta""}]","[{""gid_2"":""DOM.26.1_1"",""migration_date"":""2025-12-20"",""migration_method"":""jaccard2"",""name_2"":""Bohechio""},{""gid_2"":""DOM.26.5_1"",""migration_date"":""2025-12-20"",""migration_method"":""jaccard2"",""name_2"":""San Juan de la Maguana""},{""gid_2"":""DOM.29.1_1"",""migration_date"":""2025-12-20"",""migration_method"":""puzzle2_2"",""name_2"":""Los Almácigos""},{""gid_2"":""DOM.29.3_1"",""migration_date"":""2025-12-20"",""migration_method"":""puzzle2_2"",""name_2"":""San Ignacio de Sabaneta""},{""gid_2"":""DOM.30.5_1"",""migration_date"":""2025-12-20"",""migration_method"":""jaccard2"",""name_2"":""San José de Las Matas""}]",2006-01-19,2025-12-20
2006-0057-AUS,No,nat-cli-wil-for,Natural,Climatological,Wildfire,Forest fire,,,AUS,Australia,Australia and New Zealand,Oceania,"Victoria, New South Wales, Tasmania provinces",,,No,No,No,,,Km2,,,,2006,1,,2006,4,,3,,,81,81,,,,,50000,79850,62.61719478,"[{""adm1_code"":470,""adm1_name"":""New South Wales""},{""adm1_code"":475,""adm1_name"":""Tasmania""},{""adm1_code"":476,""adm1_name"":""Victoria""}]","[{""gid_1"":""AUS.10_1"",""migration_date"":""2025-12-20"",""migration_method"":""jaccard1"",""name_1"":""Victoria""},{""gid_1"":""AUS.5_1"",""migration_date"":""2025-12-20"",""migration_method"":""jaccard1"",""name_1"":""New South Wales""},{""gid_1"":""AUS.9_1"",""migration_date"":""2025-12-20"",""migration_method"":""jaccard1"",""name_1"":""Tasmania""}]",2007-01-03,2025-12-20
2006-0728-PAN,No,nat-cli-wil-wil,Natural,Climatological,Wildfire,Wildfire (General),,,PAN,Panama,Latin America and the Caribbean,Americas,"Miria Ubgidandu island (Kuna Yala district, Kuna Yala province), Kuna de Madungandí district (Panama province), Kuna de Wargandí district (Darien province)",,,No,No,No,,,Km2,,,,2006,12,20,2006,,,,,1436,,1436,,,,,,,62.61719478,"[{""adm2_code"":23723,""adm2_name"":""Kuna Yala""},{""adm2_code"":93696,""adm2_name"":""Kuna de Madungandí""},{""adm2_code"":93697,""adm2_name"":""Kuna de Wargandí""}]","[{""gid_2"":""PAN.12.2_1"",""migration_date"":""2025-12-20"",""migration_method"":""bufhaus2"",""name_2"":""Chepo""},{""gid_2"":""PAN.5.2_1"",""migration_date"":""2025-12-20"",""migration_method"":""bufhaus2"",""name_2"":""Pinogana""},{""gid_2"":""PAN.8.1_1"",""migration_date"":""2025-12-20"",""migration_method"":""jaccard2"",""name_2"":""Kuna Yala""}]",2007-11-05,2025-12-20
2007-0337-ZAF,No,nat-cli-wil-for,Natural,Climatological,Wildfire,Forest fire,GLIDE:WF-2007-000121,,ZAF,South Africa,Sub-Saharan Africa,Africa,"KwaZulu-Natal, Mpumalanga, Free State, Eastern Cape, Limpopo, Gauteng provinces",Drought situation,,No,No,No,,,Km2,,,,2007,7,27,2007,7,30,26,,,1600,1600,,,,,,,64.40346368,"[{""adm1_code"":2707,""adm1_name"":""Free State""},{""adm1_code"":2708,""adm1_name"":""Gauteng""},{""adm1_code"":77310,""adm1_name"":""Eastern Cape""},{""adm1_code"":77311,""adm1_name"":""KwaZulu-Natal""},{""adm1_code"":77312,""adm1_name"":""Limpopo""},{""adm1_code"":77313,""adm1_name"":""Mpumalanga""}]","[{""gid_1"":""ZAF.1_1"",""migration_date"":""2025-12-20"",""migration_method"":""jaccard1"",""name_1"":""Eastern Cape""},{""gid_1"":""ZAF.2_1"",""migration_date"":""2025-12-20"",""migration_method"":""jaccard1"",""name_1"":""Free State""},{""gid_1"":""ZAF.3_1"",""migration_date"":""2025-12-20"",""migration_method"":""jaccard1"",""name_1"":""Gauteng""},{""gid_1"":""ZAF.4_1"",""migration_date"":""2025-12-20"",""migration_method"":""jaccard1"",""name_1"":""KwaZulu-Natal""},{""gid_1"":""ZAF.5_1"",""migration_date"":""2025-12-20"",""migration_method"":""jaccard1"",""name_1"":""Limpopo""},{""gid_1"":""ZAF.6_1"",""migration_date"":""2025-12-20"",""migration_method"":""jaccard1"",""name_1"":""Mpumalanga""}]",2008-08-04,2025-12-20
2007-0351-USA,No,nat-cli-wil-for,Natural,Climatological,Wildfire,Forest fire,,,USA,United States of America,Northern America,Americas,"Alpine, Amador, Calaveras, El Dorado, Mono, Placer, Tuolumne districts (California province)",,,No,No,No,,,Km2,,,,2007,6,24,2007,7,2,,,,768,768,,,150000,232907,,,64.40346368,"[{""adm2_code"":28866,""adm2_name"":""Alpine""},{""adm2_code"":28867,""adm2_name"":""Amador""},{""adm2_code"":28869,""adm2_name"":""Calaveras""},{""adm2_code"":28873,""adm2_name"":""El Dorado""},{""adm2_code"":28890,""adm2_name"":""Mono""},{""adm2_code"":28895,""adm2_name"":""Placer""},{""adm2_code"":28919,""adm2_name"":""Tuolumne""}]","[{""gid_2"":""USA.5.26_1"",""migration_date"":""2025-12-20"",""migration_method"":""jaccard2"",""name_2"":""Mono""},{""gid_2"":""USA.5.2_1"",""migration_date"":""2025-12-20"",""migration_method"":""jaccard2"",""name_2"":""Alpine""},{""gid_2"":""USA.5.31_1"",""migration_date"":""2025-12-20"",""migration_method"":""jaccard2"",""name_2"":""Placer""},{""gid_2"":""USA.5.3_1"",""migration_date"":""2025-12-20"",""migration_method"":""jaccard2"",""name_2"":""Amador""},{""gid_2"":""USA.5.55_1"",""migration_date"":""2025-12-20"",""migration_method"":""jaccard2"",""name_2"":""Tuolumne""},{""gid_2"":""USA.5.5_1"",""migration_date"":""2025-12-20"",""migration_method"":""jaccard2"",""name_2"":""Calaveras""},{""gid_2"":""USA.5.9_1"",""migration_date"":""2025-12-20"",""migration_method"":""jaccard2"",""name_2"":""El Dorado""}]",2008-10-21,2025-12-20
2009-0067-AUS,No,nat-cli-wil-lan,Natural,Climatological,Wildfire,"Land fire (Brush, Bush, Pasture)",GLIDE:WF-2009-000035,,AUS,Australia,Australia and New Zealand,Oceania,"Marysville, Kinglake, Taggerty cities (Murrindindi (S) district, Victoria province), Strathewen, St Andrews cities (Nillumbik (S) district, Victoria province), , Whittlesea city (Whittlesea district, Victoria province), Wandong city (Mitchell (S) district, Victoria province)",,Heat wave,No,No,No,,3100,Km2,,,,2009,2,2,2009,2,14,180,500,9454,,9954,,,770000,1155493,1300000,1950833,66.63820107,"[{""adm2_code"":5399,""adm2_name"":""Mitchell (S)""},{""adm2_code"":5409,""adm2_name"":""Nillumbik (S)""},{""adm2_code"":5427,""adm2_name"":""Whittlesea (C)""},{""adm2_code"":154648,""adm2_name"":""Murrindindi (S)""}]","[{""gid_2"":""AUS.10.47_1"",""migration_date"":""2025-12-20"",""migration_method"":""jaccard2"",""name_2"":""Mitchell""},{""gid_2"":""AUS.10.56_1"",""migration_date"":""2025-12-20"",""migration_method"":""jaccard2"",""name_2"":""Murrindindi""},{""gid_2"":""AUS.10.57_1"",""migration_date"":""2025-12-20"",""migration_method"":""jaccard2"",""name_2"":""Nillumbik""},{""gid_2"":""AUS.10.75_1"",""migration_date"":""2025-12-20"",""migration_method"":""jaccard2"",""name_2"":""Whittlesea""}]",2010-03-07,2025-12-20
2009-0271-ESP,No,nat-cli-wil-for,Natural,Climatological,Wildfire,Forest fire,,,ESP,Spain,Southern Europe,Europe,"Teruel district (Aragon province), Almeria district (Andalucia province), Horta de Sant Joan commune (Tarragona district, Cataluna/Catalunya province), Trevino area (Burgos district, Castilla y Leon province), Cuenca district (Castilla-La Mancha province)",,Heat wave|Storm,No,No,No,,170,Km2,,,,2009,7,20,2009,7,24,6,,,,,,,,,,,66.63820107,"[{""adm2_code"":25776,""adm2_name"":""Almería""},{""adm2_code"":25785,""adm2_name"":""Teruel""},{""adm2_code"":25793,""adm2_name"":""Burgos""},{""adm2_code"":25803,""adm2_name"":""Cuenca""},{""adm2_code"":25809,""adm2_name"":""Tarragona""}]","[{""gid_2"":""ESP.1.1_1"",""migration_date"":""2025-12-20"",""migration_method"":""jaccard2"",""name_2"":""Almería""},{""gid_2"":""ESP.2.2_1"",""migration_date"":""2025-12-20"",""migration_method"":""jaccard2"",""name_2"":""Teruel""},{""gid_2"":""ESP.4.3_1"",""migration_date"":""2025-12-20"",""migration_method"":""jaccard2"",""name_2"":""Cuenca""},{""gid_2"":""ESP.5.2_1"",""migration_date"":""2025-12-20"",""migration_method"":""jaccard2"",""name_2"":""Burgos""},{""gid_2"":""ESP.6.4_1"",""migration_date"":""2025-12-20"",""migration_method"":""jaccard2"",""name_2"":""Tarragona""}]",2010-03-07,2025-12-20
2009-0271-FRA,No,nat-cli-wil-for,Natural,Climatological,Wildfire,Forest fire,,,FRA,France,Western Europe,Europe,"Corse province, Marseille city (Bouches-du-Rhone district, Provence-Alpes-Cote-d'Azur province)",,,No,No,No,,,Km2,,,,2009,7,,2009,7,,,,,,,,,,,,,66.63820107,"[{""adm1_code"":1256,""adm1_name"":""Corse""},{""adm2_code"":16322,""adm2_name"":""Bouches-du-Rhone""}]","[{""gid_1"":""FRA.5_1"",""migration_date"":""2025-12-20"",""migration_method"":""jaccard1"",""name_1"":""Corse""},{""gid_2"":""FRA.13.3_1"",""migration_date"":""2025-12-20"",""migration_method"":""jaccard2"",""name_2"":""Bouches-du-Rhône""}]",2009-08-06,2025-12-20
2009-0271-GRC,No,nat-cli-wil-for,Natural,Climatological,Wildfire,Forest fire,,,GRC,Greece,Southern Europe,Europe,"Zakynthou district (Ionioi Nisoi province), Peloponnisos province, Evvoias district (Sterea Ellada province)",,,No,No,No,,,Km2,,,,2009,7,,2009,7,,,,,,,,,,,,,66.63820107,"[{""adm1_code"":1345,""adm1_name"":""Peloponnisos""},{""adm2_code"":16691,""adm2_name"":""Zakynthou""},{""adm2_code"":16716,""adm2_name"":""Evvoias""}]","[{""gid_2"":""GRC.7.1_1"",""migration_date"":""2025-12-20"",""migration_method"":""bufhaus2"",""name_2"":""Ionian Islands""},{""gid_2"":""GRC.7.2_1"",""migration_date"":""2025-12-20"",""migration_method"":""puzzle1_2"",""name_2"":""Peloponnese""},{""gid_2"":""GRC.8.1_1"",""migration_date"":""2025-12-20"",""migration_method"":""bufhaus2"",""name_2"":""Central Greece""}]",2009-08-06,2025-12-20
2009-0345-GRC,No,nat-cli-wil-for,Natural,Climatological,Wildfire,Forest fire,GLIDE:WF-2009-000162,,GRC,Greece,Southern Europe,Europe,"Marathonas area (Attikis district, Attiki province)",,,No,No,No,,,Km2,,,,2009,8,21,2009,8,25,,,715,325,1040,,,,,,,66.63820107,"[{""adm2_code"":16680,""adm2_name"":""Attikis""}]","[{""gid_2"":""GRC.3.1_1"",""migration_date"":""2025-12-20"",""migration_method"":""jaccard2"",""name_2"":""Attica""}]",2010-02-17,2025-12-20
2009-0349-USA,No,nat-cli-wil-lan,Natural,Climatological,Wildfire,"Land fire (Brush, Bush, Pasture)",,,USA,United States of America,Northern America,Americas,"Los Angeles, Monterey districts (California province)",,,No,No,Yes,,,Km2,,,,2009,7,7,2009,10,27,2,,,192,192,,,,,,,66.63820107,"[{""adm2_code"":28883,""adm2_name"":""Los Angeles""},{""adm2_code"":28891,""adm2_name"":""Monterey""}]","[{""gid_2"":""USA.5.19_1"",""migration_date"":""2025-12-20"",""migration_method"":""jaccard2"",""name_2"":""Los Angeles""},{""gid_2"":""USA.5.27_1"",""migration_date"":""2025-12-20"",""migration_method"":""jaccard2"",""name_2"":""Monterey""}]",2010-01-12,2025-12-20
2010-0289-COL,No,nat-cli-wil-wil,Natural,Climatological,Wildfire,Wildfire (General),,,COL,Colombia,Latin America and the Caribbean,Americas,"Antioquia, Arauca, Bolivar, Boyaca, Caldas, Caqueta, Casanare, Cauca, Cesar, Cordoba, Cundinamarca, Guainia, Guajira, Guaviare, Huila, Magdalena, Meta, Narino, Norte De Santander, Putumayo, Quindio, Risaralda, Santander, Sucre, Tolima, Valle Del Cauca, Vichada provinces",Dry conditions,,Yes,No,No,,,Km2,,,,2010,1,,2010,4,6,31,,200,,200,,,,,,,67.73109453,"[{""adm1_code"":935,""adm1_name"":""Antioquia""},{""adm1_code"":936,""adm1_name"":""Arauca""},{""adm1_code"":938,""adm1_name"":""Bolivar""},{""adm1_code"":939,""adm1_name"":""Boyaca""},{""adm1_code"":941,""adm1_name"":""Caldas""},{""adm1_code"":942,""adm1_name"":""Caqueta""},{""adm1_code"":943,""adm1_name"":""Casanare""},{""adm1_code"":944,""adm1_name"":""Cauca""},{""adm1_code"":945,""adm1_name"":""Cesar""},{""adm1_code"":947,""adm1_name"":""Cordoba""},{""adm1_code"":948,""adm1_name"":""Cundinamarca""},{""adm1_code"":949,""adm1_name"":""Guainia""},{""adm1_code"":950,""adm1_name"":""Guajira""},{""adm1_code"":951,""adm1_name"":""Guaviare""},{""adm1_code"":952,""adm1_name"":""Huila""},{""adm1_code"":953,""adm1_name"":""Magdalena""},{""adm1_code"":954,""adm1_name"":""Meta""},{""adm1_code"":955,""adm1_name"":""Narino""},{""adm1_code"":956,""adm1_name"":""Norte De Santander""},{""adm1_code"":957,""adm1_name"":""Putumayo""},{""adm1_code"":958,""adm1_name"":""Quindio""},{""adm1_code"":959,""adm1_name"":""Risaralda""},{""adm1_code"":961,""adm1_name"":""Santander""},{""adm1_code"":962,""adm1_name"":""Sucre""},{""adm1_code"":963,""adm1_name"":""Tolima""},{""adm1_code"":964,""adm1_name"":""Valle Del Cauca""},{""adm1_code"":966,""adm1_name"":""Vichada""}]","[{""gid_1"":""COL.10_2"",""migration_date"":""2025-12-20"",""migration_method"":""jaccard1"",""name_1"":""Casanare""},{""gid_1"":""COL.11_2"",""migration_date"":""2025-12-20"",""migration_method"":""jaccard1"",""name_1"":""Cauca""},{""gid_1"":""COL.12_2"",""migration_date"":""2025-12-20"",""migration_method"":""jaccard1"",""name_1"":""Cesar""},{""gid_1"":""COL.14_2"",""migration_date"":""2025-12-20"",""migration_method"":""jaccard1"",""name_1"":""Córdoba""},{""gid_1"":""COL.15_2"",""migration_date"":""2025-12-20"",""migration_method"":""puzzle1_1"",""name_1"":""Cundinamarca""},{""gid_1"":""COL.16_2"",""migration_date"":""2025-12-20"",""migration_method"":""jaccard1"",""name_1"":""Guainía""},{""gid_1"":""COL.17_2"",""migration_date"":""2025-12-20"",""migration_method"":""jaccard1"",""name_1"":""Guaviare""},{""gid_1"":""COL.18_2"",""migration_date"":""2025-12-20"",""migration_method"":""jaccard1"",""name_1"":""Huila""},{""gid_1"":""COL.19_2"",""migration_date"":""2025-12-20"",""migration_method"":""jaccard1"",""name_1"":""La Guajira""},{""gid_1"":""COL.20_2"",""migration_date"":""2025-12-20"",""migration_method"":""jaccard1"",""name_1"":""Magdalena""},{""gid_1"":""COL.21_2"",""migration_date"":""2025-12-20"",""migration_method"":""jaccard1"",""name_1"":""Meta""},{""gid_1"":""COL.22_2"",""migration_date"":""2025-12-20"",""migration_method"":""jaccard1"",""name_1"":""Nariño""},{""gid_1"":""COL.23_2"",""migration_date"":""2025-12-20"",""migration_method"":""jaccard1"",""name_1"":""Norte de Santander""},{""gid_1"":""COL.24_2"",""migration_date"":""2025-12-20"",""migration_method"":""jaccard1"",""name_1"":""Putumayo""},{""gid_1"":""COL.25_2"",""migration_date"":""2025-12-20"",""migration_method"":""jaccard1"",""name_1"":""Quindío""},{""gid_1"":""COL.26_2"",""migration_date"":""2025-12-20"",""migration_method"":""bufhaus1"",""name_1"":""Risaralda""},{""gid_1"":""COL.28_2"",""migration_date"":""2025-12-20"",""migration_method"":""jaccard1"",""name_1"":""Santander""},{""gid_1"":""COL.29_2"",""migration_date"":""2025-12-20"",""migration_method"":""jaccard1"",""name_1"":""Sucre""},{""gid_1"":""COL.2_2"",""migration_date"":""2025-12-20"",""migration_method"":""jaccard1"",""name_1"":""Antioquia""},{""gid_1"":""COL.30_2"",""migration_date"":""2025-12-20"",""migration_method"":""jaccard1"",""name_1"":""Tolima""},{""gid_1"":""COL.31_2"",""migration_date"":""2025-12-20"",""migration_method"":""jaccard1"",""name_1"":""Valle del Cauca""},{""gid_1"":""COL.33_2"",""migration_date"":""2025-12-20"",""migration_method"":""jaccard1"",""name_1"":""Vichada""},{""gid_1"":""COL.3_2"",""migration_date"":""2025-12-20"",""migration_method"":""jaccard1"",""name_1"":""Arauca""},{""gid_1"":""COL.5_2"",""migration_date"":""2025-12-20"",""migration_method"":""puzzle1_1"",""name_1"":""Bogotá D.C.""},{""gid_1"":""COL.6_2"",""migration_date"":""2025-12-20"",""migration_method"":""jaccard1"",""name_1"":""Bolívar""},{""gid_1"":""COL.7_2"",""migration_date"":""2025-12-20"",""migration_method"":""jaccard1"",""name_1"":""Boyacá""},{""gid_1"":""COL.8_2"",""migration_date"":""2025-12-20"",""migration_method"":""jaccard1"",""name_1"":""Caldas""},{""gid_1"":""COL.9_2"",""migration_date"":""2025-12-20"",""migration_method"":""jaccard1"",""name_1"":""Caquetá""}]",2014-07-28,2025-12-20
2010-0414-COD,No,nat-cli-wil-lan,Natural,Climatological,Wildfire,"Land fire (Brush, Bush, Pasture)",,,COD,Democratic Republic of the Congo,Sub-Saharan Africa,Africa,"Kongolo city (Tanganyka district, Katanga province)",,,No,No,No,,,Km2,,,,2010,8,6,2010,8,20,8,,,2770,2770,,,,,,,67.73109453,"[{""adm2_code"":14986,""adm2_name"":""Tanganyka""}]","[{""gid_2"":""COD.24.10_1"",""migration_date"":""2025-12-20"",""migration_method"":""puzzle2_2"",""name_2"":""Nyunzu""},{""gid_2"":""COD.24.1_1"",""migration_date"":""2025-12-20"",""migration_method"":""puzzle2_2"",""name_2"":""Kabalo""},{""gid_2"":""COD.24.2_1"",""migration_date"":""2025-12-20"",""migration_method"":""puzzle2_2"",""name_2"":""Kalemie""},{""gid_2"":""COD.24.3_1"",""migration_date"":""2025-12-20"",""migration_method"":""puzzle2_2"",""name_2"":""Kalemie (ville)""},{""gid_2"":""COD.24.4_1"",""migration_date"":""2025-12-20"",""migration_method"":""puzzle2_2"",""name_2"":""Kaoze""},{""gid_2"":""COD.24.5_1"",""migration_date"":""2025-12-20"",""migration_method"":""puzzle2_2"",""name_2"":""Kongolo""},{""gid_2"":""COD.24.6_1"",""migration_date"":""2025-12-20"",""migration_method"":""puzzle2_2"",""name_2"":""Kongolo (ville)""},{""gid_2"":""COD.24.7_1"",""migration_date"":""2025-12-20"",""migration_method"":""puzzle2_2"",""name_2"":""Manono""},{""gid_2"":""COD.24.8_1"",""migration_date"":""2025-12-20"",""migration_method"":""puzzle2_2"",""name_2"":""Manono (ville)""},{""gid_2"":""COD.24.9_1"",""migration_date"":""2025-12-20"",""migration_method"":""puzzle2_2"",""name_2"":""Moba""}]",2010-08-23,2025-12-20
2011-0161-MEX,No,nat-cli-wil-lan,Natural,Climatological,Wildfire,"Land fire (Brush, Bush, Pasture)",,,MEX,Mexico,Latin America and the Caribbean,Americas,"Acuna, Muzquiz, Ocampo, Arteaga districts (Coahuila province)",Lightning,Heat wave,Yes,No,Yes,,,Km2,,,,2011,3,,2011,5,,,,,,,,,,,,,69.86926351,"[{""adm2_code"":19775,""adm2_name"":""Acuna""},{""adm2_code"":19777,""adm2_name"":""Arteaga""},{""adm2_code"":19793,""adm2_name"":""Muzquiz""},{""adm2_code"":19796,""adm2_name"":""Ocampo""}]","[{""gid_2"":""MEX.7.20_2"",""migration_date"":""2025-12-20"",""migration_method"":""bufhaus2"",""name_2"":""Múzquiz""},{""gid_2"":""MEX.7.23_2"",""migration_date"":""2025-12-20"",""migration_method"":""jaccard2"",""name_2"":""Ocampo""},{""gid_2"":""MEX.7.2_2"",""migration_date"":""2025-12-20"",""migration_method"":""jaccard2"",""name_2"":""Acuña""},{""gid_2"":""MEX.7.4_2"",""migration_date"":""2025-12-20"",""migration_method"":""bufhaus2"",""name_2"":""Arteaga""}]",2014-07-28,2025-12-20
2012-0608-ECU,No,nat-cli-wil-for,Natural,Climatological,Wildfire,Forest fire,GLIDE:FR-2012-000167,,ECU,Ecuador,Latin America and the Caribbean,Americas,"Azuay, El Oro, Imbabura, Loja provinces",,,Yes,Yes,No,,,Km2,,,,2012,5,1,2012,9,25,5,70,1875,,1945,,,,,,,71.31508773,"[{""adm1_code"":1135,""adm1_name"":""Azuay""},{""adm1_code"":1141,""adm1_name"":""El Oro""},{""adm1_code"":1145,""adm1_name"":""Imbabura""},{""adm1_code"":1146,""adm1_name"":""Loja""}]","[{""gid_1"":""ECU.11_1"",""migration_date"":""2025-12-20"",""migration_method"":""jaccard1"",""name_1"":""Imbabura""},{""gid_1"":""ECU.12_1"",""migration_date"":""2025-12-20"",""migration_method"":""jaccard1"",""name_1"":""Loja""},{""gid_1"":""ECU.1_1"",""migration_date"":""2025-12-20"",""migration_method"":""jaccard1"",""name_1"":""Azuay""},{""gid_1"":""ECU.7_1"",""migration_date"":""2025-12-20"",""migration_method"":""jaccard1"",""name_1"":""El Oro""}]",2013-05-22,2025-12-20
2013-0210-USA,No,nat-cli-wil-for,Natural,Climatological,Wildfire,Forest fire,,,USA,United States of America,Northern America,Americas,"Black Forest area (El Paso district, Colorado province)",,,No,No,No,,,Km2,,,,2013,6,6,2013,6,20,2,,84,1533,1617,,,450000,621893,500000,690992,72.35973748,"[{""adm2_code"":28942,""adm2_name"":""El Paso""}]","[{""gid_2"":""USA.6.21_1"",""migration_date"":""2025-12-20"",""migration_method"":""jaccard2"",""name_2"":""El Paso""}]",2014-03-20,2025-12-20
2013-0331-PRT,No,nat-cli-wil-for,Natural,Climatological,Wildfire,Forest fire,,,PRT,Portugal,Southern Europe,Europe,"Aveiro, Viseu provinces (Caramulo)",,,No,No,No,,,Km2,,,,2013,1,,2013,8,,9,,,,,,,,,,,72.35973748,"[{""adm1_code"":2386,""adm1_name"":""Aveiro""},{""adm1_code"":2413,""adm1_name"":""Viseu""}]","[{""gid_1"":""PRT.1_1"",""migration_date"":""2025-12-20"",""migration_method"":""jaccard1"",""name_1"":""Aveiro""},{""gid_1"":""PRT.20_1"",""migration_date"":""2025-12-20"",""migration_method"":""jaccard1"",""name_1"":""Viseu""}]",2013-09-06,2025-12-20
2013-0404-USA,No,nat-cli-wil-wil,Natural,Climatological,Wildfire,Wildfire (General),,,USA,United States of America,Northern America,Americas,Shasta district (California province),,,No,No,No,,,Km2,,,,2013,9,9,2013,9,15,1,6,15,204,225,,,,,10000,13820,72.35973748,"[{""adm2_code"":28909,""adm2_name"":""Shasta""}]","[{""gid_2"":""USA.5.45_1"",""migration_date"":""2025-12-20"",""migration_method"":""jaccard2"",""name_2"":""Shasta""}]",2013-10-28,2025-12-20
2014-0004-AUS,No,nat-cli-wil-lan,Natural,Climatological,Wildfire,"Land fire (Brush, Bush, Pasture)",,,AUS,Australia,Australia and New Zealand,Oceania,"Kalamunda (S), Mundaring (S) districts (Perth Hills region, Western Australia province)","Extreme heat, dry conditions and gusty winds",,No,No,No,,,Km2,,,,2014,1,13,2014,1,13,2,,,168,168,,,,,25000,33998,73.53357701,"[{""adm2_code"":5493,""adm2_name"":""Kalamunda (S)""},{""adm2_code"":5520,""adm2_name"":""Mundaring (S)""}]","[{""gid_2"":""AUS.11.60_1"",""migration_date"":""2025-12-20"",""migration_method"":""jaccard2"",""name_2"":""Kalamunda""},{""gid_2"":""AUS.11.87_1"",""migration_date"":""2025-12-20"",""migration_method"":""jaccard2"",""name_2"":""Mundaring""}]",2014-02-07,2025-12-20
2015-0092-CHL,No,nat-cli-wil-for,Natural,Climatological,Wildfire,Forest fire,GLIDE:WF-2015-000023,,CHL,Chile,Latin America and the Caribbean,Americas,Valparaiso province,High temperatures and wind,,No,No,No,,,Km2,,,,2015,3,13,2015,3,21,1,32,,,32,,,,,,,73.62080294,"[{""adm1_code"":149630,""adm1_name"":""Valparaiso""}]","[{""gid_1"":""CHL.16_1"",""migration_date"":""2025-12-20"",""migration_method"":""jaccard1"",""name_1"":""Valparaíso""}]",2015-03-16,2025-12-20
2015-0560-AUS,No,nat-cli-wil-for,Natural,Climatological,Wildfire,Forest fire,,,AUS,Australia,Australia and New Zealand,Oceania,"Wye River, Separation Creek cities (Colac-Otway (S) district, Victoria province)",,,No,No,No,,,Km2,,,,2015,12,19,2015,12,26,,,,348,348,,,,,100000,135831,73.62080294,"[{""adm2_code"":5368,""adm2_name"":""Colac-Otway (S)""}]","[{""gid_2"":""AUS.10.16_1"",""migration_date"":""2025-12-20"",""migration_method"":""jaccard2"",""name_2"":""Colac-Otway""}]",2016-01-05,2025-12-20
2015-0429-IDN,No,nat-cli-wil-for,Natural,Climatological,Wildfire,Forest fire,,,IDN,Indonesia,South-eastern Asia,Asia,"Jambi, Riau, Sumatera Selatan, Kalimantan Timur, Kalimantan Tengah, Kalimantan Selatan, Kalimantan Barat provinces",,,No,No,Yes,,,Km2,,,,2015,9,,2015,12,,19,,409664,,409664,,,,,1000000,1358312,73.62080294,"[{""adm1_code"":1518,""adm1_name"":""Jambi""},{""adm1_code"":1522,""adm1_name"":""Kalimantan Barat""},{""adm1_code"":1523,""adm1_name"":""Kalimantan Selatan""},{""adm1_code"":1524,""adm1_name"":""Kalimantan Tengah""},{""adm1_code"":1525,""adm1_name"":""Kalimantan Timur""},{""adm1_code"":73618,""adm1_name"":""Riau""},{""adm1_code"":73622,""adm1_name"":""Sumatera Selatan""}]","[{""gid_1"":""IDN.12_1"",""migration_date"":""2025-12-20"",""migration_method"":""jaccard1"",""name_1"":""Kalimantan Barat""},{""gid_1"":""IDN.13_1"",""migration_date"":""2025-12-20"",""migration_method"":""jaccard1"",""name_1"":""Kalimantan Selatan""},{""gid_1"":""IDN.14_1"",""migration_date"":""2025-12-20"",""migration_method"":""jaccard1"",""name_1"":""Kalimantan Tengah""},{""gid_1"":""IDN.24_1"",""migration_date"":""2025-12-20"",""migration_method"":""jaccard1"",""name_1"":""Riau""},{""gid_1"":""IDN.31_1"",""migration_date"":""2025-12-20"",""migration_method"":""jaccard1"",""name_1"":""Sumatera Selatan""},{""gid_1"":""IDN.34_1"",""migration_date"":""2025-12-20"",""migration_method"":""puzzle1_1"",""name_1"":""Kalimantan Timur""},{""gid_1"":""IDN.35_1"",""migration_date"":""2025-12-20"",""migration_method"":""puzzle1_1"",""name_1"":""Kalimantan Utara""},{""gid_1"":""IDN.8_1"",""migration_date"":""2025-12-20"",""migration_method"":""jaccard1"",""name_1"":""Jambi""}]",2015-09-29,2025-12-20
2015-0621-COL,No,nat-cli-wil-for,Natural,Climatological,Wildfire,Forest fire,,,COL,Colombia,Latin America and the Caribbean,Americas,"Nariño, Tolima, and Valle del Cauca departments","Drought, El Nino",,Yes,No,No,,,Km2,,,,2015,7,,2015,10,,11,,119000,,119000,,,,,,,73.62080294,"[{""adm1_code"":955,""adm1_name"":""Narino""},{""adm1_code"":963,""adm1_name"":""Tolima""},{""adm1_code"":964,""adm1_name"":""Valle Del Cauca""}]","[{""gid_1"":""COL.22_2"",""migration_date"":""2025-12-20"",""migration_method"":""jaccard1"",""name_1"":""Nariño""},{""gid_1"":""COL.30_2"",""migration_date"":""2025-12-20"",""migration_method"":""jaccard1"",""name_1"":""Tolima""},{""gid_1"":""COL.31_2"",""migration_date"":""2025-12-20"",""migration_method"":""jaccard1"",""name_1"":""Valle del Cauca""}]",2021-08-04,2025-12-20
2016-0172-CAN,No,nat-cli-wil-for,Natural,Climatological,Wildfire,Forest fire,GLIDE:WF-2016-000043,Fort McMurray wildfires,CAN,Canada,Northern America,Americas,"Fort McMurray city (Wood Buffalo area, Division No. 16 district, Alberta province)",,Explosion,Yes,No,No,,6000,Km2,,,,2016,5,1,2016,7,4,,,88000,,88000,,,2900000,3890027,4000000,5365555,74.54960299,"[{""adm2_code"":12535,""adm2_name"":""Division No. 16""}]","[{""gid_2"":""CAN.1.7_1"",""migration_date"":""2025-12-20"",""migration_method"":""jaccard2"",""name_2"":""Division No. 16""}]",2016-05-23,2025-12-20
2016-0187-IND,No,nat-cli-wil-for,Natural,Climatological,Wildfire,Forest fire,,,IND,India,Southern Asia,Asia,"Uttarakhand province (including Almora, Pauri Garhwal, Chamoli districts)",Combination of well above normal tempertaure and lack of rainfall,,No,No,No,,,Km2,,,,2016,2,1,2016,5,2,7,,,,,,,,,,,74.54960299,"[{""adm1_code"":70082,""adm1_name"":""Uttarakhand""}]","[{""gid_1"":""IND.35_1"",""migration_date"":""2025-12-20"",""migration_method"":""jaccard1"",""name_1"":""Uttarakhand""}]",2016-06-10,2025-12-20
2016-0187-NPL,No,nat-cli-wil-for,Natural,Climatological,Wildfire,Forest fire,,,NPL,Nepal,Southern Asia,Asia,"Dhanusha, Mahottari, Sindhuli (Janakpur), Rupandehi, Argakhanchi (Lumbini), Bardiya (Bheri) and Dang (Rapti), Kanchanpur, Dadeldhura, Darchula, Baitadi, Dadeldhura (Mahakali), Kailali, Doti, Bajhang, Achham, Bajura (Seti)",Combination of well above normal temperature and lack of rainfall,,No,No,No,,,Km2,,,,2016,2,1,2016,5,2,11,,,,,,,,,,,74.54960299,"[{""adm2_code"":22352,""adm2_name"":""Janakpur""},{""adm2_code"":22357,""adm2_name"":""Mahakali""},{""adm2_code"":22358,""adm2_name"":""Seti""},{""adm2_code"":22360,""adm2_name"":""Rapti""},{""adm2_code"":22361,""adm2_name"":""Bheri""},{""adm2_code"":22364,""adm2_name"":""Lumbini""}]","[{""gid_2"":""NPL.1.2_1"",""migration_date"":""2025-12-20"",""migration_method"":""jaccard2"",""name_2"":""Janakpur""},{""gid_2"":""NPL.3.1_1"",""migration_date"":""2025-12-20"",""migration_method"":""jaccard2"",""name_2"":""Mahakali""},{""gid_2"":""NPL.3.2_1"",""migration_date"":""2025-12-20"",""migration_method"":""jaccard2"",""name_2"":""Seti""},{""gid_2"":""NPL.4.1_1"",""migration_date"":""2025-12-20"",""migration_method"":""jaccard2"",""name_2"":""Bheri""},{""gid_2"":""NPL.4.3_1"",""migration_date"":""2025-12-20"",""migration_method"":""jaccard2"",""name_2"":""Rapti""},{""gid_2"":""NPL.5.3_1"",""migration_date"":""2025-12-20"",""migration_method"":""jaccard2"",""name_2"":""Lumbini""}]",2016-06-10,2025-12-20
2016-0297-USA,No,nat-cli-wil-for,Natural,Climatological,Wildfire,Forest fire,,Clayton Fire,USA,United States of America,Northern America,Americas,"Lower Lake, Clearlake (Lake district, California province)",,,No,No,No,,,Km2,,,,2016,8,13,2016,8,16,,,,567,567,,,,,100000,134139,74.54960299,"[{""adm2_code"":28881,""adm2_name"":""Lake""}]","[{""gid_2"":""USA.5.17_1"",""migration_date"":""2025-12-20"",""migration_method"":""jaccard2"",""name_2"":""Lake""}]",2016-08-16,2025-12-20
2017-0228-ESP,No,nat-cli-wil-for,Natural,Climatological,Wildfire,Forest fire,,,ESP,Spain,Southern Europe,Europe,"Near Moguer and Mazagon (Huelva province), Andalousia, Donana National park",,Heat wave,No,No,No,,,Km2,,,,2017,6,24,2017,6,28,,,1500,,1500,,,,,,,76.13760371,"[{""adm2_code"":25780,""adm2_name"":""Huelva""}]","[{""gid_2"":""ESP.1.5_1"",""migration_date"":""2025-12-20"",""migration_method"":""jaccard2"",""name_2"":""Huelva""}]",2017-06-29,2025-12-20
2017-0329-TUN,No,nat-cli-wil-for,Natural,Climatological,Wildfire,Forest fire,GLIDE:WF-2017-000106,,TUN,Tunisia,Northern Africa,Africa,"Jendouba Governorate (Ain Draham, Fernana), Bizerte (Sejnane and Ghezala)",,Heat wave,No,No,No,,,Km2,,,,2017,7,29,2017,8,7,,,2000,,2000,,,,,,,76.13760371,"[{""adm2_code"":39268,""adm2_name"":""Ghazala""},{""adm2_code"":39275,""adm2_name"":""Sejnane""},{""adm2_code"":39299,""adm2_name"":""Ain Draham""},{""adm2_code"":39302,""adm2_name"":""Fernana""}]","[{""gid_2"":""TUN.4.12_1"",""migration_date"":""2025-12-20"",""migration_method"":""jaccard2"",""name_2"":""Sejnane""},{""gid_2"":""TUN.4.5_1"",""migration_date"":""2025-12-20"",""migration_method"":""bufhaus2"",""name_2"":""Ghazala""},{""gid_2"":""TUN.7.1_1"",""migration_date"":""2025-12-20"",""migration_method"":""bufhaus2"",""name_2"":""Aïn Draham""},{""gid_2"":""TUN.7.4_1"",""migration_date"":""2025-12-20"",""migration_method"":""bufhaus2"",""name_2"":""Fernana""}]",2017-08-07,2025-12-20
2017-0417-ESP,No,nat-cli-wil-for,Natural,Climatological,Wildfire,Forest fire,,,ESP,Spain,Southern Europe,Europe,"Galicia (Nigrán, Carballeda de Avia, Vigo), Asturias",,,No,No,No,,,Km2,,,,2017,10,17,2017,10,17,4,,,,,,,,,,,76.13760371,"[{""adm1_code"":2718,""adm1_name"":""Principado de Asturias""},{""adm1_code"":2728,""adm1_name"":""Galicia""}]","[{""gid_1"":""ESP.12_1"",""migration_date"":""2025-12-20"",""migration_method"":""jaccard1"",""name_1"":""Galicia""},{""gid_1"":""ESP.17_1"",""migration_date"":""2025-12-20"",""migration_method"":""jaccard1"",""name_1"":""Principado de Asturias""}]",2017-11-06,2025-12-20
2017-0511-USA,No,nat-cli-wil-wil,Natural,Climatological,Wildfire,Wildfire (General),,'Thomas',USA,United States of America,Northern America,Americas,"Ventura, Santa Barbara, Los Angeles, San Diego, Riverside counties (California)","Droght, winds",,No,No,Yes,,1101.5,Km2,,,,2017,12,4,2017,12,31,2,2,,2961,2963,,,1700000,2232799,2200000,2889505,76.13760371,"[{""adm2_code"":28883,""adm2_name"":""Los Angeles""},{""adm2_code"":28897,""adm2_name"":""Riverside""},{""adm2_code"":28901,""adm2_name"":""San Diego""},{""adm2_code"":28906,""adm2_name"":""Santa Barbara""},{""adm2_code"":28920,""adm2_name"":""Ventura""}]","[{""gid_2"":""USA.5.19_1"",""migration_date"":""2025-12-20"",""migration_method"":""jaccard2"",""name_2"":""Los Angeles""},{""gid_2"":""USA.5.33_1"",""migration_date"":""2025-12-20"",""migration_method"":""jaccard2"",""name_2"":""Riverside""},{""gid_2"":""USA.5.37_1"",""migration_date"":""2025-12-20"",""migration_method"":""jaccard2"",""name_2"":""San Diego""},{""gid_2"":""USA.5.42_1"",""migration_date"":""2025-12-20"",""migration_method"":""jaccard2"",""name_2"":""Santa Barbara""},{""gid_2"":""USA.5.56_1"",""migration_date"":""2025-12-20"",""migration_method"":""jaccard2"",""name_2"":""Ventura""}]",2017-12-07,2025-12-20
2018-0223-GRC,No,nat-cli-wil-for,Natural,Climatological,Wildfire,Forest fire,GLIDE:WF-2018-000123,,GRC,Greece,Southern Europe,Europe,"Neos Voutzas, Agia Marina, , Kikkino Limanaki, Mati and Rafina (Surrounding Athena)",,Heat wave,No,No,Yes,,,Km2,,,,2018,7,23,2018,7,24,100,600,4118,,4718,,,,,,,77.99726519,"[{""adm1_code"":1337,""adm1_name"":""Attiki""}]","[{""gid_1"":""GRC.3_1"",""migration_date"":""2025-12-20"",""migration_method"":""jaccard1"",""name_1"":""Attica""}]",2018-07-24,2025-12-20
2018-0258-USA,No,nat-cli-wil-for,Natural,Climatological,Wildfire,Forest fire,,Carr and Mendocino Complex fires,USA,United States of America,Northern America,Americas,"Shasta, Trinity, Mendocino, Lake, Colusa, and Glenn counties (California)",,Pollution,No,No,No,,,Km2,,,,2018,7,27,2018,8,31,14,,,3237,3237,,,,,1000000,1282096,77.99726519,"[{""adm2_code"":28870,""adm2_name"":""Colusa""},{""adm2_code"":28875,""adm2_name"":""Glenn""},{""adm2_code"":28881,""adm2_name"":""Lake""},{""adm2_code"":28887,""adm2_name"":""Mendocino""},{""adm2_code"":28909,""adm2_name"":""Shasta""},{""adm2_code"":28917,""adm2_name"":""Trinity""}]","[{""gid_2"":""USA.5.11_1"",""migration_date"":""2025-12-20"",""migration_method"":""jaccard2"",""name_2"":""Glenn""},{""gid_2"":""USA.5.17_1"",""migration_date"":""2025-12-20"",""migration_method"":""jaccard2"",""name_2"":""Lake""},{""gid_2"":""USA.5.23_1"",""migration_date"":""2025-12-20"",""migration_method"":""jaccard2"",""name_2"":""Mendocino""},{""gid_2"":""USA.5.45_1"",""migration_date"":""2025-12-20"",""migration_method"":""jaccard2"",""name_2"":""Shasta""},{""gid_2"":""USA.5.53_1"",""migration_date"":""2025-12-20"",""migration_method"":""jaccard2"",""name_2"":""Trinity""},{""gid_2"":""USA.5.6_1"",""migration_date"":""2025-12-20"",""migration_method"":""jaccard2"",""name_2"":""Colusa""}]",2018-08-08,2025-12-20
2019-0134-CHN,No,nat-cli-wil-for,Natural,Climatological,Wildfire,Forest fire,,,CHN,China,Eastern Asia,Asia,Liangshan (Sichan province),,,No,No,No,,,Km2,,,,2019,4,1,2019,4,1,30,,,,,,,,,,,79.4107846,"[{""adm2_code"":13272,""adm2_name"":""Liangshan Yi""}]","[{""gid_2"":""CHN.26.9_1"",""migration_date"":""2025-12-20"",""migration_method"":""jaccard2"",""name_2"":""Liangshan Yi""}]",2019-04-01,2025-12-20
2019-0378-RUS,No,nat-cli-wil-for,Natural,Climatological,Wildfire,Forest fire,,,RUS,Russian Federation,Eastern Europe,Europe,"Yakoutia (aka Sakha Rep.), Krasnoïarsk, Irkoutsk (Siberia)",,,No,No,No,,,Km2,,,,2019,7,,2019,8,,,,,,,,,,,106000,133483,79.4107846,"[{""adm1_code"":2506,""adm1_name"":""Irkutskaya Oblast""},{""adm1_code"":2525,""adm1_name"":""Krasnoyarskiy Kray""},{""adm1_code"":2551,""adm1_name"":""Sakha Rep.""}]","[{""gid_1"":""RUS.18_1"",""migration_date"":""2025-12-20"",""migration_method"":""jaccard1"",""name_1"":""Irkutsk""},{""gid_1"":""RUS.60_1"",""migration_date"":""2025-12-20"",""migration_method"":""jaccard1"",""name_1"":""Sakha""},{""gid_2"":""RUS.35.10_1"",""migration_date"":""2025-12-20"",""migration_method"":""puzzle1_2"",""name_2"":""Bol'shemurtinskiy rayon""},{""gid_2"":""RUS.35.11_1"",""migration_date"":""2025-12-20"",""migration_method"":""puzzle1_2"",""name_2"":""Bol'sheuluyskiy rayon""},{""gid_2"":""RUS.35.12_1"",""migration_date"":""2025-12-20"",""migration_method"":""puzzle1_2"",""name_2"":""Borodino""},{""gid_2"":""RUS.35.14_1"",""migration_date"":""2025-12-20"",""migration_method"":""puzzle1_2"",""name_2"":""Divnogorsk""},{""gid_2"":""RUS.35.16_1"",""migration_date"":""2025-12-20"",""migration_method"":""puzzle1_2"",""name_2"":""Dzerzhinskiy rayon""},{""gid_2"":""RUS.35.17_1"",""migration_date"":""2025-12-20"",""migration_method"":""puzzle1_2"",""name_2"":""Emel'yanovskiy rayon""},{""gid_2"":""RUS.35.18_1"",""migration_date"":""2025-12-20"",""migration_method"":""puzzle1_2"",""name_2"":""Eniseyskiy rayon""},{""gid_2"":""RUS.35.19_1"",""migration_date"":""2025-12-20"",""migration_method"":""puzzle1_2"",""name_2"":""Ermakovskiy rayon""},{""gid_2"":""RUS.35.1_1"",""migration_date"":""2025-12-20"",""migration_method"":""puzzle1_2"",""name_2"":""Abanskiy rayon""},{""gid_2"":""RUS.35.20_1"",""migration_date"":""2025-12-20"",""migration_method"":""puzzle1_2"",""name_2"":""Idrinskiy rayon""},{""gid_2"":""RUS.35.21_1"",""migration_date"":""2025-12-20"",""migration_method"":""puzzle1_2"",""name_2"":""Igarka gorsovet""},{""gid_2"":""RUS.35.22_1"",""migration_date"":""2025-12-20"",""migration_method"":""puzzle1_2"",""name_2"":""Ilanskiy rayon""},{""gid_2"":""RUS.35.24_1"",""migration_date"":""2025-12-20"",""migration_method"":""puzzle1_2"",""name_2"":""Irbeyskiy rayon""},{""gid_2"":""RUS.35.25_1"",""migration_date"":""2025-12-20"",""migration_method"":""puzzle1_2"",""name_2"":""Kansk""},{""gid_2"":""RUS.35.26_1"",""migration_date"":""2025-12-20"",""migration_method"":""puzzle1_2"",""name_2"":""Kanskiy rayon""},{""gid_2"":""RUS.35.27_1"",""migration_date"":""2025-12-20"",""migration_method"":""puzzle1_2"",""name_2"":""Karatuzskiy rayon""},{""gid_2"":""RUS.35.28_1"",""migration_date"":""2025-12-20"",""migration_method"":""puzzle1_2"",""name_2"":""Kazachinskiy rayon""},{""gid_2"":""RUS.35.29_1"",""migration_date"":""2025-12-20"",""migration_method"":""puzzle1_2"",""name_2"":""Kezhemskiy rayon""},{""gid_2"":""RUS.35.2_1"",""migration_date"":""2025-12-20"",""migration_method"":""puzzle1_2"",""name_2"":""Achinskiy rayon""},{""gid_2"":""RUS.35.31_1"",""migration_date"":""2025-12-20"",""migration_method"":""puzzle1_2"",""name_2"":""Kozul'skiy rayon""},{""gid_2"":""RUS.35.32_1"",""migration_date"":""2025-12-20"",""migration_method"":""puzzle1_2"",""name_2"":""Krasnoturanskiy rayon""},{""gid_2"":""RUS.35.33_1"",""migration_date"":""2025-12-20"",""migration_method"":""puzzle1_2"",""name_2"":""Krasnoyarsk""},{""gid_2"":""RUS.35.34_1"",""migration_date"":""2025-12-20"",""migration_method"":""puzzle1_2"",""name_2"":""Kuraginskiy rayon""},{""gid_2"":""RUS.35.35_1"",""migration_date"":""2025-12-20"",""migration_method"":""puzzle1_2"",""name_2"":""Manskiy rayon""},{""gid_2"":""RUS.35.36_1"",""migration_date"":""2025-12-20"",""migration_method"":""puzzle1_2"",""name_2"":""Minusinsk""},{""gid_2"":""RUS.35.37_1"",""migration_date"":""2025-12-20"",""migration_method"":""puzzle1_2"",""name_2"":""Minusinskiy rayon""},{""gid_2"":""RUS.35.38_1"",""migration_date"":""2025-12-20"",""migration_method"":""puzzle1_2"",""name_2"":""Motyginskiy rayon""},{""gid_2"":""RUS.35.39_1"",""migration_date"":""2025-12-20"",""migration_method"":""puzzle1_2"",""name_2"":""Nazarovskiy rayon""},{""gid_2"":""RUS.35.3_1"",""migration_date"":""2025-12-20"",""migration_method"":""puzzle1_2"",""name_2"":""Balakhtinskiy rayon""},{""gid_2"":""RUS.35.40_1"",""migration_date"":""2025-12-20"",""migration_method"":""puzzle1_2"",""name_2"":""Nizhneingashskiy rayon""},{""gid_2"":""RUS.35.41_1"",""migration_date"":""2025-12-20"",""migration_method"":""puzzle1_2"",""name_2"":""Novoselovskiy rayon""},{""gid_2"":""RUS.35.42_1"",""migration_date"":""2025-12-20"",""migration_method"":""puzzle1_2"",""name_2"":""Partizanskiy rayon""},{""gid_2"":""RUS.35.43_1"",""migration_date"":""2025-12-20"",""migration_method"":""puzzle1_2"",""name_2"":""Pirovskiy rayon""},{""gid_2"":""RUS.35.44_1"",""migration_date"":""2025-12-20"",""migration_method"":""puzzle1_2"",""name_2"":""Rybinskiy rayon""},{""gid_2"":""RUS.35.45_1"",""migration_date"":""2025-12-20"",""migration_method"":""puzzle1_2"",""name_2"":""Sayanskiy rayon""},{""gid_2"":""RUS.35.46_1"",""migration_date"":""2025-12-20"",""migration_method"":""puzzle1_2"",""name_2"":""Severo-Eniseyskiy rayon""},{""gid_2"":""RUS.35.47_1"",""migration_date"":""2025-12-20"",""migration_method"":""puzzle1_2"",""name_2"":""Sharypovskiy rayon""},{""gid_2"":""RUS.35.48_1"",""migration_date"":""2025-12-20"",""migration_method"":""puzzle1_2"",""name_2"":""Shushenskiy rayon""},{""gid_2"":""RUS.35.49_1"",""migration_date"":""2025-12-20"",""migration_method"":""puzzle1_2"",""name_2"":""Sosnovoborsk""},{""gid_2"":""RUS.35.50_1"",""migration_date"":""2025-12-20"",""migration_method"":""puzzle1_2"",""name_2"":""Sukhobuzimskiy rayon""},{""gid_2"":""RUS.35.51_1"",""migration_date"":""2025-12-20"",""migration_method"":""puzzle1_2"",""name_2"":""Taseevskiy rayon""},{""gid_2"":""RUS.35.53_1"",""migration_date"":""2025-12-20"",""migration_method"":""puzzle1_2"",""name_2"":""Turukhanskiy rayon""},{""gid_2"":""RUS.35.54_1"",""migration_date"":""2025-12-20"",""migration_method"":""puzzle1_2"",""name_2"":""Tyukhtetskiy rayon""},{""gid_2"":""RUS.35.56_1"",""migration_date"":""2025-12-20"",""migration_method"":""puzzle1_2"",""name_2"":""Uyarskiy rayon""},{""gid_2"":""RUS.35.57_1"",""migration_date"":""2025-12-20"",""migration_method"":""puzzle1_2"",""name_2"":""Uzhurskiy rayon""},{""gid_2"":""RUS.35.58_1"",""migration_date"":""2025-12-20"",""migration_method"":""puzzle1_2"",""name_2"":""Zaozyorny""},{""gid_2"":""RUS.35.5_1"",""migration_date"":""2025-12-20"",""migration_method"":""puzzle1_2"",""name_2"":""Berezovskiy rayon""},{""gid_2"":""RUS.35.6_1"",""migration_date"":""2025-12-20"",""migration_method"":""puzzle1_2"",""name_2"":""Birilyusskiy rayon""},{""gid_2"":""RUS.35.7_1"",""migration_date"":""2025-12-20"",""migration_method"":""puzzle1_2"",""name_2"":""Bogotol""},{""gid_2"":""RUS.35.8_1"",""migration_date"":""2025-12-20"",""migration_method"":""puzzle1_2"",""name_2"":""Bogotol'skiy rayon""},{""gid_2"":""RUS.35.9_1"",""migration_date"":""2025-12-20"",""migration_method"":""puzzle1_2"",""name_2"":""Boguchanskiy rayon""}]",2019-08-05,2025-12-20
2019-0428-PRY,No,nat-cli-wil-for,Natural,Climatological,Wildfire,Forest fire,,,PRY,Paraguay,Latin America and the Caribbean,Americas,"Alto Paraguay, Amambay, Caazapá, Canindeyú, Concepción, Presidente Hayes, San Pedro departments",Lack of rain—compounded by strong winds and the use of slash-and-burn agricultural techniques,,Yes,No,No,,,Km2,,,,2019,1,,2019,9,,,,4000,,4000,,,,,,,79.4107846,"[{""adm1_code"":2311,""adm1_name"":""Alto Paraguay""},{""adm1_code"":2313,""adm1_name"":""Amambay""},{""adm1_code"":2316,""adm1_name"":""Caazapa""},{""adm1_code"":2317,""adm1_name"":""Canindeyu""},{""adm1_code"":2319,""adm1_name"":""Concepcion""},{""adm1_code"":2326,""adm1_name"":""Presidente Hayes""},{""adm1_code"":2327,""adm1_name"":""San Pedro""}]","[{""gid_1"":""PRY.10_1"",""migration_date"":""2025-12-20"",""migration_method"":""jaccard1"",""name_1"":""Concepción""},{""gid_1"":""PRY.17_1"",""migration_date"":""2025-12-20"",""migration_method"":""jaccard1"",""name_1"":""Presidente Hayes""},{""gid_1"":""PRY.18_1"",""migration_date"":""2025-12-20"",""migration_method"":""jaccard1"",""name_1"":""San Pedro""},{""gid_1"":""PRY.1_1"",""migration_date"":""2025-12-20"",""migration_method"":""jaccard1"",""name_1"":""Alto Paraguay""},{""gid_1"":""PRY.3_1"",""migration_date"":""2025-12-20"",""migration_method"":""jaccard1"",""name_1"":""Amambay""},{""gid_1"":""PRY.7_1"",""migration_date"":""2025-12-20"",""migration_method"":""jaccard1"",""name_1"":""Caazapá""},{""gid_1"":""PRY.8_1"",""migration_date"":""2025-12-20"",""migration_method"":""jaccard1"",""name_1"":""Canindeyú""}]",2019-10-01,2025-12-20
2019-0545-AUS,No,nat-cli-wil-lan,Natural,Climatological,Wildfire,"Land fire (Brush, Bush, Pasture)",GLIDE:WF-2019-000183,Currowan,AUS,Australia,Australia and New Zealand,Oceania,"New South Wales, Queensland; Victoria; South Australia, Western Australia",High temperatures and dry conditions,Heat wave|Pollution,No,No,Yes,,169967,Km2,,,,2019,9,1,2020,2,,32,24,1959,6900,8883,,,,,2000000,2518550,79.4107846,"[{""adm1_code"":470,""adm1_name"":""New South Wales""},{""adm1_code"":473,""adm1_name"":""Queensland""},{""adm1_code"":474,""adm1_name"":""South Australia""},{""adm1_code"":476,""adm1_name"":""Victoria""},{""adm1_code"":477,""adm1_name"":""Western Australia""}]","[{""gid_1"":""AUS.10_1"",""migration_date"":""2025-12-20"",""migration_method"":""jaccard1"",""name_1"":""Victoria""},{""gid_1"":""AUS.11_1"",""migration_date"":""2025-12-20"",""migration_method"":""jaccard1"",""name_1"":""Western Australia""},{""gid_1"":""AUS.5_1"",""migration_date"":""2025-12-20"",""migration_method"":""jaccard1"",""name_1"":""New South Wales""},{""gid_1"":""AUS.7_1"",""migration_date"":""2025-12-20"",""migration_method"":""jaccard1"",""name_1"":""Queensland""},{""gid_1"":""AUS.8_1"",""migration_date"":""2025-12-20"",""migration_method"":""jaccard1"",""name_1"":""South Australia""}]",2019-11-19,2025-12-20